[2026-05-19 10:16:48] local.INFO: User 1 () logged in from  {"user_id":1,"ip_address":null,"device":"desktop"} 
[2026-05-19 10:29:20] local.INFO: checkDuplicate API Called {"fileno":"AG-2026-9","type":"Deed of Surrender and Release","date":"2026-05-19","prop_id":null,"party_1":null,"party_2":null,"op_serial":null,"reg_no":null} 
[2026-05-19 10:35:31] local.INFO: Debug File Mismatch: {"file_number":"AG-2023-32","normalized_file_number":"AG202332","grouping_awaiting":"AG-2023-32","normalized_grouping_awaiting":"AG202332","submitted_registry":"2","prefix_aware_match":true,"has_related_selection":false,"related_files":[]} 
[2026-05-19 10:35:31] local.INFO: FileIndexing::store - Post-Validation Debug {"keys":["file_number","file_title","land_use_type","plot_number","tp_no","lpkn_no","location","district","registry","physical_registry","general_registry","registry_batch_no","lga","has_cofo","has_transaction","is_problematic","is_co_owned_plot","shelf_label_id","is_merged","serial_no","batch_no","shelf_location","tracking_id","main_application_id","subapplication_id","test_control","street_name","file_type","dob","nin","tin","rc_no","country_code","phone","residence_address","dciv_reason","current_holder","original_holder","sub_prefix","suffix","indexing_type","has_rofo","rofo_instrument_type","rofo_date","rofo_number","rofo_file_number","rofo_land_use","rofo_grantor","rofo_grantee","has_temp_file","temp_file_no","kangis_fileno_placeholder","group_no","sys_batch_no","created_by","updated_by","workflow_status"],"related_fileno_exists":false,"related_fileno_value":"NOT SET","related_fileno_type":"NULL"} 
[2026-05-19 10:35:31] local.INFO: FileIndexing::store - validated payload {"registry":"2","tp_no":["491"],"location":["PLOT 570, ABBAS ROAD, DAN DINSHE KOFAR DAWANNAU, WARAWA"],"raw_request_file_number":"AG-2023-32","raw_request_temp_file_no":null,"resolved_has_temp_file":true,"resolved_temp_file_no":"AG-2023-32(T)","payload":{"file_number":"AG-2023-32","file_title":["International Security Developer"],"land_use_type":["COMMERCIAL AND RESIDENTIAL"],"plot_number":["570"],"tp_no":["491"],"lpkn_no":["452"],"location":["PLOT 570, ABBAS ROAD, DAN DINSHE KOFAR DAWANNAU, WARAWA"],"district":"Dan Dinshe Kofar Dawannau","registry":"2","physical_registry":"Registry 1 - Land","general_registry":"Lands Registry","registry_batch_no":"13301","lga":"Warawa","has_cofo":true,"has_transaction":false,"is_problematic":false,"is_co_owned_plot":false,"shelf_label_id":null,"is_merged":false,"serial_no":null,"batch_no":null,"shelf_location":null,"tracking_id":"TRK-0V5IGDH9-MIBNC","main_application_id":null,"subapplication_id":null,"test_control":"PRO1.2","street_name":"ABBAS ROAD","file_type":"Multiple","dob":["2027-01-05"],"nin":["Cedo abbas sp"],"tin":["210"],"rc_no":[null],"country_code":"+234","phone":["144-921-9864"],"residence_address":["381 Markus Terrace"],"dciv_reason":null,"current_holder":"International Security Developer","original_holder":"Torqueo sufficio","sub_prefix":null,"suffix":null,"indexing_type":"Regular","has_rofo":false,"rofo_instrument_type":"Right of Occupancy","rofo_date":null,"rofo_number":null,"rofo_file_number":null,"rofo_land_use":null,"rofo_grantor":"KANO STATE GOVERNMENT","rofo_grantee":null,"has_temp_file":true,"temp_file_no":"AG-2023-32(T)","kangis_fileno_placeholder":null,"group_no":"13301","sys_batch_no":"17701","created_by":"Klaes Admin","updated_by":"Klaes Admin","workflow_status":"indexed"},"user_id":1} 
[2026-05-19 10:35:32] local.INFO: FileIndexing::store - grouping sync complete {"grouping_id":1770032,"updates":{"tracking_id":"TRK-0V5IGDH9-MIBNC","indexing_mapping":1,"indexing_mls_fileno":"AG-2023-32","mdc_batch_no":null,"test_control":"PRO1.2"}} 
[2026-05-19 10:35:32] local.INFO: FileIndexing::syncFileNumberTracking - debug {"file_number":"AG-2023-32","source_file_id":null,"has_temp_file_in_extra":true,"temp_file_no_in_extra":"AG-2023-32(T)","has_temp_in_updateData":1,"temp_no_in_updateData":"AG-2023-32(T)"} 
[2026-05-19 10:35:32] local.INFO: FileIndexing::syncFileNumberTracking - variants {"variants":["AG-2023-32","AG202332","AG_2023_32","AG/2023/32","AG 2023 32"],"temp_variants":["AG-2023-32(T)"]} 
[2026-05-19 10:35:33] local.INFO: FileIndexing::store - fileNumber tracking sync complete {"source_file_id":null,"file_number":"AG-2023-32","tracking_id":"TRK-0V5IGDH9-MIBNC","rows_updated":1} 
[2026-05-19 10:35:34] local.INFO: FileIndexing::store - saved record {"id":120503,"tp_no_saved":"491","location_saved":"PLOT 570, ABBAS ROAD, DAN DINSHE KOFAR DAWANNAU, WARAWA","plot_number_saved":"570","tracking_id":"TRK-0V5IGDH9-MIBNC"} 
[2026-05-19 11:27:26] local.INFO: Checking existing property records for file number: RES-2004-812  
[2026-05-19 11:27:26] local.INFO: Built variants for file number search: ["RES-2004-812","RES-2004-0812","RES2004812","RES_2004_812","RES/2004/812","RES 2004 812"] 
[2026-05-19 11:27:27] local.INFO: Found property records: 0 (FH), 1 (COFO), 2 (PRA), 0 (Deeds)  
[2026-05-19 11:28:28] local.INFO: === Property Record from File Indexing START ===  
[2026-05-19 11:28:28] local.INFO: Request Data: {"file_number":"RES-2004-812","temp_fileno":null,"file_title":"DDDDod essage","plot_no":"263","tp_no":"TP/KN/UC/DKD/14","lpkn_no":null,"lga":"Tofa","district":"Other","property_description":"Other, Tofa","test_control":null,"transactions":[{"record_id":"82966","transaction_type":"Certificate of Occupancy","instrument_type":"Certificate of Occupancy","op_type":null,"transaction_date":"2026-04-30","op_serial_number":null,"serial_no":"62","page_no":"62","volume_no":"401","reg_date":"2026-04-30","reg_time":"09:00","land_use":null,"period":null,"period_unit":"Years","comments":null,"first_party":"KANO STATE GOVERNMENT","second_party":"Brakus Group","co_first_party":null,"third_party":null,"mortgagor_3":null,"party_4":null,"party_5":null},{"record_id":"106291","transaction_type":"Right of Occupancy","instrument_type":"Right of Occupancy","op_type":null,"transaction_date":null,"op_serial_number":null,"serial_no":"0","page_no":"0","volume_no":"0","reg_date":"2026-05-19","reg_time":"09:00","land_use":"Residential","period":null,"period_unit":"Years","comments":null,"first_party":"KANO STATE GOVERNMENT","second_party":"AMINU MAIGARI","co_first_party":null,"third_party":null,"mortgagor_3":null,"party_4":null,"party_5":null},{"record_id":"139255","transaction_type":"Transfer Of Title (OP)","instrument_type":"Transfer Of Title (OP)","op_type":"OP Resettlement","transaction_date":null,"op_serial_number":"4","serial_no":"0","page_no":"0","volume_no":"0","reg_date":"2026-05-19","reg_time":"09:00","land_use":"RES","period":null,"period_unit":"Years","comments":null,"first_party":"Unknown","second_party":"DDDDod essage","co_first_party":null,"third_party":null,"mortgagor_3":null,"party_4":null,"party_5":null}]} 
[2026-05-19 11:28:28] local.ERROR: Validation Failed: {"errors":{"transactions.1.transaction_date":["The transactions.1.transaction_date field is required."],"transactions.2.transaction_date":["The transactions.2.transaction_date field is required."]},"input":{"file_number":"RES-2004-812","temp_fileno":null,"file_title":"DDDDod essage","plot_no":"263","tp_no":"TP/KN/UC/DKD/14","lpkn_no":null,"lga":"Tofa","district":"Other","property_description":"Other, Tofa","test_control":null,"transactions":[{"record_id":"82966","transaction_type":"Certificate of Occupancy","instrument_type":"Certificate of Occupancy","op_type":null,"transaction_date":"2026-04-30","op_serial_number":null,"serial_no":"62","page_no":"62","volume_no":"401","reg_date":"2026-04-30","reg_time":"09:00","land_use":null,"period":null,"period_unit":"Years","comments":null,"first_party":"KANO STATE GOVERNMENT","second_party":"Brakus Group","co_first_party":null,"third_party":null,"mortgagor_3":null,"party_4":null,"party_5":null},{"record_id":"106291","transaction_type":"Right of Occupancy","instrument_type":"Right of Occupancy","op_type":null,"transaction_date":null,"op_serial_number":null,"serial_no":"0","page_no":"0","volume_no":"0","reg_date":"2026-05-19","reg_time":"09:00","land_use":"Residential","period":null,"period_unit":"Years","comments":null,"first_party":"KANO STATE GOVERNMENT","second_party":"AMINU MAIGARI","co_first_party":null,"third_party":null,"mortgagor_3":null,"party_4":null,"party_5":null},{"record_id":"139255","transaction_type":"Transfer Of Title (OP)","instrument_type":"Transfer Of Title (OP)","op_type":"OP Resettlement","transaction_date":null,"op_serial_number":"4","serial_no":"0","page_no":"0","volume_no":"0","reg_date":"2026-05-19","reg_time":"09:00","land_use":"RES","period":null,"period_unit":"Years","comments":null,"first_party":"Unknown","second_party":"DDDDod essage","co_first_party":null,"third_party":null,"mortgagor_3":null,"party_4":null,"party_5":null}]}} 
[2026-05-19 11:36:55] local.INFO: Print Label page accessed {"user_id":1,"st_filter":true} 
[2026-05-19 11:37:07] local.ERROR: Error fetching statistics {"error":"Call to undefined method App\\Models\\FileIndexing::motherApplication()","user_id":1} 
[2026-05-19 11:40:20] local.INFO: User 1 () logged in from  {"user_id":1,"ip_address":null,"device":"desktop"} 
[2026-05-19 11:40:58] local.INFO: Checking existing property records for file number: RES-2004-812  
[2026-05-19 11:40:58] local.INFO: Built variants for file number search: ["RES-2004-812","RES-2004-0812","RES2004812","RES_2004_812","RES/2004/812","RES 2004 812"] 
[2026-05-19 11:40:58] local.INFO: Found property records: 0 (FH), 1 (COFO), 1 (PRA), 0 (Deeds)  
[2026-05-19 11:45:05] local.ERROR: Unexpected end of input {"exception":"[object] (InvalidArgumentException(code: 0): Unexpected end of input at C:\\wamp64\\www\\klaes\\vendor\\psy\\psysh\\src\\Shell.php:899)
[stacktrace]
#0 C:\\wamp64\\www\\klaes\\vendor\\psy\\psysh\\src\\Shell.php(1343): Psy\\Shell->setCode('echo json_encod...', true)
#1 C:\\wamp64\\www\\klaes\\vendor\\laravel\\tinker\\src\\Console\\TinkerCommand.php(76): Psy\\Shell->execute('echo json_encod...')
#2 C:\\wamp64\\www\\klaes\\vendor\\laravel\\framework\\src\\Illuminate\\Container\\BoundMethod.php(36): Laravel\\Tinker\\Console\\TinkerCommand->handle()
#3 C:\\wamp64\\www\\klaes\\vendor\\laravel\\framework\\src\\Illuminate\\Container\\Util.php(41): Illuminate\\Container\\BoundMethod::Illuminate\\Container\\{closure}()
#4 C:\\wamp64\\www\\klaes\\vendor\\laravel\\framework\\src\\Illuminate\\Container\\BoundMethod.php(93): Illuminate\\Container\\Util::unwrapIfClosure(Object(Closure))
#5 C:\\wamp64\\www\\klaes\\vendor\\laravel\\framework\\src\\Illuminate\\Container\\BoundMethod.php(35): Illuminate\\Container\\BoundMethod::callBoundMethod(Object(Illuminate\\Foundation\\Application), Array, Object(Closure))
#6 C:\\wamp64\\www\\klaes\\vendor\\laravel\\framework\\src\\Illuminate\\Container\\Container.php(661): Illuminate\\Container\\BoundMethod::call(Object(Illuminate\\Foundation\\Application), Array, Array, NULL)
#7 C:\\wamp64\\www\\klaes\\vendor\\laravel\\framework\\src\\Illuminate\\Console\\Command.php(183): Illuminate\\Container\\Container->call(Array)
#8 C:\\wamp64\\www\\klaes\\vendor\\symfony\\console\\Command\\Command.php(326): Illuminate\\Console\\Command->execute(Object(Symfony\\Component\\Console\\Input\\ArgvInput), Object(Illuminate\\Console\\OutputStyle))
#9 C:\\wamp64\\www\\klaes\\vendor\\laravel\\framework\\src\\Illuminate\\Console\\Command.php(152): Symfony\\Component\\Console\\Command\\Command->run(Object(Symfony\\Component\\Console\\Input\\ArgvInput), Object(Illuminate\\Console\\OutputStyle))
#10 C:\\wamp64\\www\\klaes\\vendor\\symfony\\console\\Application.php(1063): Illuminate\\Console\\Command->run(Object(Symfony\\Component\\Console\\Input\\ArgvInput), Object(Symfony\\Component\\Console\\Output\\ConsoleOutput))
#11 C:\\wamp64\\www\\klaes\\vendor\\symfony\\console\\Application.php(320): Symfony\\Component\\Console\\Application->doRunCommand(Object(Laravel\\Tinker\\Console\\TinkerCommand), Object(Symfony\\Component\\Console\\Input\\ArgvInput), Object(Symfony\\Component\\Console\\Output\\ConsoleOutput))
#12 C:\\wamp64\\www\\klaes\\vendor\\symfony\\console\\Application.php(174): Symfony\\Component\\Console\\Application->doRun(Object(Symfony\\Component\\Console\\Input\\ArgvInput), Object(Symfony\\Component\\Console\\Output\\ConsoleOutput))
#13 C:\\wamp64\\www\\klaes\\vendor\\laravel\\framework\\src\\Illuminate\\Console\\Application.php(102): Symfony\\Component\\Console\\Application->run(Object(Symfony\\Component\\Console\\Input\\ArgvInput), Object(Symfony\\Component\\Console\\Output\\ConsoleOutput))
#14 C:\\wamp64\\www\\klaes\\vendor\\laravel\\framework\\src\\Illuminate\\Foundation\\Console\\Kernel.php(155): Illuminate\\Console\\Application->run(Object(Symfony\\Component\\Console\\Input\\ArgvInput), Object(Symfony\\Component\\Console\\Output\\ConsoleOutput))
#15 C:\\wamp64\\www\\klaes\\artisan(35): Illuminate\\Foundation\\Console\\Kernel->handle(Object(Symfony\\Component\\Console\\Input\\ArgvInput), Object(Symfony\\Component\\Console\\Output\\ConsoleOutput))
#16 {main}
"} 
[2026-05-19 11:56:53] local.INFO: Checking existing property records for file number: RES-2004-812  
[2026-05-19 11:56:53] local.INFO: Built variants for file number search: ["RES-2004-812","RES-2004-0812","RES2004812","RES_2004_812","RES/2004/812","RES 2004 812"] 
[2026-05-19 11:56:53] local.INFO: Found property records: 0 (FH), 1 (COFO), 1 (PRA), 0 (Deeds)  
[2026-05-19 11:57:34] local.INFO: Checking existing property records for file number: CON-COM-2026-267  
[2026-05-19 11:57:34] local.INFO: Built variants for file number search: ["CON-COM-2026-267","CONCOM-2026-267","CON-COM-2026-0267","CONCOM-2026-0267","CONCOM2026267","CON_COM_2026_267","CON/COM/2026/267","CON COM 2026 267"] 
[2026-05-19 11:57:35] local.INFO: Found property records: 0 (FH), 0 (COFO), 0 (PRA), 0 (Deeds)  
[2026-05-19 12:07:11] local.INFO: User 1 () logged in from  {"user_id":1,"ip_address":null,"device":"desktop"} 
[2026-05-19 12:11:12] local.INFO: Audit logged {"user_id":1,"action":"CREATED","resource_type":"ValuationCompensation","resource_id":23,"description":"Created valuation for ROXANNE91"} 
[2026-05-19 12:36:48] local.ERROR: SQLSTATE[22018]: [Microsoft][ODBC Driver 17 for SQL Server][SQL Server]Conversion failed when converting the nvarchar value 'Instrument Type' to data type int. (SQL: select * from [pra] where [prop_id] = 69584788) {"exception":"[object] (Illuminate\\Database\\QueryException(code: 22018): SQLSTATE[22018]: [Microsoft][ODBC Driver 17 for SQL Server][SQL Server]Conversion failed when converting the nvarchar value 'Instrument Type' to data type int. (SQL: select * from [pra] where [prop_id] = 69584788) at C:\\wamp64\\www\\klaes\\vendor\\laravel\\framework\\src\\Illuminate\\Database\\Connection.php:760)
[stacktrace]
#0 C:\\wamp64\\www\\klaes\\vendor\\laravel\\framework\\src\\Illuminate\\Database\\Connection.php(720): Illuminate\\Database\\Connection->runQueryCallback('select * from [...', Array, Object(Closure))
#1 C:\\wamp64\\www\\klaes\\vendor\\laravel\\framework\\src\\Illuminate\\Database\\Connection.php(405): Illuminate\\Database\\Connection->run('select * from [...', Array, Object(Closure))
#2 C:\\wamp64\\www\\klaes\\vendor\\laravel\\framework\\src\\Illuminate\\Database\\Query\\Builder.php(2705): Illuminate\\Database\\Connection->select('select * from [...', Array, true)
#3 C:\\wamp64\\www\\klaes\\vendor\\laravel\\framework\\src\\Illuminate\\Database\\Query\\Builder.php(2694): Illuminate\\Database\\Query\\Builder->runSelect()
#4 C:\\wamp64\\www\\klaes\\vendor\\laravel\\framework\\src\\Illuminate\\Database\\Query\\Builder.php(3230): Illuminate\\Database\\Query\\Builder->Illuminate\\Database\\Query\\{closure}()
#5 C:\\wamp64\\www\\klaes\\vendor\\laravel\\framework\\src\\Illuminate\\Database\\Query\\Builder.php(2693): Illuminate\\Database\\Query\\Builder->onceWithColumns(Array, Object(Closure))
#6 C:\\Users\\admin\\.gemini\\antigravity\\brain\\e53399ba-0881-4f93-82a5-bbb2e22dea34\\scratch\\inspect_pra.php(17): Illuminate\\Database\\Query\\Builder->get()
#7 {main}

[previous exception] [object] (PDOException(code: 22018): SQLSTATE[22018]: [Microsoft][ODBC Driver 17 for SQL Server][SQL Server]Conversion failed when converting the nvarchar value 'Instrument Type' to data type int. at C:\\wamp64\\www\\klaes\\vendor\\laravel\\framework\\src\\Illuminate\\Database\\Connection.php:419)
[stacktrace]
#0 C:\\wamp64\\www\\klaes\\vendor\\laravel\\framework\\src\\Illuminate\\Database\\Connection.php(419): PDOStatement->execute()
#1 C:\\wamp64\\www\\klaes\\vendor\\laravel\\framework\\src\\Illuminate\\Database\\Connection.php(753): Illuminate\\Database\\Connection->Illuminate\\Database\\{closure}('select * from [...', Array)
#2 C:\\wamp64\\www\\klaes\\vendor\\laravel\\framework\\src\\Illuminate\\Database\\Connection.php(720): Illuminate\\Database\\Connection->runQueryCallback('select * from [...', Array, Object(Closure))
#3 C:\\wamp64\\www\\klaes\\vendor\\laravel\\framework\\src\\Illuminate\\Database\\Connection.php(405): Illuminate\\Database\\Connection->run('select * from [...', Array, Object(Closure))
#4 C:\\wamp64\\www\\klaes\\vendor\\laravel\\framework\\src\\Illuminate\\Database\\Query\\Builder.php(2705): Illuminate\\Database\\Connection->select('select * from [...', Array, true)
#5 C:\\wamp64\\www\\klaes\\vendor\\laravel\\framework\\src\\Illuminate\\Database\\Query\\Builder.php(2694): Illuminate\\Database\\Query\\Builder->runSelect()
#6 C:\\wamp64\\www\\klaes\\vendor\\laravel\\framework\\src\\Illuminate\\Database\\Query\\Builder.php(3230): Illuminate\\Database\\Query\\Builder->Illuminate\\Database\\Query\\{closure}()
#7 C:\\wamp64\\www\\klaes\\vendor\\laravel\\framework\\src\\Illuminate\\Database\\Query\\Builder.php(2693): Illuminate\\Database\\Query\\Builder->onceWithColumns(Array, Object(Closure))
#8 C:\\Users\\admin\\.gemini\\antigravity\\brain\\e53399ba-0881-4f93-82a5-bbb2e22dea34\\scratch\\inspect_pra.php(17): Illuminate\\Database\\Query\\Builder->get()
#9 {main}
"} 
[2026-05-19 12:38:45] local.ERROR: SQLSTATE[42S22]: [Microsoft][ODBC Driver 17 for SQL Server][SQL Server]Invalid column name 'temp_file_number'. (SQL: select * from [file_indexings] where [file_number] like %RES-2026-2212% or [temp_file_number] like %RES-2026-2212%) {"exception":"[object] (Illuminate\\Database\\QueryException(code: 42S22): SQLSTATE[42S22]: [Microsoft][ODBC Driver 17 for SQL Server][SQL Server]Invalid column name 'temp_file_number'. (SQL: select * from [file_indexings] where [file_number] like %RES-2026-2212% or [temp_file_number] like %RES-2026-2212%) at C:\\wamp64\\www\\klaes\\vendor\\laravel\\framework\\src\\Illuminate\\Database\\Connection.php:760)
[stacktrace]
#0 C:\\wamp64\\www\\klaes\\vendor\\laravel\\framework\\src\\Illuminate\\Database\\Connection.php(720): Illuminate\\Database\\Connection->runQueryCallback('select * from [...', Array, Object(Closure))
#1 C:\\wamp64\\www\\klaes\\vendor\\laravel\\framework\\src\\Illuminate\\Database\\Connection.php(405): Illuminate\\Database\\Connection->run('select * from [...', Array, Object(Closure))
#2 C:\\wamp64\\www\\klaes\\vendor\\laravel\\framework\\src\\Illuminate\\Database\\Query\\Builder.php(2705): Illuminate\\Database\\Connection->select('select * from [...', Array, true)
#3 C:\\wamp64\\www\\klaes\\vendor\\laravel\\framework\\src\\Illuminate\\Database\\Query\\Builder.php(2694): Illuminate\\Database\\Query\\Builder->runSelect()
#4 C:\\wamp64\\www\\klaes\\vendor\\laravel\\framework\\src\\Illuminate\\Database\\Query\\Builder.php(3230): Illuminate\\Database\\Query\\Builder->Illuminate\\Database\\Query\\{closure}()
#5 C:\\wamp64\\www\\klaes\\vendor\\laravel\\framework\\src\\Illuminate\\Database\\Query\\Builder.php(2693): Illuminate\\Database\\Query\\Builder->onceWithColumns(Array, Object(Closure))
#6 C:\\Users\\admin\\.gemini\\antigravity\\brain\\e53399ba-0881-4f93-82a5-bbb2e22dea34\\scratch\\inspect_pra.php(23): Illuminate\\Database\\Query\\Builder->get()
#7 {main}

[previous exception] [object] (PDOException(code: 42S22): SQLSTATE[42S22]: [Microsoft][ODBC Driver 17 for SQL Server][SQL Server]Invalid column name 'temp_file_number'. at C:\\wamp64\\www\\klaes\\vendor\\laravel\\framework\\src\\Illuminate\\Database\\Connection.php:419)
[stacktrace]
#0 C:\\wamp64\\www\\klaes\\vendor\\laravel\\framework\\src\\Illuminate\\Database\\Connection.php(419): PDOStatement->execute()
#1 C:\\wamp64\\www\\klaes\\vendor\\laravel\\framework\\src\\Illuminate\\Database\\Connection.php(753): Illuminate\\Database\\Connection->Illuminate\\Database\\{closure}('select * from [...', Array)
#2 C:\\wamp64\\www\\klaes\\vendor\\laravel\\framework\\src\\Illuminate\\Database\\Connection.php(720): Illuminate\\Database\\Connection->runQueryCallback('select * from [...', Array, Object(Closure))
#3 C:\\wamp64\\www\\klaes\\vendor\\laravel\\framework\\src\\Illuminate\\Database\\Connection.php(405): Illuminate\\Database\\Connection->run('select * from [...', Array, Object(Closure))
#4 C:\\wamp64\\www\\klaes\\vendor\\laravel\\framework\\src\\Illuminate\\Database\\Query\\Builder.php(2705): Illuminate\\Database\\Connection->select('select * from [...', Array, true)
#5 C:\\wamp64\\www\\klaes\\vendor\\laravel\\framework\\src\\Illuminate\\Database\\Query\\Builder.php(2694): Illuminate\\Database\\Query\\Builder->runSelect()
#6 C:\\wamp64\\www\\klaes\\vendor\\laravel\\framework\\src\\Illuminate\\Database\\Query\\Builder.php(3230): Illuminate\\Database\\Query\\Builder->Illuminate\\Database\\Query\\{closure}()
#7 C:\\wamp64\\www\\klaes\\vendor\\laravel\\framework\\src\\Illuminate\\Database\\Query\\Builder.php(2693): Illuminate\\Database\\Query\\Builder->onceWithColumns(Array, Object(Closure))
#8 C:\\Users\\admin\\.gemini\\antigravity\\brain\\e53399ba-0881-4f93-82a5-bbb2e22dea34\\scratch\\inspect_pra.php(23): Illuminate\\Database\\Query\\Builder->get()
#9 {main}
"} 
[2026-05-19 12:54:40] local.INFO: User 1 () logged in from  {"user_id":1,"ip_address":null,"device":"desktop"} 
[2026-05-19 12:55:20] local.ERROR: Undefined property: stdClass::$temp_fileno {"exception":"[object] (ErrorException(code: 0): Undefined property: stdClass::$temp_fileno at C:\\Users\\admin\\.gemini\\antigravity\\brain\\e53399ba-0881-4f93-82a5-bbb2e22dea34\\scratch\\inspect_mls_file_no.php:19)
[stacktrace]
#0 C:\\wamp64\\www\\klaes\\vendor\\laravel\\framework\\src\\Illuminate\\Foundation\\Bootstrap\\HandleExceptions.php(270): Illuminate\\Foundation\\Bootstrap\\HandleExceptions->handleError(2, 'Undefined prope...', 'C:\\\\Users\\\\admin\\\\...', 19)
#1 C:\\Users\\admin\\.gemini\\antigravity\\brain\\e53399ba-0881-4f93-82a5-bbb2e22dea34\\scratch\\inspect_mls_file_no.php(19): Illuminate\\Foundation\\Bootstrap\\HandleExceptions->Illuminate\\Foundation\\Bootstrap\\{closure}(2, 'Undefined prope...', 'C:\\\\Users\\\\admin\\\\...', 19)
#2 {main}
"} 
[2026-05-19 12:59:43] local.INFO: User 1 () logged in from  {"user_id":1,"ip_address":null,"device":"desktop"} 
[2026-05-19 13:07:58] local.INFO: Checking existing property records for file number: RES-2004-812  
[2026-05-19 13:07:58] local.INFO: Built variants for file number search: ["RES-2004-812","RES-2004-0812","RES2004812","RES_2004_812","RES/2004/812","RES 2004 812"] 
[2026-05-19 13:07:59] local.INFO: Found property records: 0 (FH), 1 (COFO), 2 (PRA), 0 (Deeds)  
[2026-05-19 13:09:39] local.INFO: === Property Record from File Indexing START ===  
[2026-05-19 13:09:39] local.INFO: Request Data: {"file_number":"RES-2004-812","temp_fileno":null,"file_title":"DDDDod essage","plot_no":"263","tp_no":"TP/KN/UC/DKD/14","lpkn_no":null,"lga":"Tofa","district":"Other","property_description":"Other, Tofa","test_control":null,"transactions":[{"record_id":"82966","transaction_type":"Certificate of Occupancy","instrument_type":"Certificate of Occupancy","op_type":null,"transaction_date":"2026-04-30","op_serial_number":null,"serial_no":"62","page_no":"62","volume_no":"401","reg_date":"2026-05-19","reg_time":"09:00","land_use":null,"period":null,"period_unit":"Years","comments":null,"first_party":"KANO STATE GOVERNMENT","second_party":"Brakus Group","co_first_party":null,"third_party":null,"mortgagor_3":null,"party_4":null,"party_5":null},{"record_id":"106291","transaction_type":"Right of Occupancy","instrument_type":"Right of Occupancy","op_type":null,"transaction_date":null,"op_serial_number":null,"serial_no":"0","page_no":"0","volume_no":"0","reg_date":"2026-05-19","reg_time":"09:00","land_use":"Residential","period":null,"period_unit":"Years","comments":null,"first_party":"KANO STATE GOVERNMENT","second_party":"AMINU MAIGARI","co_first_party":null,"third_party":null,"mortgagor_3":null,"party_4":null,"party_5":null},{"record_id":"139255","transaction_type":"Transfer Of Title (OP)","instrument_type":"Transfer Of Title (OP)","op_type":"OP Resettlement","transaction_date":null,"op_serial_number":"4","serial_no":"0","page_no":"0","volume_no":"0","reg_date":"2026-05-19","reg_time":"09:00","land_use":"RES","period":null,"period_unit":"Years","comments":null,"first_party":"Unknown","second_party":"DDDDod essage","co_first_party":null,"third_party":null,"mortgagor_3":null,"party_4":null,"party_5":null}]} 
[2026-05-19 13:09:39] local.ERROR: Validation Failed: {"errors":{"transactions.1.transaction_date":["The transactions.1.transaction_date field is required."],"transactions.2.transaction_date":["The transactions.2.transaction_date field is required."]},"input":{"file_number":"RES-2004-812","temp_fileno":null,"file_title":"DDDDod essage","plot_no":"263","tp_no":"TP/KN/UC/DKD/14","lpkn_no":null,"lga":"Tofa","district":"Other","property_description":"Other, Tofa","test_control":null,"transactions":[{"record_id":"82966","transaction_type":"Certificate of Occupancy","instrument_type":"Certificate of Occupancy","op_type":null,"transaction_date":"2026-04-30","op_serial_number":null,"serial_no":"62","page_no":"62","volume_no":"401","reg_date":"2026-05-19","reg_time":"09:00","land_use":null,"period":null,"period_unit":"Years","comments":null,"first_party":"KANO STATE GOVERNMENT","second_party":"Brakus Group","co_first_party":null,"third_party":null,"mortgagor_3":null,"party_4":null,"party_5":null},{"record_id":"106291","transaction_type":"Right of Occupancy","instrument_type":"Right of Occupancy","op_type":null,"transaction_date":null,"op_serial_number":null,"serial_no":"0","page_no":"0","volume_no":"0","reg_date":"2026-05-19","reg_time":"09:00","land_use":"Residential","period":null,"period_unit":"Years","comments":null,"first_party":"KANO STATE GOVERNMENT","second_party":"AMINU MAIGARI","co_first_party":null,"third_party":null,"mortgagor_3":null,"party_4":null,"party_5":null},{"record_id":"139255","transaction_type":"Transfer Of Title (OP)","instrument_type":"Transfer Of Title (OP)","op_type":"OP Resettlement","transaction_date":null,"op_serial_number":"4","serial_no":"0","page_no":"0","volume_no":"0","reg_date":"2026-05-19","reg_time":"09:00","land_use":"RES","period":null,"period_unit":"Years","comments":null,"first_party":"Unknown","second_party":"DDDDod essage","co_first_party":null,"third_party":null,"mortgagor_3":null,"party_4":null,"party_5":null}]}} 
[2026-05-19 13:11:39] local.INFO: Property Record Show Request {"id":"140290","record_mode":"property","target_table":"pra"} 
[2026-05-19 13:12:22] local.INFO: Property Record Show Request {"id":"140276","record_mode":"property","target_table":"pra"} 
[2026-05-19 13:12:28] local.INFO: Property Record Show Request {"id":"140276","record_mode":"property","target_table":"pra"} 
[2026-05-19 13:13:54] local.INFO: === Property Record from File Indexing START ===  
[2026-05-19 13:13:54] local.INFO: Request Data: {"file_number":"RES-2004-812","temp_fileno":null,"file_title":"DDDDod essage","plot_no":"263","tp_no":"TP/KN/UC/DKD/14","lpkn_no":null,"lga":"Tofa","district":"Other","property_description":"Other, Tofa","test_control":null,"transactions":[{"record_id":"82966","transaction_type":"Certificate of Occupancy","instrument_type":"Certificate of Occupancy","op_type":null,"transaction_date":"2026-04-30","op_serial_number":null,"serial_no":"62","page_no":"62","volume_no":"401","reg_date":"2026-05-19","reg_time":"09:00","land_use":null,"period":null,"period_unit":"Years","comments":null,"first_party":"KANO STATE GOVERNMENT","second_party":"Brakus Group","co_first_party":null,"third_party":null,"mortgagor_3":null,"party_4":null,"party_5":null},{"record_id":"106291","transaction_type":"Right of Occupancy","instrument_type":"Right of Occupancy","op_type":null,"transaction_date":null,"op_serial_number":null,"serial_no":"0","page_no":"0","volume_no":"0","reg_date":"2026-05-19","reg_time":"09:00","land_use":"Residential","period":null,"period_unit":"Years","comments":null,"first_party":"KANO STATE GOVERNMENT","second_party":"AMINU MAIGARI","co_first_party":null,"third_party":null,"mortgagor_3":null,"party_4":null,"party_5":null},{"record_id":"139255","transaction_type":"Transfer Of Title (OP)","instrument_type":"Transfer Of Title (OP)","op_type":"OP Resettlement","transaction_date":null,"op_serial_number":"4","serial_no":"0","page_no":"0","volume_no":"0","reg_date":"2026-05-19","reg_time":"09:00","land_use":"RES","period":null,"period_unit":"Years","comments":null,"first_party":"Unknown","second_party":"DDDDod essage","co_first_party":null,"third_party":null,"mortgagor_3":null,"party_4":null,"party_5":null}]} 
[2026-05-19 13:13:54] local.INFO: Validation passed. Processing file number: RES-2004-812  
[2026-05-19 13:13:54] local.INFO: Parsing file number format {"file_number":"RES-2004-812"} 
[2026-05-19 13:13:54] local.INFO: Identified as modern land use format (goes to mlsfNo) {"mlsFNo":"RES-2004-812"} 
[2026-05-19 13:13:54] local.INFO: Skipping fileNumber insert - record already exists {"file_number":"RES-2004-812","existing_id":"111288"} 
[2026-05-19 13:13:54] local.INFO: Property ID allocated for permanent file number (indexing) {"prop_id":80000412,"file_number":"RES-2004-812"} 
[2026-05-19 13:13:54] local.INFO: Transaction routing decision {"transaction_type":"Certificate of Occupancy","is_cofo":true,"is_op":false,"record_id":82966,"target_table":"CofO_staging"} 
[2026-05-19 13:13:55] local.INFO: Updated CofO record in staging from indexing {"id":82966,"transaction_type":"Certificate of Occupancy","table":"CofO_staging"} 
[2026-05-19 13:13:55] local.INFO: Transaction routing decision {"transaction_type":"Right of Occupancy","is_cofo":false,"is_op":false,"record_id":106291,"target_table":"file_history_staging"} 
[2026-05-19 13:13:55] local.INFO: Updated property record {"id":106291,"table":"file_history_staging","transaction_type":"Right of Occupancy","prop_id":80000412} 
[2026-05-19 13:13:55] local.INFO: Transaction routing decision {"transaction_type":"Transfer Of Title (OP)","is_cofo":false,"is_op":false,"record_id":139255,"target_table":"file_history_staging"} 
[2026-05-19 13:13:55] local.INFO: Updated property record {"id":139255,"table":"file_history_staging","transaction_type":"Transfer Of Title (OP)","prop_id":80000412} 
[2026-05-19 13:14:21] local.INFO: Checking existing property records for file number: RES-2026-2111  
[2026-05-19 13:14:21] local.INFO: Built variants for file number search: ["RES-2026-2111","RES20262111","RES_2026_2111","RES/2026/2111","RES 2026 2111"] 
[2026-05-19 13:14:21] local.INFO: Found property records: 0 (FH), 0 (COFO), 1 (PRA), 0 (Deeds)  
[2026-05-19 13:20:51] local.INFO: Property Record Show Request {"id":"139228","record_mode":"property","target_table":"pra"} 
[2026-05-19 13:20:54] local.INFO: Property Record Show Request {"id":"139228","record_mode":"property","target_table":"pra"} 
[2026-05-19 13:21:33] local.INFO: Checking existing property records for file number: RES-RC-1981-146  
[2026-05-19 13:21:33] local.INFO: Built variants for file number search: ["RES-RC-1981-146","RESRC1981146","RES_RC_1981_146","RES/RC/1981/146","RES RC 1981 146"] 
[2026-05-19 13:21:33] local.INFO: Found property records: 2 (FH), 1 (COFO), 4 (PRA), 0 (Deeds)  
[2026-05-19 13:25:28] local.ERROR: PHP Parse error: Syntax error, unexpected '=' on line 1 {"exception":"[object] (Psy\\Exception\\ParseErrorException(code: 0): PHP Parse error: Syntax error, unexpected '=' on line 1 at C:\\wamp64\\www\\klaes\\vendor\\psy\\psysh\\src\\Exception\\ParseErrorException.php:38)
[stacktrace]
#0 C:\\wamp64\\www\\klaes\\vendor\\psy\\psysh\\src\\CodeCleaner.php(339): Psy\\Exception\\ParseErrorException::fromParseError(Object(PhpParser\\Error))
#1 C:\\wamp64\\www\\klaes\\vendor\\psy\\psysh\\src\\CodeCleaner.php(268): Psy\\CodeCleaner->parse('<?php  = new Ap...', false)
#2 C:\\wamp64\\www\\klaes\\vendor\\psy\\psysh\\src\\Shell.php(860): Psy\\CodeCleaner->clean(Array, false)
#3 C:\\wamp64\\www\\klaes\\vendor\\psy\\psysh\\src\\Shell.php(889): Psy\\Shell->addCode(' = new App\\\\Http...', true)
#4 C:\\wamp64\\www\\klaes\\vendor\\psy\\psysh\\src\\Shell.php(1343): Psy\\Shell->setCode(' = new App\\\\Http...', true)
#5 C:\\wamp64\\www\\klaes\\vendor\\laravel\\tinker\\src\\Console\\TinkerCommand.php(76): Psy\\Shell->execute(' = new App\\\\Http...')
#6 C:\\wamp64\\www\\klaes\\vendor\\laravel\\framework\\src\\Illuminate\\Container\\BoundMethod.php(36): Laravel\\Tinker\\Console\\TinkerCommand->handle()
#7 C:\\wamp64\\www\\klaes\\vendor\\laravel\\framework\\src\\Illuminate\\Container\\Util.php(41): Illuminate\\Container\\BoundMethod::Illuminate\\Container\\{closure}()
#8 C:\\wamp64\\www\\klaes\\vendor\\laravel\\framework\\src\\Illuminate\\Container\\BoundMethod.php(93): Illuminate\\Container\\Util::unwrapIfClosure(Object(Closure))
#9 C:\\wamp64\\www\\klaes\\vendor\\laravel\\framework\\src\\Illuminate\\Container\\BoundMethod.php(35): Illuminate\\Container\\BoundMethod::callBoundMethod(Object(Illuminate\\Foundation\\Application), Array, Object(Closure))
#10 C:\\wamp64\\www\\klaes\\vendor\\laravel\\framework\\src\\Illuminate\\Container\\Container.php(661): Illuminate\\Container\\BoundMethod::call(Object(Illuminate\\Foundation\\Application), Array, Array, NULL)
#11 C:\\wamp64\\www\\klaes\\vendor\\laravel\\framework\\src\\Illuminate\\Console\\Command.php(183): Illuminate\\Container\\Container->call(Array)
#12 C:\\wamp64\\www\\klaes\\vendor\\symfony\\console\\Command\\Command.php(326): Illuminate\\Console\\Command->execute(Object(Symfony\\Component\\Console\\Input\\ArgvInput), Object(Illuminate\\Console\\OutputStyle))
#13 C:\\wamp64\\www\\klaes\\vendor\\laravel\\framework\\src\\Illuminate\\Console\\Command.php(152): Symfony\\Component\\Console\\Command\\Command->run(Object(Symfony\\Component\\Console\\Input\\ArgvInput), Object(Illuminate\\Console\\OutputStyle))
#14 C:\\wamp64\\www\\klaes\\vendor\\symfony\\console\\Application.php(1063): Illuminate\\Console\\Command->run(Object(Symfony\\Component\\Console\\Input\\ArgvInput), Object(Symfony\\Component\\Console\\Output\\ConsoleOutput))
#15 C:\\wamp64\\www\\klaes\\vendor\\symfony\\console\\Application.php(320): Symfony\\Component\\Console\\Application->doRunCommand(Object(Laravel\\Tinker\\Console\\TinkerCommand), Object(Symfony\\Component\\Console\\Input\\ArgvInput), Object(Symfony\\Component\\Console\\Output\\ConsoleOutput))
#16 C:\\wamp64\\www\\klaes\\vendor\\symfony\\console\\Application.php(174): Symfony\\Component\\Console\\Application->doRun(Object(Symfony\\Component\\Console\\Input\\ArgvInput), Object(Symfony\\Component\\Console\\Output\\ConsoleOutput))
#17 C:\\wamp64\\www\\klaes\\vendor\\laravel\\framework\\src\\Illuminate\\Console\\Application.php(102): Symfony\\Component\\Console\\Application->run(Object(Symfony\\Component\\Console\\Input\\ArgvInput), Object(Symfony\\Component\\Console\\Output\\ConsoleOutput))
#18 C:\\wamp64\\www\\klaes\\vendor\\laravel\\framework\\src\\Illuminate\\Foundation\\Console\\Kernel.php(155): Illuminate\\Console\\Application->run(Object(Symfony\\Component\\Console\\Input\\ArgvInput), Object(Symfony\\Component\\Console\\Output\\ConsoleOutput))
#19 C:\\wamp64\\www\\klaes\\artisan(35): Illuminate\\Foundation\\Console\\Kernel->handle(Object(Symfony\\Component\\Console\\Input\\ArgvInput), Object(Symfony\\Component\\Console\\Output\\ConsoleOutput))
#20 {main}
"} 
[2026-05-19 13:26:07] local.INFO: Checking existing property records for file number: RES-RC-1981-146  
[2026-05-19 13:26:07] local.INFO: Built variants for file number search: ["RES-RC-1981-146","RESRC1981146","RES_RC_1981_146","RES/RC/1981/146","RES RC 1981 146"] 
[2026-05-19 13:26:09] local.INFO: Found property records: 2 (FH), 1 (COFO), 4 (PRA), 0 (Deeds)  
[2026-05-19 13:26:35] local.ERROR: PHP Parse error: Syntax error, unexpected '=' on line 1 {"exception":"[object] (Psy\\Exception\\ParseErrorException(code: 0): PHP Parse error: Syntax error, unexpected '=' on line 1 at C:\\wamp64\\www\\klaes\\vendor\\psy\\psysh\\src\\Exception\\ParseErrorException.php:38)
[stacktrace]
#0 C:\\wamp64\\www\\klaes\\vendor\\psy\\psysh\\src\\CodeCleaner.php(339): Psy\\Exception\\ParseErrorException::fromParseError(Object(PhpParser\\Error))
#1 C:\\wamp64\\www\\klaes\\vendor\\psy\\psysh\\src\\CodeCleaner.php(268): Psy\\CodeCleaner->parse('<?php  = app(Ap...', false)
#2 C:\\wamp64\\www\\klaes\\vendor\\psy\\psysh\\src\\Shell.php(860): Psy\\CodeCleaner->clean(Array, false)
#3 C:\\wamp64\\www\\klaes\\vendor\\psy\\psysh\\src\\Shell.php(889): Psy\\Shell->addCode(' = app(App\\\\Http...', true)
#4 C:\\wamp64\\www\\klaes\\vendor\\psy\\psysh\\src\\Shell.php(1343): Psy\\Shell->setCode(' = app(App\\\\Http...', true)
#5 C:\\wamp64\\www\\klaes\\vendor\\laravel\\tinker\\src\\Console\\TinkerCommand.php(76): Psy\\Shell->execute(' = app(App\\\\Http...')
#6 C:\\wamp64\\www\\klaes\\vendor\\laravel\\framework\\src\\Illuminate\\Container\\BoundMethod.php(36): Laravel\\Tinker\\Console\\TinkerCommand->handle()
#7 C:\\wamp64\\www\\klaes\\vendor\\laravel\\framework\\src\\Illuminate\\Container\\Util.php(41): Illuminate\\Container\\BoundMethod::Illuminate\\Container\\{closure}()
#8 C:\\wamp64\\www\\klaes\\vendor\\laravel\\framework\\src\\Illuminate\\Container\\BoundMethod.php(93): Illuminate\\Container\\Util::unwrapIfClosure(Object(Closure))
#9 C:\\wamp64\\www\\klaes\\vendor\\laravel\\framework\\src\\Illuminate\\Container\\BoundMethod.php(35): Illuminate\\Container\\BoundMethod::callBoundMethod(Object(Illuminate\\Foundation\\Application), Array, Object(Closure))
#10 C:\\wamp64\\www\\klaes\\vendor\\laravel\\framework\\src\\Illuminate\\Container\\Container.php(661): Illuminate\\Container\\BoundMethod::call(Object(Illuminate\\Foundation\\Application), Array, Array, NULL)
#11 C:\\wamp64\\www\\klaes\\vendor\\laravel\\framework\\src\\Illuminate\\Console\\Command.php(183): Illuminate\\Container\\Container->call(Array)
#12 C:\\wamp64\\www\\klaes\\vendor\\symfony\\console\\Command\\Command.php(326): Illuminate\\Console\\Command->execute(Object(Symfony\\Component\\Console\\Input\\ArgvInput), Object(Illuminate\\Console\\OutputStyle))
#13 C:\\wamp64\\www\\klaes\\vendor\\laravel\\framework\\src\\Illuminate\\Console\\Command.php(152): Symfony\\Component\\Console\\Command\\Command->run(Object(Symfony\\Component\\Console\\Input\\ArgvInput), Object(Illuminate\\Console\\OutputStyle))
#14 C:\\wamp64\\www\\klaes\\vendor\\symfony\\console\\Application.php(1063): Illuminate\\Console\\Command->run(Object(Symfony\\Component\\Console\\Input\\ArgvInput), Object(Symfony\\Component\\Console\\Output\\ConsoleOutput))
#15 C:\\wamp64\\www\\klaes\\vendor\\symfony\\console\\Application.php(320): Symfony\\Component\\Console\\Application->doRunCommand(Object(Laravel\\Tinker\\Console\\TinkerCommand), Object(Symfony\\Component\\Console\\Input\\ArgvInput), Object(Symfony\\Component\\Console\\Output\\ConsoleOutput))
#16 C:\\wamp64\\www\\klaes\\vendor\\symfony\\console\\Application.php(174): Symfony\\Component\\Console\\Application->doRun(Object(Symfony\\Component\\Console\\Input\\ArgvInput), Object(Symfony\\Component\\Console\\Output\\ConsoleOutput))
#17 C:\\wamp64\\www\\klaes\\vendor\\laravel\\framework\\src\\Illuminate\\Console\\Application.php(102): Symfony\\Component\\Console\\Application->run(Object(Symfony\\Component\\Console\\Input\\ArgvInput), Object(Symfony\\Component\\Console\\Output\\ConsoleOutput))
#18 C:\\wamp64\\www\\klaes\\vendor\\laravel\\framework\\src\\Illuminate\\Foundation\\Console\\Kernel.php(155): Illuminate\\Console\\Application->run(Object(Symfony\\Component\\Console\\Input\\ArgvInput), Object(Symfony\\Component\\Console\\Output\\ConsoleOutput))
#19 C:\\wamp64\\www\\klaes\\artisan(35): Illuminate\\Foundation\\Console\\Kernel->handle(Object(Symfony\\Component\\Console\\Input\\ArgvInput), Object(Symfony\\Component\\Console\\Output\\ConsoleOutput))
#20 {main}
"} 
[2026-05-19 13:27:53] local.INFO: Checking existing property records for file number: RES-RC-1981-146  
[2026-05-19 13:27:53] local.INFO: Built variants for file number search: ["RES-RC-1981-146","RESRC1981146","RES_RC_1981_146","RES/RC/1981/146","RES RC 1981 146"] 
[2026-05-19 13:27:54] local.INFO: Found property records: 2 (FH), 1 (COFO), 4 (PRA), 0 (Deeds)  
[2026-05-19 13:29:28] local.INFO: Checking existing property records for file number: RES-1981-146  
[2026-05-19 13:29:28] local.INFO: Built variants for file number search: ["RES-1981-146","RES-1981-0146","RES1981146","RES_1981_146","RES/1981/146","RES 1981 146"] 
[2026-05-19 13:29:31] local.INFO: Found property records: 0 (FH), 1 (COFO), 1 (PRA), 0 (Deeds)  
[2026-05-19 13:32:34] local.INFO: Checking existing property records for file number: RES-1981-146  
[2026-05-19 13:32:34] local.INFO: Built variants for file number search: ["RES-1981-146","RES/1981/146","RES 1981 146","RES1981146","RES-1981-0146","RES/1981/0146","RES 1981 0146","RES19810146","RES-RC-1981-146","RES-RC/1981/146","RES-RC 1981 146","RES-RC1981146","RESRC-1981-146","RES-RC-1981-0146","RES-RC/1981/0146","RES-RC 1981 0146","RES-RC19810146","RESRC-1981-0146","CON-RES-1981-146","CON-RES/1981/146","CON-RES 1981 146","CON-RES1981146","CONRES-1981-146","CON-RES-1981-0146","CON-RES/1981/0146","CON-RES 1981 0146","CON-RES19810146","CONRES-1981-0146","CON-RES-RC-1981-146","CON-RES-RC/1981/146","CON-RES-RC 1981 146","CON-RES-RC1981146","CONRESRC-1981-146","CON-RES-RC-1981-0146","CON-RES-RC/1981/0146","CON-RES-RC 1981 0146","CON-RES-RC19810146","CONRESRC-1981-0146","CN-RES-1981-146","CN-RES/1981/146","CN-RES 1981 146","CN-RES1981146","CNRES-1981-146","CN-RES-1981-0146","CN-RES/1981/0146","CN-RES 1981 0146","CN-RES19810146","CNRES-1981-0146","CN-RES-RC-1981-146","CN-RES-RC/1981/146","CN-RES-RC 1981 146","CN-RES-RC1981146","CNRESRC-1981-146","CN-RES-RC-1981-0146","CN-RES-RC/1981/0146","CN-RES-RC 1981 0146","CN-RES-RC19810146","CNRESRC-1981-0146","RES_1981_146"] 
[2026-05-19 13:32:36] local.INFO: Found property records: 2 (FH), 2 (COFO), 5 (PRA), 0 (Deeds)  
[2026-05-19 13:33:31] local.INFO: Checking existing property records for file number: RES-1981-146  
[2026-05-19 13:33:31] local.INFO: Built variants for file number search: ["RES-1981-146","RES/1981/146","RES 1981 146","RES1981146","RES-1981-0146","RES/1981/0146","RES 1981 0146","RES19810146","RES-RC-1981-146","RES-RC/1981/146","RES-RC 1981 146","RES-RC1981146","RESRC-1981-146","RES-RC-1981-0146","RES-RC/1981/0146","RES-RC 1981 0146","RES-RC19810146","RESRC-1981-0146","CON-RES-1981-146","CON-RES/1981/146","CON-RES 1981 146","CON-RES1981146","CONRES-1981-146","CON-RES-1981-0146","CON-RES/1981/0146","CON-RES 1981 0146","CON-RES19810146","CONRES-1981-0146","CON-RES-RC-1981-146","CON-RES-RC/1981/146","CON-RES-RC 1981 146","CON-RES-RC1981146","CONRESRC-1981-146","CON-RES-RC-1981-0146","CON-RES-RC/1981/0146","CON-RES-RC 1981 0146","CON-RES-RC19810146","CONRESRC-1981-0146","CN-RES-1981-146","CN-RES/1981/146","CN-RES 1981 146","CN-RES1981146","CNRES-1981-146","CN-RES-1981-0146","CN-RES/1981/0146","CN-RES 1981 0146","CN-RES19810146","CNRES-1981-0146","CN-RES-RC-1981-146","CN-RES-RC/1981/146","CN-RES-RC 1981 146","CN-RES-RC1981146","CNRESRC-1981-146","CN-RES-RC-1981-0146","CN-RES-RC/1981/0146","CN-RES-RC 1981 0146","CN-RES-RC19810146","CNRESRC-1981-0146","RES_1981_146"] 
[2026-05-19 13:33:34] local.INFO: Found property records: 2 (FH), 2 (COFO), 5 (PRA), 0 (Deeds)  
[2026-05-19 13:36:32] local.INFO: Audit logged {"user_id":1,"action":"UPDATED","resource_type":"FileTracker","resource_id":61748,"description":"Marked file tracker TRK-260519133602-ZWOV as printed"} 
[2026-05-19 13:40:04] local.INFO: Checking existing property records for file number: RES-RC-1981-146  
[2026-05-19 13:40:04] local.INFO: Built variants for file number search: ["RES-RC-1981-146","RES-1981-146","RES/1981/146","RES 1981 146","RES1981146","RES-1981-0146","RES/1981/0146","RES 1981 0146","RES19810146","RES-RC/1981/146","RES-RC 1981 146","RES-RC1981146","RESRC-1981-146","RES-RC-1981-0146","RES-RC/1981/0146","RES-RC 1981 0146","RES-RC19810146","RESRC-1981-0146","CON-RES-1981-146","CON-RES/1981/146","CON-RES 1981 146","CON-RES1981146","CONRES-1981-146","CON-RES-1981-0146","CON-RES/1981/0146","CON-RES 1981 0146","CON-RES19810146","CONRES-1981-0146","CON-RES-RC-1981-146","CON-RES-RC/1981/146","CON-RES-RC 1981 146","CON-RES-RC1981146","CONRESRC-1981-146","CON-RES-RC-1981-0146","CON-RES-RC/1981/0146","CON-RES-RC 1981 0146","CON-RES-RC19810146","CONRESRC-1981-0146","CN-RES-1981-146","CN-RES/1981/146","CN-RES 1981 146","CN-RES1981146","CNRES-1981-146","CN-RES-1981-0146","CN-RES/1981/0146","CN-RES 1981 0146","CN-RES19810146","CNRES-1981-0146","CN-RES-RC-1981-146","CN-RES-RC/1981/146","CN-RES-RC 1981 146","CN-RES-RC1981146","CNRESRC-1981-146","CN-RES-RC-1981-0146","CN-RES-RC/1981/0146","CN-RES-RC 1981 0146","CN-RES-RC19810146","CNRESRC-1981-0146","RESRC1981146","RES_RC_1981_146","RES/RC/1981/146","RES RC 1981 146"] 
[2026-05-19 13:40:06] local.INFO: Found property records: 2 (FH), 2 (COFO), 5 (PRA), 0 (Deeds)  
[2026-05-19 13:44:56] local.INFO: Checking existing property records for file number: RES-1981-146  
[2026-05-19 13:44:56] local.INFO: Built variants for file number search: ["RES-1981-146","RES/1981/146","RES 1981 146","RES1981146","RES-1981-0146","RES/1981/0146","RES 1981 0146","RES19810146","RES-RC-1981-146","RES-RC/1981/146","RES-RC 1981 146","RES-RC1981146","RESRC-1981-146","RES-RC-1981-0146","RES-RC/1981/0146","RES-RC 1981 0146","RES-RC19810146","RESRC-1981-0146","CON-RES-1981-146","CON-RES/1981/146","CON-RES 1981 146","CON-RES1981146","CONRES-1981-146","CON-RES-1981-0146","CON-RES/1981/0146","CON-RES 1981 0146","CON-RES19810146","CONRES-1981-0146","CON-RES-RC-1981-146","CON-RES-RC/1981/146","CON-RES-RC 1981 146","CON-RES-RC1981146","CONRESRC-1981-146","CON-RES-RC-1981-0146","CON-RES-RC/1981/0146","CON-RES-RC 1981 0146","CON-RES-RC19810146","CONRESRC-1981-0146","CN-RES-1981-146","CN-RES/1981/146","CN-RES 1981 146","CN-RES1981146","CNRES-1981-146","CN-RES-1981-0146","CN-RES/1981/0146","CN-RES 1981 0146","CN-RES19810146","CNRES-1981-0146","CN-RES-RC-1981-146","CN-RES-RC/1981/146","CN-RES-RC 1981 146","CN-RES-RC1981146","CNRESRC-1981-146","CN-RES-RC-1981-0146","CN-RES-RC/1981/0146","CN-RES-RC 1981 0146","CN-RES-RC19810146","CNRESRC-1981-0146","RES_1981_146"] 
[2026-05-19 13:44:57] local.INFO: Found property records: 2 (FH), 2 (COFO), 5 (PRA), 0 (Deeds)  
[2026-05-19 13:45:56] local.INFO: Checking existing property records for file number: RES-RC-1981-146  
[2026-05-19 13:45:56] local.INFO: Built variants for file number search: ["RES-RC-1981-146","RES-1981-146","RES/1981/146","RES 1981 146","RES1981146","RES-1981-0146","RES/1981/0146","RES 1981 0146","RES19810146","RES-RC/1981/146","RES-RC 1981 146","RES-RC1981146","RESRC-1981-146","RES-RC-1981-0146","RES-RC/1981/0146","RES-RC 1981 0146","RES-RC19810146","RESRC-1981-0146","CON-RES-1981-146","CON-RES/1981/146","CON-RES 1981 146","CON-RES1981146","CONRES-1981-146","CON-RES-1981-0146","CON-RES/1981/0146","CON-RES 1981 0146","CON-RES19810146","CONRES-1981-0146","CON-RES-RC-1981-146","CON-RES-RC/1981/146","CON-RES-RC 1981 146","CON-RES-RC1981146","CONRESRC-1981-146","CON-RES-RC-1981-0146","CON-RES-RC/1981/0146","CON-RES-RC 1981 0146","CON-RES-RC19810146","CONRESRC-1981-0146","CN-RES-1981-146","CN-RES/1981/146","CN-RES 1981 146","CN-RES1981146","CNRES-1981-146","CN-RES-1981-0146","CN-RES/1981/0146","CN-RES 1981 0146","CN-RES19810146","CNRES-1981-0146","CN-RES-RC-1981-146","CN-RES-RC/1981/146","CN-RES-RC 1981 146","CN-RES-RC1981146","CNRESRC-1981-146","CN-RES-RC-1981-0146","CN-RES-RC/1981/0146","CN-RES-RC 1981 0146","CN-RES-RC19810146","CNRESRC-1981-0146","RESRC1981146","RES_RC_1981_146","RES/RC/1981/146","RES RC 1981 146"] 
[2026-05-19 13:45:57] local.INFO: Found property records: 2 (FH), 2 (COFO), 5 (PRA), 0 (Deeds)  
[2026-05-19 13:46:19] local.INFO: === Property Record from File Indexing START ===  
[2026-05-19 13:46:19] local.INFO: Request Data: {"file_number":"RES-RC-1981-146","temp_fileno":null,"file_title":"IBRAHIM ALIYU","plot_no":"103","tp_no":null,"lpkn_no":null,"lga":"Kabo","district":"Other","property_description":"Other, Kabo","test_control":null,"transactions":[{"record_id":"28873","transaction_type":"Deed of Assignment","instrument_type":"Deed of Assignment","op_type":null,"transaction_date":"1982-05-31","op_serial_number":null,"serial_no":"37","page_no":"37","volume_no":"1","reg_date":"1982-08-03","reg_time":"09:00","land_use":"RESIDENTIAL","period":null,"period_unit":"Years","comments":null,"first_party":"AHMED M. FALAKI","second_party":"IBRAHIM ALIYU","co_first_party":null,"third_party":null,"mortgagor_3":null,"party_4":null,"party_5":null},{"record_id":"28874","transaction_type":"Deed of Mortgage","instrument_type":"Deed of Mortgage","op_type":null,"transaction_date":"1985-06-06","op_serial_number":null,"serial_no":"249","page_no":"249","volume_no":"4","reg_date":"1986-02-27","reg_time":"09:00","land_use":"RESIDENTIAL","period":null,"period_unit":"Years","comments":null,"first_party":"FEDERAL MORTGAGE BANK OF NIGERIA LTD","second_party":"IBRAHIM ALIYU","co_first_party":null,"third_party":null,"mortgagor_3":null,"party_4":null,"party_5":null},{"record_id":"82949","transaction_type":"Certificate of Occupancy","instrument_type":"Certificate of Occupancy","op_type":null,"transaction_date":"1979-11-05","op_serial_number":null,"serial_no":"130","page_no":"130","volume_no":"1","reg_date":"2026-05-19","reg_time":"09:54","land_use":"RESIDENTIAL","period":"99","period_unit":"Years","comments":null,"first_party":"KANO STATE GOVERNMENT","second_party":"AHMED M. FALAKI","co_first_party":null,"third_party":null,"mortgagor_3":null,"party_4":null,"party_5":null},{"record_id":"10517","transaction_type":"Certificate of Occupancy","instrument_type":"Certificate of Occupancy","op_type":null,"transaction_date":"23-11-1982","op_serial_number":null,"serial_no":"203","page_no":"203","volume_no":"9","reg_date":"2026-05-19","reg_time":"09:00","land_use":"RESIDENTIAL","period":null,"period_unit":"Years","comments":null,"first_party":"Kano State Government","second_party":"ILYASU MAIKUDI","co_first_party":null,"third_party":null,"mortgagor_3":null,"party_4":null,"party_5":null},{"record_id":"139228","transaction_type":"Right of Occupancy","instrument_type":"Right of Occupancy","op_type":null,"transaction_date":"1982-02-15","op_serial_number":null,"serial_no":null,"page_no":null,"volume_no":null,"reg_date":"2026-05-19","reg_time":"09:00","land_use":"RESIDENTIAL","period":null,"period_unit":"Years","comments":null,"first_party":"KANO STATE GOVERNMENT","second_party":"AHMED M. FALAKI","co_first_party":null,"third_party":null,"mortgagor_3":null,"party_4":null,"party_5":null},{"record_id":"45732","transaction_type":"Deed of Assignment","instrument_type":"Deed of Assignment","op_type":null,"transaction_date":"May 31 1982 12:00AM","op_serial_number":null,"serial_no":"37","page_no":"37","volume_no":"1","reg_date":"2026-05-19","reg_time":"09:00","land_use":"Residential","period":null,"period_unit":"Years","comments":null,"first_party":"AHMED M FALAKI","second_party":"IBRAHIM ALIYU","co_first_party":null,"third_party":null,"mortgagor_3":null,"party_4":null,"party_5":null},{"record_id":"60346","transaction_type":"Deed of Mortgage","instrument_type":"Deed of Mortgage","op_type":null,"transaction_date":"Jun  6 1985 12:00AM","op_serial_number":null,"serial_no":"209","page_no":"209","volume_no":"4","reg_date":"2026-05-19","reg_time":"09:00","land_use":"RESIDENTIAL","period":null,"period_unit":"Years","comments":null,"first_party":"ALHAJI IBRAHIM ALIYU","second_party":"FEDERAL MORTGAGE BANK OF NIGERIA","co_first_party":null,"third_party":null,"mortgagor_3":null,"party_4":null,"party_5":null},{"record_id":"86480","transaction_type":"Right of Occupancy","instrument_type":"Right of Occupancy","op_type":null,"transaction_date":"Mar 11 2025 12:00AM","op_serial_number":null,"serial_no":"0","page_no":"0","volume_no":"0","reg_date":"2026-05-19","reg_time":"09:00","land_use":"Residential","period":null,"period_unit":"Years","comments":null,"first_party":"KANO STATE GOVERNMENT","second_party":"ILIYASU MAIKUDI","co_first_party":null,"third_party":null,"mortgagor_3":null,"party_4":null,"party_5":null},{"record_id":"41698","transaction_type":"Deed of Mortgage","instrument_type":"Deed of Mortgage","op_type":null,"transaction_date":null,"op_serial_number":null,"serial_no":"249","page_no":"249","volume_no":"2","reg_date":"2026-05-19","reg_time":"09:00","land_use":"Residential","period":null,"period_unit":"Years","comments":null,"first_party":"ALH IBRAHIM MOHAMMED","second_party":"FADERAL MORTGAGE BANK OF NIG","co_first_party":null,"third_party":null,"mortgagor_3":null,"party_4":null,"party_5":null}]} 
[2026-05-19 13:46:19] local.INFO: Validation passed. Processing file number: RES-RC-1981-146  
[2026-05-19 13:46:19] local.INFO: Parsing file number format {"file_number":"RES-RC-1981-146"} 
[2026-05-19 13:46:19] local.INFO: Identified as modern land use format (goes to mlsfNo) {"mlsFNo":"RES-RC-1981-146"} 
[2026-05-19 13:46:19] local.INFO: Skipping fileNumber insert - record already exists {"file_number":"RES-RC-1981-146","existing_id":"111269"} 
[2026-05-19 13:46:19] local.INFO: Property ID allocated for permanent file number (indexing) {"prop_id":13104,"file_number":"RES-RC-1981-146"} 
[2026-05-19 13:46:19] local.INFO: Transaction routing decision {"transaction_type":"Deed of Assignment","is_cofo":false,"is_op":false,"record_id":28873,"target_table":"file_history_staging"} 
[2026-05-19 13:46:19] local.INFO: Updated property record {"id":28873,"table":"file_history_staging","transaction_type":"Deed of Assignment","prop_id":13104} 
[2026-05-19 13:46:19] local.INFO: Transaction routing decision {"transaction_type":"Deed of Mortgage","is_cofo":false,"is_op":false,"record_id":28874,"target_table":"file_history_staging"} 
[2026-05-19 13:46:19] local.INFO: Updated property record {"id":28874,"table":"file_history_staging","transaction_type":"Deed of Mortgage","prop_id":13104} 
[2026-05-19 13:46:19] local.INFO: Transaction routing decision {"transaction_type":"Certificate of Occupancy","is_cofo":true,"is_op":false,"record_id":82949,"target_table":"CofO_staging"} 
[2026-05-19 13:46:19] local.INFO: Updated CofO record in staging from indexing {"id":82949,"transaction_type":"Certificate of Occupancy","table":"CofO_staging"} 
[2026-05-19 13:46:19] local.INFO: Transaction routing decision {"transaction_type":"Certificate of Occupancy","is_cofo":true,"is_op":false,"record_id":10517,"target_table":"CofO_staging"} 
[2026-05-19 13:46:19] local.INFO: Updated CofO record in staging from indexing {"id":10517,"transaction_type":"Certificate of Occupancy","table":"CofO_staging"} 
[2026-05-19 13:46:19] local.INFO: Transaction routing decision {"transaction_type":"Right of Occupancy","is_cofo":false,"is_op":false,"record_id":139228,"target_table":"file_history_staging"} 
[2026-05-19 13:46:19] local.INFO: Updated property record {"id":139228,"table":"file_history_staging","transaction_type":"Right of Occupancy","prop_id":13104} 
[2026-05-19 13:46:19] local.INFO: Transaction routing decision {"transaction_type":"Deed of Assignment","is_cofo":false,"is_op":false,"record_id":45732,"target_table":"file_history_staging"} 
[2026-05-19 13:46:19] local.INFO: Updated property record {"id":45732,"table":"file_history_staging","transaction_type":"Deed of Assignment","prop_id":13104} 
[2026-05-19 13:46:19] local.INFO: Transaction routing decision {"transaction_type":"Deed of Mortgage","is_cofo":false,"is_op":false,"record_id":60346,"target_table":"file_history_staging"} 
[2026-05-19 13:46:19] local.INFO: Updated property record {"id":60346,"table":"file_history_staging","transaction_type":"Deed of Mortgage","prop_id":13104} 
[2026-05-19 13:46:19] local.INFO: Transaction routing decision {"transaction_type":"Right of Occupancy","is_cofo":false,"is_op":false,"record_id":86480,"target_table":"file_history_staging"} 
[2026-05-19 13:46:19] local.INFO: Updated property record {"id":86480,"table":"file_history_staging","transaction_type":"Right of Occupancy","prop_id":13104} 
[2026-05-19 13:46:19] local.INFO: Transaction routing decision {"transaction_type":"Deed of Mortgage","is_cofo":false,"is_op":false,"record_id":41698,"target_table":"file_history_staging"} 
[2026-05-19 13:46:19] local.INFO: Updated property record {"id":41698,"table":"file_history_staging","transaction_type":"Deed of Mortgage","prop_id":13104} 
[2026-05-19 13:46:19] local.INFO: Purged PRA rows created through indexing payload {"file_identifiers":{"mlsFNo":"RES-RC-1981-146","fileno":"RES-RC-1981-146"},"transaction_type":"Right of Occupancy","serial":null,"deleted_rows":1} 
[2026-05-19 13:52:22] local.INFO: === Property Record from File Indexing START ===  
[2026-05-19 13:52:22] local.INFO: Request Data: {"file_number":"RES-RC-1981-146","temp_fileno":null,"file_title":"IBRAHIM ALIYU","plot_no":"103","tp_no":null,"lpkn_no":null,"lga":"Kabo","district":"Other","property_description":"Other, Kabo","test_control":null,"transactions":[{"record_id":"28873","transaction_type":"Deed of Assignment","instrument_type":"Deed of Assignment","op_type":null,"transaction_date":"1982-05-31","op_serial_number":null,"serial_no":"37","page_no":"37","volume_no":"1","reg_date":"1982-08-03","reg_time":"09:00","land_use":"RESIDENTIAL","period":null,"period_unit":"Years","comments":null,"first_party":"AHMED M. FALAKI","second_party":"IBRAHIM ALIYU","co_first_party":null,"third_party":null,"mortgagor_3":null,"party_4":null,"party_5":null},{"record_id":"28874","transaction_type":"Deed of Mortgage","instrument_type":"Deed of Mortgage","op_type":null,"transaction_date":"1985-06-06","op_serial_number":null,"serial_no":"249","page_no":"249","volume_no":"4","reg_date":"1986-02-27","reg_time":"09:00","land_use":"RESIDENTIAL","period":null,"period_unit":"Years","comments":null,"first_party":"FEDERAL MORTGAGE BANK OF NIGERIA LTD","second_party":"IBRAHIM ALIYU","co_first_party":null,"third_party":null,"mortgagor_3":null,"party_4":null,"party_5":null},{"record_id":"82949","transaction_type":"Certificate of Occupancy","instrument_type":"Certificate of Occupancy","op_type":null,"transaction_date":"1979-11-05","op_serial_number":null,"serial_no":"130","page_no":"130","volume_no":"1","reg_date":"2026-05-19","reg_time":"09:54","land_use":"RESIDENTIAL","period":"99","period_unit":"Years","comments":null,"first_party":"KANO STATE GOVERNMENT","second_party":"AHMED M. FALAKI","co_first_party":null,"third_party":null,"mortgagor_3":null,"party_4":null,"party_5":null},{"record_id":"10517","transaction_type":"Certificate of Occupancy","instrument_type":"Certificate of Occupancy","op_type":null,"transaction_date":"23-11-1982","op_serial_number":null,"serial_no":"203","page_no":"203","volume_no":"9","reg_date":"2026-05-19","reg_time":"09:00","land_use":"RESIDENTIAL","period":null,"period_unit":"Years","comments":null,"first_party":"Kano State Government","second_party":"ILYASU MAIKUDI","co_first_party":null,"third_party":null,"mortgagor_3":null,"party_4":null,"party_5":null},{"record_id":"139228","transaction_type":"Right of Occupancy","instrument_type":"Right of Occupancy","op_type":null,"transaction_date":"1982-02-15","op_serial_number":null,"serial_no":null,"page_no":null,"volume_no":null,"reg_date":"2026-05-19","reg_time":"09:00","land_use":"RESIDENTIAL","period":null,"period_unit":"Years","comments":null,"first_party":"KANO STATE GOVERNMENT","second_party":"AHMED M. FALAKI","co_first_party":null,"third_party":null,"mortgagor_3":null,"party_4":null,"party_5":null},{"record_id":"45732","transaction_type":"Deed of Assignment","instrument_type":"Deed of Assignment","op_type":null,"transaction_date":"May 31 1982 12:00AM","op_serial_number":null,"serial_no":"37","page_no":"37","volume_no":"1","reg_date":"2026-05-19","reg_time":"09:00","land_use":"Residential","period":null,"period_unit":"Years","comments":null,"first_party":"AHMED M FALAKI","second_party":"IBRAHIM ALIYU","co_first_party":null,"third_party":null,"mortgagor_3":null,"party_4":null,"party_5":null},{"record_id":"60346","transaction_type":"Deed of Mortgage","instrument_type":"Deed of Mortgage","op_type":null,"transaction_date":"Jun  6 1985 12:00AM","op_serial_number":null,"serial_no":"209","page_no":"209","volume_no":"4","reg_date":"2026-05-19","reg_time":"09:00","land_use":"RESIDENTIAL","period":null,"period_unit":"Years","comments":null,"first_party":"ALHAJI IBRAHIM ALIYU","second_party":"FEDERAL MORTGAGE BANK OF NIGERIA","co_first_party":null,"third_party":null,"mortgagor_3":null,"party_4":null,"party_5":null},{"record_id":"86480","transaction_type":"Right of Occupancy","instrument_type":"Right of Occupancy","op_type":null,"transaction_date":"Mar 11 2025 12:00AM","op_serial_number":null,"serial_no":"0","page_no":"0","volume_no":"0","reg_date":"2026-05-19","reg_time":"09:00","land_use":"Residential","period":null,"period_unit":"Years","comments":null,"first_party":"KANO STATE GOVERNMENT","second_party":"ILIYASU MAIKUDI","co_first_party":null,"third_party":null,"mortgagor_3":null,"party_4":null,"party_5":null},{"record_id":"41698","transaction_type":"Deed of Mortgage","instrument_type":"Deed of Mortgage","op_type":null,"transaction_date":"2026-05-19","op_serial_number":null,"serial_no":"249","page_no":"249","volume_no":"2","reg_date":"2026-05-19","reg_time":"09:00","land_use":"Residential","period":null,"period_unit":"Years","comments":null,"first_party":"ALH IBRAHIM MOHAMMED","second_party":"FADERAL MORTGAGE BANK OF NIG","co_first_party":null,"third_party":null,"mortgagor_3":null,"party_4":null,"party_5":null}]} 
[2026-05-19 13:52:22] local.INFO: Validation passed. Processing file number: RES-RC-1981-146  
[2026-05-19 13:52:22] local.INFO: Parsing file number format {"file_number":"RES-RC-1981-146"} 
[2026-05-19 13:52:22] local.INFO: Identified as modern land use format (goes to mlsfNo) {"mlsFNo":"RES-RC-1981-146"} 
[2026-05-19 13:52:22] local.INFO: Skipping fileNumber insert - record already exists {"file_number":"RES-RC-1981-146","existing_id":"111269"} 
[2026-05-19 13:52:22] local.INFO: Property ID allocated for permanent file number (indexing) {"prop_id":13104,"file_number":"RES-RC-1981-146"} 
[2026-05-19 13:52:22] local.INFO: Transaction routing decision {"transaction_type":"Deed of Assignment","is_cofo":false,"is_op":false,"record_id":28873,"target_table":"file_history_staging"} 
[2026-05-19 13:52:22] local.INFO: Updated property record {"id":28873,"table":"file_history_staging","transaction_type":"Deed of Assignment","prop_id":13104} 
[2026-05-19 13:52:22] local.INFO: Transaction routing decision {"transaction_type":"Deed of Mortgage","is_cofo":false,"is_op":false,"record_id":28874,"target_table":"file_history_staging"} 
[2026-05-19 13:52:22] local.INFO: Updated property record {"id":28874,"table":"file_history_staging","transaction_type":"Deed of Mortgage","prop_id":13104} 
[2026-05-19 13:52:22] local.INFO: Transaction routing decision {"transaction_type":"Certificate of Occupancy","is_cofo":true,"is_op":false,"record_id":82949,"target_table":"CofO_staging"} 
[2026-05-19 13:52:22] local.INFO: Updated CofO record in staging from indexing {"id":82949,"transaction_type":"Certificate of Occupancy","table":"CofO_staging"} 
[2026-05-19 13:52:22] local.INFO: Transaction routing decision {"transaction_type":"Certificate of Occupancy","is_cofo":true,"is_op":false,"record_id":10517,"target_table":"CofO_staging"} 
[2026-05-19 13:52:22] local.INFO: Updated CofO record in staging from indexing {"id":10517,"transaction_type":"Certificate of Occupancy","table":"CofO_staging"} 
[2026-05-19 13:52:22] local.INFO: Transaction routing decision {"transaction_type":"Right of Occupancy","is_cofo":false,"is_op":false,"record_id":139228,"target_table":"file_history_staging"} 
[2026-05-19 13:52:22] local.INFO: Updated property record {"id":139228,"table":"file_history_staging","transaction_type":"Right of Occupancy","prop_id":13104} 
[2026-05-19 13:52:22] local.INFO: Transaction routing decision {"transaction_type":"Deed of Assignment","is_cofo":false,"is_op":false,"record_id":45732,"target_table":"file_history_staging"} 
[2026-05-19 13:52:22] local.INFO: Updated property record {"id":45732,"table":"file_history_staging","transaction_type":"Deed of Assignment","prop_id":13104} 
[2026-05-19 13:52:22] local.INFO: Transaction routing decision {"transaction_type":"Deed of Mortgage","is_cofo":false,"is_op":false,"record_id":60346,"target_table":"file_history_staging"} 
[2026-05-19 13:52:22] local.INFO: Updated property record {"id":60346,"table":"file_history_staging","transaction_type":"Deed of Mortgage","prop_id":13104} 
[2026-05-19 13:52:22] local.INFO: Transaction routing decision {"transaction_type":"Right of Occupancy","is_cofo":false,"is_op":false,"record_id":86480,"target_table":"file_history_staging"} 
[2026-05-19 13:52:22] local.INFO: Updated property record {"id":86480,"table":"file_history_staging","transaction_type":"Right of Occupancy","prop_id":13104} 
[2026-05-19 13:52:22] local.INFO: Transaction routing decision {"transaction_type":"Deed of Mortgage","is_cofo":false,"is_op":false,"record_id":41698,"target_table":"file_history_staging"} 
[2026-05-19 13:52:22] local.INFO: Updated property record {"id":41698,"table":"file_history_staging","transaction_type":"Deed of Mortgage","prop_id":13104} 
[2026-05-19 13:52:30] local.INFO: Checking existing property records for file number: RES-RC-1981-146  
[2026-05-19 13:52:30] local.INFO: Built variants for file number search: ["RES-RC-1981-146","RES-1981-146","RES/1981/146","RES 1981 146","RES1981146","RES-1981-0146","RES/1981/0146","RES 1981 0146","RES19810146","RES-RC/1981/146","RES-RC 1981 146","RES-RC1981146","RESRC-1981-146","RES-RC-1981-0146","RES-RC/1981/0146","RES-RC 1981 0146","RES-RC19810146","RESRC-1981-0146","CON-RES-1981-146","CON-RES/1981/146","CON-RES 1981 146","CON-RES1981146","CONRES-1981-146","CON-RES-1981-0146","CON-RES/1981/0146","CON-RES 1981 0146","CON-RES19810146","CONRES-1981-0146","CON-RES-RC-1981-146","CON-RES-RC/1981/146","CON-RES-RC 1981 146","CON-RES-RC1981146","CONRESRC-1981-146","CON-RES-RC-1981-0146","CON-RES-RC/1981/0146","CON-RES-RC 1981 0146","CON-RES-RC19810146","CONRESRC-1981-0146","CN-RES-1981-146","CN-RES/1981/146","CN-RES 1981 146","CN-RES1981146","CNRES-1981-146","CN-RES-1981-0146","CN-RES/1981/0146","CN-RES 1981 0146","CN-RES19810146","CNRES-1981-0146","CN-RES-RC-1981-146","CN-RES-RC/1981/146","CN-RES-RC 1981 146","CN-RES-RC1981146","CNRESRC-1981-146","CN-RES-RC-1981-0146","CN-RES-RC/1981/0146","CN-RES-RC 1981 0146","CN-RES-RC19810146","CNRESRC-1981-0146","RESRC1981146","RES_RC_1981_146","RES/RC/1981/146","RES RC 1981 146"] 
[2026-05-19 13:52:31] local.INFO: Found property records: 2 (FH), 2 (COFO), 4 (PRA), 0 (Deeds)  
[2026-05-19 13:54:21] local.INFO: Checking existing property records for file number: RES-RC-1981-146  
[2026-05-19 13:54:21] local.INFO: Built variants for file number search: ["RES-RC-1981-146","RES-1981-146","RES/1981/146","RES 1981 146","RES1981146","RES-1981-0146","RES/1981/0146","RES 1981 0146","RES19810146","RES-RC/1981/146","RES-RC 1981 146","RES-RC1981146","RESRC-1981-146","RES-RC-1981-0146","RES-RC/1981/0146","RES-RC 1981 0146","RES-RC19810146","RESRC-1981-0146","CON-RES-1981-146","CON-RES/1981/146","CON-RES 1981 146","CON-RES1981146","CONRES-1981-146","CON-RES-1981-0146","CON-RES/1981/0146","CON-RES 1981 0146","CON-RES19810146","CONRES-1981-0146","CON-RES-RC-1981-146","CON-RES-RC/1981/146","CON-RES-RC 1981 146","CON-RES-RC1981146","CONRESRC-1981-146","CON-RES-RC-1981-0146","CON-RES-RC/1981/0146","CON-RES-RC 1981 0146","CON-RES-RC19810146","CONRESRC-1981-0146","CN-RES-1981-146","CN-RES/1981/146","CN-RES 1981 146","CN-RES1981146","CNRES-1981-146","CN-RES-1981-0146","CN-RES/1981/0146","CN-RES 1981 0146","CN-RES19810146","CNRES-1981-0146","CN-RES-RC-1981-146","CN-RES-RC/1981/146","CN-RES-RC 1981 146","CN-RES-RC1981146","CNRESRC-1981-146","CN-RES-RC-1981-0146","CN-RES-RC/1981/0146","CN-RES-RC 1981 0146","CN-RES-RC19810146","CNRESRC-1981-0146","RESRC1981146","RES_RC_1981_146","RES/RC/1981/146","RES RC 1981 146"] 
[2026-05-19 13:54:22] local.INFO: Found property records: 2 (FH), 2 (COFO), 4 (PRA), 0 (Deeds)  
[2026-05-19 13:55:17] local.INFO: Checking existing property records for file number: RES-RC-1981-146  
[2026-05-19 13:55:17] local.INFO: Built variants for file number search: ["RES-RC-1981-146","RES-1981-146","RES/1981/146","RES 1981 146","RES1981146","RES-1981-0146","RES/1981/0146","RES 1981 0146","RES19810146","RES-RC/1981/146","RES-RC 1981 146","RES-RC1981146","RESRC-1981-146","RES-RC-1981-0146","RES-RC/1981/0146","RES-RC 1981 0146","RES-RC19810146","RESRC-1981-0146","CON-RES-1981-146","CON-RES/1981/146","CON-RES 1981 146","CON-RES1981146","CONRES-1981-146","CON-RES-1981-0146","CON-RES/1981/0146","CON-RES 1981 0146","CON-RES19810146","CONRES-1981-0146","CON-RES-RC-1981-146","CON-RES-RC/1981/146","CON-RES-RC 1981 146","CON-RES-RC1981146","CONRESRC-1981-146","CON-RES-RC-1981-0146","CON-RES-RC/1981/0146","CON-RES-RC 1981 0146","CON-RES-RC19810146","CONRESRC-1981-0146","CN-RES-1981-146","CN-RES/1981/146","CN-RES 1981 146","CN-RES1981146","CNRES-1981-146","CN-RES-1981-0146","CN-RES/1981/0146","CN-RES 1981 0146","CN-RES19810146","CNRES-1981-0146","CN-RES-RC-1981-146","CN-RES-RC/1981/146","CN-RES-RC 1981 146","CN-RES-RC1981146","CNRESRC-1981-146","CN-RES-RC-1981-0146","CN-RES-RC/1981/0146","CN-RES-RC 1981 0146","CN-RES-RC19810146","CNRESRC-1981-0146","RESRC1981146","RES_RC_1981_146","RES/RC/1981/146","RES RC 1981 146"] 
[2026-05-19 13:55:18] local.INFO: Found property records: 2 (FH), 2 (COFO), 4 (PRA), 0 (Deeds)  
[2026-05-19 13:55:37] local.INFO: Checking existing property records for file number: RES-RC-1981-146  
[2026-05-19 13:55:37] local.INFO: Built variants for file number search: ["RES-RC-1981-146","RES-1981-146","RES/1981/146","RES 1981 146","RES1981146","RES-1981-0146","RES/1981/0146","RES 1981 0146","RES19810146","RES-RC/1981/146","RES-RC 1981 146","RES-RC1981146","RESRC-1981-146","RES-RC-1981-0146","RES-RC/1981/0146","RES-RC 1981 0146","RES-RC19810146","RESRC-1981-0146","CON-RES-1981-146","CON-RES/1981/146","CON-RES 1981 146","CON-RES1981146","CONRES-1981-146","CON-RES-1981-0146","CON-RES/1981/0146","CON-RES 1981 0146","CON-RES19810146","CONRES-1981-0146","CON-RES-RC-1981-146","CON-RES-RC/1981/146","CON-RES-RC 1981 146","CON-RES-RC1981146","CONRESRC-1981-146","CON-RES-RC-1981-0146","CON-RES-RC/1981/0146","CON-RES-RC 1981 0146","CON-RES-RC19810146","CONRESRC-1981-0146","CN-RES-1981-146","CN-RES/1981/146","CN-RES 1981 146","CN-RES1981146","CNRES-1981-146","CN-RES-1981-0146","CN-RES/1981/0146","CN-RES 1981 0146","CN-RES19810146","CNRES-1981-0146","CN-RES-RC-1981-146","CN-RES-RC/1981/146","CN-RES-RC 1981 146","CN-RES-RC1981146","CNRESRC-1981-146","CN-RES-RC-1981-0146","CN-RES-RC/1981/0146","CN-RES-RC 1981 0146","CN-RES-RC19810146","CNRESRC-1981-0146","RESRC1981146","RES_RC_1981_146","RES/RC/1981/146","RES RC 1981 146"] 
[2026-05-19 13:55:38] local.INFO: Found property records: 2 (FH), 2 (COFO), 4 (PRA), 0 (Deeds)  
[2026-05-19 13:56:07] local.INFO: Checking existing property records for file number: RES-RC-1981-146  
[2026-05-19 13:56:07] local.INFO: Built variants for file number search: ["RES-RC-1981-146","RES-1981-146","RES/1981/146","RES 1981 146","RES1981146","RES-1981-0146","RES/1981/0146","RES 1981 0146","RES19810146","RES-RC/1981/146","RES-RC 1981 146","RES-RC1981146","RESRC-1981-146","RES-RC-1981-0146","RES-RC/1981/0146","RES-RC 1981 0146","RES-RC19810146","RESRC-1981-0146","CON-RES-1981-146","CON-RES/1981/146","CON-RES 1981 146","CON-RES1981146","CONRES-1981-146","CON-RES-1981-0146","CON-RES/1981/0146","CON-RES 1981 0146","CON-RES19810146","CONRES-1981-0146","CON-RES-RC-1981-146","CON-RES-RC/1981/146","CON-RES-RC 1981 146","CON-RES-RC1981146","CONRESRC-1981-146","CON-RES-RC-1981-0146","CON-RES-RC/1981/0146","CON-RES-RC 1981 0146","CON-RES-RC19810146","CONRESRC-1981-0146","CN-RES-1981-146","CN-RES/1981/146","CN-RES 1981 146","CN-RES1981146","CNRES-1981-146","CN-RES-1981-0146","CN-RES/1981/0146","CN-RES 1981 0146","CN-RES19810146","CNRES-1981-0146","CN-RES-RC-1981-146","CN-RES-RC/1981/146","CN-RES-RC 1981 146","CN-RES-RC1981146","CNRESRC-1981-146","CN-RES-RC-1981-0146","CN-RES-RC/1981/0146","CN-RES-RC 1981 0146","CN-RES-RC19810146","CNRESRC-1981-0146","RESRC1981146","RES_RC_1981_146","RES/RC/1981/146","RES RC 1981 146"] 
[2026-05-19 13:56:08] local.INFO: Found property records: 2 (FH), 2 (COFO), 4 (PRA), 0 (Deeds)  
[2026-05-19 13:56:32] local.INFO: === Property Record from File Indexing START ===  
[2026-05-19 13:56:32] local.INFO: Request Data: {"file_number":"RES-RC-1981-146","temp_fileno":null,"file_title":"IBRAHIM ALIYU","plot_no":"103","tp_no":null,"lpkn_no":null,"lga":"Kabo","district":"Other","property_description":"Other, Kabo","test_control":null,"transactions":[{"record_id":"28873","_source":"fh","transaction_type":"Deed of Assignment","instrument_type":"Deed of Assignment","op_type":null,"transaction_date":"1982-05-31","op_serial_number":null,"serial_no":"37","page_no":"37","volume_no":"1","reg_date":"1982-08-03","reg_time":"09:00","land_use":"RESIDENTIAL","period":null,"period_unit":"Years","comments":null,"first_party":"AHMED M. FALAKI","second_party":"IBRAHIM ALIYU","co_first_party":null,"third_party":null,"mortgagor_3":null,"party_4":null,"party_5":null},{"record_id":"28874","_source":"fh","transaction_type":"Deed of Mortgage","instrument_type":"Deed of Mortgage","op_type":null,"transaction_date":"1985-06-06","op_serial_number":null,"serial_no":"249","page_no":"249","volume_no":"4","reg_date":"1986-02-27","reg_time":"09:00","land_use":"RESIDENTIAL","period":null,"period_unit":"Years","comments":null,"first_party":"FEDERAL MORTGAGE BANK OF NIGERIA LTD","second_party":"IBRAHIM ALIYU","co_first_party":null,"third_party":null,"mortgagor_3":null,"party_4":null,"party_5":null},{"record_id":"82949","_source":"cofo","transaction_type":"Certificate of Occupancy","instrument_type":"Certificate of Occupancy","op_type":null,"transaction_date":"1979-11-05","op_serial_number":null,"serial_no":"130","page_no":"130","volume_no":"1","reg_date":"2026-05-19","reg_time":"09:00","land_use":"RESIDENTIAL","period":null,"period_unit":"Years","comments":null,"first_party":"KANO STATE GOVERNMENT","second_party":"AHMED M. FALAKI","co_first_party":null,"third_party":null,"mortgagor_3":null,"party_4":null,"party_5":null},{"record_id":"10517","_source":"cofo","transaction_type":"Certificate of Occupancy","instrument_type":"Certificate of Occupancy","op_type":null,"transaction_date":"23-11-1982","op_serial_number":null,"serial_no":"203","page_no":"203","volume_no":"9","reg_date":"2026-05-19","reg_time":"09:00","land_use":"RESIDENTIAL","period":null,"period_unit":"Years","comments":null,"first_party":"Kano State Government","second_party":"ILYASU MAIKUDI","co_first_party":null,"third_party":null,"mortgagor_3":null,"party_4":null,"party_5":null},{"record_id":"45732","_source":"pra","transaction_type":"Deed of Assignment","instrument_type":"Deed of Assignment","op_type":null,"transaction_date":"May 31 1982 12:00AM","op_serial_number":null,"serial_no":"37","page_no":"37","volume_no":"1","reg_date":"2026-05-19","reg_time":"09:00","land_use":"Residential","period":null,"period_unit":"Years","comments":null,"first_party":"AHMED M FALAKI","second_party":"IBRAHIM ALIYU","co_first_party":null,"third_party":null,"mortgagor_3":null,"party_4":null,"party_5":null},{"record_id":"41698","_source":"pra","transaction_type":"Deed of Mortgage","instrument_type":"Deed of Mortgage","op_type":null,"transaction_date":"1985-06-06","op_serial_number":null,"serial_no":"249","page_no":"249","volume_no":"2","reg_date":"2026-05-19","reg_time":"09:00","land_use":"Residential","period":null,"period_unit":"Years","comments":null,"first_party":"ALH IBRAHIM MOHAMMED","second_party":"FADERAL MORTGAGE BANK OF NIG","co_first_party":null,"third_party":null,"mortgagor_3":null,"party_4":null,"party_5":null},{"record_id":"60346","_source":"pra","transaction_type":"Deed of Mortgage","instrument_type":"Deed of Mortgage","op_type":null,"transaction_date":"Jun  6 1985 12:00AM","op_serial_number":null,"serial_no":"209","page_no":"209","volume_no":"4","reg_date":"2026-05-19","reg_time":"09:00","land_use":"RESIDENTIAL","period":null,"period_unit":"Years","comments":null,"first_party":"ALHAJI IBRAHIM ALIYU","second_party":"FEDERAL MORTGAGE BANK OF NIGERIA","co_first_party":null,"third_party":null,"mortgagor_3":null,"party_4":null,"party_5":null},{"record_id":"86480","_source":"pra","transaction_type":"Right of Occupancy","instrument_type":"Right of Occupancy","op_type":null,"transaction_date":"2026-05-19","op_serial_number":null,"serial_no":"0","page_no":"0","volume_no":"0","reg_date":"2026-05-19","reg_time":"09:00","land_use":"Residential","period":null,"period_unit":"Years","comments":null,"first_party":"KANO STATE GOVERNMENT","second_party":"ILIYASU MAIKUDI","co_first_party":null,"third_party":null,"mortgagor_3":null,"party_4":null,"party_5":null}]} 
[2026-05-19 13:56:32] local.INFO: Validation passed. Processing file number: RES-RC-1981-146  
[2026-05-19 13:56:32] local.INFO: Parsing file number format {"file_number":"RES-RC-1981-146"} 
[2026-05-19 13:56:32] local.INFO: Identified as modern land use format (goes to mlsfNo) {"mlsFNo":"RES-RC-1981-146"} 
[2026-05-19 13:56:32] local.INFO: Skipping fileNumber insert - record already exists {"file_number":"RES-RC-1981-146","existing_id":"111269"} 
[2026-05-19 13:56:33] local.INFO: Property ID allocated for permanent file number (indexing) {"prop_id":13104,"file_number":"RES-RC-1981-146"} 
[2026-05-19 13:56:33] local.INFO: Transaction routing decision {"transaction_type":"Deed of Assignment","is_cofo":false,"is_op":false,"record_id":28873,"target_table":"file_history_staging"} 
[2026-05-19 13:56:33] local.INFO: Updated property record {"id":28873,"table":"file_history_staging","transaction_type":"Deed of Assignment","prop_id":13104} 
[2026-05-19 13:56:33] local.INFO: Transaction routing decision {"transaction_type":"Deed of Mortgage","is_cofo":false,"is_op":false,"record_id":28874,"target_table":"file_history_staging"} 
[2026-05-19 13:56:33] local.INFO: Updated property record {"id":28874,"table":"file_history_staging","transaction_type":"Deed of Mortgage","prop_id":13104} 
[2026-05-19 13:56:33] local.INFO: Transaction routing decision {"transaction_type":"Certificate of Occupancy","is_cofo":true,"is_op":false,"record_id":82949,"target_table":"CofO_staging"} 
[2026-05-19 13:56:33] local.INFO: Updated CofO record in staging from indexing {"id":82949,"transaction_type":"Certificate of Occupancy","table":"CofO_staging"} 
[2026-05-19 13:56:33] local.INFO: Transaction routing decision {"transaction_type":"Certificate of Occupancy","is_cofo":true,"is_op":false,"record_id":10517,"target_table":"CofO_staging"} 
[2026-05-19 13:56:33] local.INFO: Updated CofO record in staging from indexing {"id":10517,"transaction_type":"Certificate of Occupancy","table":"CofO_staging"} 
[2026-05-19 13:56:33] local.INFO: Transaction routing decision {"transaction_type":"Deed of Assignment","is_cofo":false,"is_op":false,"record_id":45732,"target_table":"file_history_staging"} 
[2026-05-19 13:56:33] local.INFO: Updated property record {"id":45732,"table":"pra","transaction_type":"Deed of Assignment","prop_id":13104} 
[2026-05-19 13:56:33] local.INFO: Transaction routing decision {"transaction_type":"Deed of Mortgage","is_cofo":false,"is_op":false,"record_id":41698,"target_table":"file_history_staging"} 
[2026-05-19 13:56:33] local.INFO: Updated property record {"id":41698,"table":"pra","transaction_type":"Deed of Mortgage","prop_id":13104} 
[2026-05-19 13:56:33] local.INFO: Transaction routing decision {"transaction_type":"Deed of Mortgage","is_cofo":false,"is_op":false,"record_id":60346,"target_table":"file_history_staging"} 
[2026-05-19 13:56:33] local.INFO: Updated property record {"id":60346,"table":"pra","transaction_type":"Deed of Mortgage","prop_id":13104} 
[2026-05-19 13:56:33] local.INFO: Transaction routing decision {"transaction_type":"Right of Occupancy","is_cofo":false,"is_op":false,"record_id":86480,"target_table":"file_history_staging"} 
[2026-05-19 13:56:33] local.INFO: Updated property record {"id":86480,"table":"pra","transaction_type":"Right of Occupancy","prop_id":13104} 
[2026-05-19 13:56:54] local.INFO: Checking existing property records for file number: RES-RC-1981-146  
[2026-05-19 13:56:54] local.INFO: Built variants for file number search: ["RES-RC-1981-146","RESRC1981146","RES_RC_1981_146","RES/RC/1981/146","RES RC 1981 146"] 
[2026-05-19 13:56:54] local.INFO: Found property records: 2 (FH), 2 (COFO), 4 (PRA), 0 (Deeds)  
[2026-05-19 14:57:41] local.ERROR: SQLSTATE[HY000] [2002] No connection could be made because the target machine actively refused it (SQL: select * from `settings` where `parent_id` = 1) {"userId":1,"exception":"[object] (Illuminate\\Database\\QueryException(code: 2002): SQLSTATE[HY000] [2002] No connection could be made because the target machine actively refused it (SQL: select * from `settings` where `parent_id` = 1) at C:\\wamp64\\www\\klaes\\vendor\\laravel\\framework\\src\\Illuminate\\Database\\Connection.php:760)
[stacktrace]
#0 C:\\wamp64\\www\\klaes\\vendor\\laravel\\framework\\src\\Illuminate\\Database\\Connection.php(720): Illuminate\\Database\\Connection->runQueryCallback('select * from `...', Array, Object(Closure))
#1 C:\\wamp64\\www\\klaes\\vendor\\laravel\\framework\\src\\Illuminate\\Database\\Connection.php(405): Illuminate\\Database\\Connection->run('select * from `...', Array, Object(Closure))
#2 C:\\wamp64\\www\\klaes\\vendor\\laravel\\framework\\src\\Illuminate\\Database\\Query\\Builder.php(2705): Illuminate\\Database\\Connection->select('select * from `...', Array, true)
#3 C:\\wamp64\\www\\klaes\\vendor\\laravel\\framework\\src\\Illuminate\\Database\\Query\\Builder.php(2694): Illuminate\\Database\\Query\\Builder->runSelect()
#4 C:\\wamp64\\www\\klaes\\vendor\\laravel\\framework\\src\\Illuminate\\Database\\Query\\Builder.php(3230): Illuminate\\Database\\Query\\Builder->Illuminate\\Database\\Query\\{closure}()
#5 C:\\wamp64\\www\\klaes\\vendor\\laravel\\framework\\src\\Illuminate\\Database\\Query\\Builder.php(2693): Illuminate\\Database\\Query\\Builder->onceWithColumns(Array, Object(Closure))
#6 C:\\wamp64\\www\\klaes\\app\\Helper\\helper.php(371): Illuminate\\Database\\Query\\Builder->get()
#7 C:\\wamp64\\www\\klaes\\app\\Helper\\helper.php(454): settings()
#8 C:\\wamp64\\www\\klaes\\app\\Http\\Middleware\\XSS.php(25): getSettingsValByName('timezone')
#9 C:\\wamp64\\www\\klaes\\vendor\\laravel\\framework\\src\\Illuminate\\Pipeline\\Pipeline.php(180): App\\Http\\Middleware\\XSS->handle(Object(Illuminate\\Http\\Request), Object(Closure))
#10 C:\\wamp64\\www\\klaes\\app\\Http\\Middleware\\Verify2FA.php(26): Illuminate\\Pipeline\\Pipeline->Illuminate\\Pipeline\\{closure}(Object(Illuminate\\Http\\Request))
#11 C:\\wamp64\\www\\klaes\\vendor\\laravel\\framework\\src\\Illuminate\\Pipeline\\Pipeline.php(180): App\\Http\\Middleware\\Verify2FA->handle(Object(Illuminate\\Http\\Request), Object(Closure))
#12 C:\\wamp64\\www\\klaes\\vendor\\laravel\\framework\\src\\Illuminate\\Routing\\Middleware\\SubstituteBindings.php(50): Illuminate\\Pipeline\\Pipeline->Illuminate\\Pipeline\\{closure}(Object(Illuminate\\Http\\Request))
#13 C:\\wamp64\\www\\klaes\\vendor\\laravel\\framework\\src\\Illuminate\\Pipeline\\Pipeline.php(180): Illuminate\\Routing\\Middleware\\SubstituteBindings->handle(Object(Illuminate\\Http\\Request), Object(Closure))
#14 C:\\wamp64\\www\\klaes\\vendor\\laravel\\framework\\src\\Illuminate\\Auth\\Middleware\\Authenticate.php(44): Illuminate\\Pipeline\\Pipeline->Illuminate\\Pipeline\\{closure}(Object(Illuminate\\Http\\Request))
#15 C:\\wamp64\\www\\klaes\\vendor\\laravel\\framework\\src\\Illuminate\\Pipeline\\Pipeline.php(180): Illuminate\\Auth\\Middleware\\Authenticate->handle(Object(Illuminate\\Http\\Request), Object(Closure))
#16 C:\\wamp64\\www\\klaes\\vendor\\laravel\\framework\\src\\Illuminate\\Foundation\\Http\\Middleware\\VerifyCsrfToken.php(78): Illuminate\\Pipeline\\Pipeline->Illuminate\\Pipeline\\{closure}(Object(Illuminate\\Http\\Request))
#17 C:\\wamp64\\www\\klaes\\vendor\\laravel\\framework\\src\\Illuminate\\Pipeline\\Pipeline.php(180): Illuminate\\Foundation\\Http\\Middleware\\VerifyCsrfToken->handle(Object(Illuminate\\Http\\Request), Object(Closure))
#18 C:\\wamp64\\www\\klaes\\vendor\\laravel\\framework\\src\\Illuminate\\View\\Middleware\\ShareErrorsFromSession.php(49): Illuminate\\Pipeline\\Pipeline->Illuminate\\Pipeline\\{closure}(Object(Illuminate\\Http\\Request))
#19 C:\\wamp64\\www\\klaes\\vendor\\laravel\\framework\\src\\Illuminate\\Pipeline\\Pipeline.php(180): Illuminate\\View\\Middleware\\ShareErrorsFromSession->handle(Object(Illuminate\\Http\\Request), Object(Closure))
#20 C:\\wamp64\\www\\klaes\\vendor\\laravel\\framework\\src\\Illuminate\\Session\\Middleware\\StartSession.php(121): Illuminate\\Pipeline\\Pipeline->Illuminate\\Pipeline\\{closure}(Object(Illuminate\\Http\\Request))
#21 C:\\wamp64\\www\\klaes\\vendor\\laravel\\framework\\src\\Illuminate\\Session\\Middleware\\StartSession.php(64): Illuminate\\Session\\Middleware\\StartSession->handleStatefulRequest(Object(Illuminate\\Http\\Request), Object(Illuminate\\Session\\Store), Object(Closure))
#22 C:\\wamp64\\www\\klaes\\vendor\\laravel\\framework\\src\\Illuminate\\Pipeline\\Pipeline.php(180): Illuminate\\Session\\Middleware\\StartSession->handle(Object(Illuminate\\Http\\Request), Object(Closure))
#23 C:\\wamp64\\www\\klaes\\vendor\\laravel\\framework\\src\\Illuminate\\Cookie\\Middleware\\AddQueuedCookiesToResponse.php(37): Illuminate\\Pipeline\\Pipeline->Illuminate\\Pipeline\\{closure}(Object(Illuminate\\Http\\Request))
#24 C:\\wamp64\\www\\klaes\\vendor\\laravel\\framework\\src\\Illuminate\\Pipeline\\Pipeline.php(180): Illuminate\\Cookie\\Middleware\\AddQueuedCookiesToResponse->handle(Object(Illuminate\\Http\\Request), Object(Closure))
#25 C:\\wamp64\\www\\klaes\\vendor\\laravel\\framework\\src\\Illuminate\\Cookie\\Middleware\\EncryptCookies.php(67): Illuminate\\Pipeline\\Pipeline->Illuminate\\Pipeline\\{closure}(Object(Illuminate\\Http\\Request))
#26 C:\\wamp64\\www\\klaes\\vendor\\laravel\\framework\\src\\Illuminate\\Pipeline\\Pipeline.php(180): Illuminate\\Cookie\\Middleware\\EncryptCookies->handle(Object(Illuminate\\Http\\Request), Object(Closure))
#27 C:\\wamp64\\www\\klaes\\vendor\\laravel\\framework\\src\\Illuminate\\Pipeline\\Pipeline.php(116): Illuminate\\Pipeline\\Pipeline->Illuminate\\Pipeline\\{closure}(Object(Illuminate\\Http\\Request))
#28 C:\\wamp64\\www\\klaes\\vendor\\laravel\\framework\\src\\Illuminate\\Routing\\Router.php(797): Illuminate\\Pipeline\\Pipeline->then(Object(Closure))
#29 C:\\wamp64\\www\\klaes\\vendor\\laravel\\framework\\src\\Illuminate\\Routing\\Router.php(776): Illuminate\\Routing\\Router->runRouteWithinStack(Object(Illuminate\\Routing\\Route), Object(Illuminate\\Http\\Request))
#30 C:\\wamp64\\www\\klaes\\vendor\\laravel\\framework\\src\\Illuminate\\Routing\\Router.php(740): Illuminate\\Routing\\Router->runRoute(Object(Illuminate\\Http\\Request), Object(Illuminate\\Routing\\Route))
#31 C:\\wamp64\\www\\klaes\\vendor\\laravel\\framework\\src\\Illuminate\\Routing\\Router.php(729): Illuminate\\Routing\\Router->dispatchToRoute(Object(Illuminate\\Http\\Request))
#32 C:\\wamp64\\www\\klaes\\vendor\\laravel\\framework\\src\\Illuminate\\Foundation\\Http\\Kernel.php(190): Illuminate\\Routing\\Router->dispatch(Object(Illuminate\\Http\\Request))
#33 C:\\wamp64\\www\\klaes\\vendor\\laravel\\framework\\src\\Illuminate\\Pipeline\\Pipeline.php(141): Illuminate\\Foundation\\Http\\Kernel->Illuminate\\Foundation\\Http\\{closure}(Object(Illuminate\\Http\\Request))
#34 C:\\wamp64\\www\\klaes\\vendor\\livewire\\livewire\\src\\DisableBrowserCache.php(19): Illuminate\\Pipeline\\Pipeline->Illuminate\\Pipeline\\{closure}(Object(Illuminate\\Http\\Request))
#35 C:\\wamp64\\www\\klaes\\vendor\\laravel\\framework\\src\\Illuminate\\Pipeline\\Pipeline.php(180): Livewire\\DisableBrowserCache->handle(Object(Illuminate\\Http\\Request), Object(Closure))
#36 C:\\wamp64\\www\\klaes\\app\\Http\\Middleware\\Cors.php(23): Illuminate\\Pipeline\\Pipeline->Illuminate\\Pipeline\\{closure}(Object(Illuminate\\Http\\Request))
#37 C:\\wamp64\\www\\klaes\\vendor\\laravel\\framework\\src\\Illuminate\\Pipeline\\Pipeline.php(180): App\\Http\\Middleware\\Cors->handle(Object(Illuminate\\Http\\Request), Object(Closure))
#38 C:\\wamp64\\www\\klaes\\vendor\\laravel\\framework\\src\\Illuminate\\Foundation\\Http\\Middleware\\TransformsRequest.php(21): Illuminate\\Pipeline\\Pipeline->Illuminate\\Pipeline\\{closure}(Object(Illuminate\\Http\\Request))
#39 C:\\wamp64\\www\\klaes\\vendor\\laravel\\framework\\src\\Illuminate\\Foundation\\Http\\Middleware\\ConvertEmptyStringsToNull.php(31): Illuminate\\Foundation\\Http\\Middleware\\TransformsRequest->handle(Object(Illuminate\\Http\\Request), Object(Closure))
#40 C:\\wamp64\\www\\klaes\\vendor\\laravel\\framework\\src\\Illuminate\\Pipeline\\Pipeline.php(180): Illuminate\\Foundation\\Http\\Middleware\\ConvertEmptyStringsToNull->handle(Object(Illuminate\\Http\\Request), Object(Closure))
#41 C:\\wamp64\\www\\klaes\\vendor\\laravel\\framework\\src\\Illuminate\\Foundation\\Http\\Middleware\\TransformsRequest.php(21): Illuminate\\Pipeline\\Pipeline->Illuminate\\Pipeline\\{closure}(Object(Illuminate\\Http\\Request))
#42 C:\\wamp64\\www\\klaes\\vendor\\laravel\\framework\\src\\Illuminate\\Foundation\\Http\\Middleware\\TrimStrings.php(40): Illuminate\\Foundation\\Http\\Middleware\\TransformsRequest->handle(Object(Illuminate\\Http\\Request), Object(Closure))
#43 C:\\wamp64\\www\\klaes\\vendor\\laravel\\framework\\src\\Illuminate\\Pipeline\\Pipeline.php(180): Illuminate\\Foundation\\Http\\Middleware\\TrimStrings->handle(Object(Illuminate\\Http\\Request), Object(Closure))
#44 C:\\wamp64\\www\\klaes\\vendor\\laravel\\framework\\src\\Illuminate\\Foundation\\Http\\Middleware\\ValidatePostSize.php(27): Illuminate\\Pipeline\\Pipeline->Illuminate\\Pipeline\\{closure}(Object(Illuminate\\Http\\Request))
#45 C:\\wamp64\\www\\klaes\\vendor\\laravel\\framework\\src\\Illuminate\\Pipeline\\Pipeline.php(180): Illuminate\\Foundation\\Http\\Middleware\\ValidatePostSize->handle(Object(Illuminate\\Http\\Request), Object(Closure))
#46 C:\\wamp64\\www\\klaes\\vendor\\laravel\\framework\\src\\Illuminate\\Foundation\\Http\\Middleware\\PreventRequestsDuringMaintenance.php(86): Illuminate\\Pipeline\\Pipeline->Illuminate\\Pipeline\\{closure}(Object(Illuminate\\Http\\Request))
#47 C:\\wamp64\\www\\klaes\\vendor\\laravel\\framework\\src\\Illuminate\\Pipeline\\Pipeline.php(180): Illuminate\\Foundation\\Http\\Middleware\\PreventRequestsDuringMaintenance->handle(Object(Illuminate\\Http\\Request), Object(Closure))
#48 C:\\wamp64\\www\\klaes\\vendor\\laravel\\framework\\src\\Illuminate\\Http\\Middleware\\HandleCors.php(49): Illuminate\\Pipeline\\Pipeline->Illuminate\\Pipeline\\{closure}(Object(Illuminate\\Http\\Request))
#49 C:\\wamp64\\www\\klaes\\vendor\\laravel\\framework\\src\\Illuminate\\Pipeline\\Pipeline.php(180): Illuminate\\Http\\Middleware\\HandleCors->handle(Object(Illuminate\\Http\\Request), Object(Closure))
#50 C:\\wamp64\\www\\klaes\\vendor\\laravel\\framework\\src\\Illuminate\\Http\\Middleware\\TrustProxies.php(39): Illuminate\\Pipeline\\Pipeline->Illuminate\\Pipeline\\{closure}(Object(Illuminate\\Http\\Request))
#51 C:\\wamp64\\www\\klaes\\vendor\\laravel\\framework\\src\\Illuminate\\Pipeline\\Pipeline.php(180): Illuminate\\Http\\Middleware\\TrustProxies->handle(Object(Illuminate\\Http\\Request), Object(Closure))
#52 C:\\wamp64\\www\\klaes\\vendor\\laravel\\framework\\src\\Illuminate\\Pipeline\\Pipeline.php(116): Illuminate\\Pipeline\\Pipeline->Illuminate\\Pipeline\\{closure}(Object(Illuminate\\Http\\Request))
#53 C:\\wamp64\\www\\klaes\\vendor\\laravel\\framework\\src\\Illuminate\\Foundation\\Http\\Kernel.php(165): Illuminate\\Pipeline\\Pipeline->then(Object(Closure))
#54 C:\\wamp64\\www\\klaes\\vendor\\laravel\\framework\\src\\Illuminate\\Foundation\\Http\\Kernel.php(134): Illuminate\\Foundation\\Http\\Kernel->sendRequestThroughRouter(Object(Illuminate\\Http\\Request))
#55 C:\\wamp64\\www\\klaes\\public\\index.php(54): Illuminate\\Foundation\\Http\\Kernel->handle(Object(Illuminate\\Http\\Request))
#56 C:\\wamp64\\www\\klaes\\vendor\\laravel\\framework\\src\\Illuminate\\Foundation\\resources\\server.php(16): require_once('C:\\\\wamp64\\\\www\\\\k...')
#57 {main}

[previous exception] [object] (PDOException(code: 2002): SQLSTATE[HY000] [2002] No connection could be made because the target machine actively refused it at C:\\wamp64\\www\\klaes\\vendor\\laravel\\framework\\src\\Illuminate\\Database\\Connectors\\Connector.php:70)
[stacktrace]
#0 C:\\wamp64\\www\\klaes\\vendor\\laravel\\framework\\src\\Illuminate\\Database\\Connectors\\Connector.php(70): PDO->__construct('mysql:host=loca...', 'root', Object(SensitiveParameterValue), Array)
#1 C:\\wamp64\\www\\klaes\\vendor\\laravel\\framework\\src\\Illuminate\\Database\\Connectors\\Connector.php(45): Illuminate\\Database\\Connectors\\Connector->createPdoConnection('mysql:host=loca...', 'root', '', Array)
#2 C:\\wamp64\\www\\klaes\\vendor\\laravel\\framework\\src\\Illuminate\\Database\\Connectors\\MySqlConnector.php(24): Illuminate\\Database\\Connectors\\Connector->createConnection('mysql:host=loca...', Array, Array)
#3 C:\\wamp64\\www\\klaes\\vendor\\laravel\\framework\\src\\Illuminate\\Database\\Connectors\\ConnectionFactory.php(184): Illuminate\\Database\\Connectors\\MySqlConnector->connect(Array)
#4 [internal function]: Illuminate\\Database\\Connectors\\ConnectionFactory->Illuminate\\Database\\Connectors\\{closure}()
#5 C:\\wamp64\\www\\klaes\\vendor\\laravel\\framework\\src\\Illuminate\\Database\\Connection.php(1181): call_user_func(Object(Closure))
#6 C:\\wamp64\\www\\klaes\\vendor\\laravel\\framework\\src\\Illuminate\\Database\\Connection.php(1217): Illuminate\\Database\\Connection->getPdo()
#7 C:\\wamp64\\www\\klaes\\vendor\\laravel\\framework\\src\\Illuminate\\Database\\Connection.php(486): Illuminate\\Database\\Connection->getReadPdo()
#8 C:\\wamp64\\www\\klaes\\vendor\\laravel\\framework\\src\\Illuminate\\Database\\Connection.php(414): Illuminate\\Database\\Connection->getPdoForSelect(true)
#9 C:\\wamp64\\www\\klaes\\vendor\\laravel\\framework\\src\\Illuminate\\Database\\Connection.php(753): Illuminate\\Database\\Connection->Illuminate\\Database\\{closure}('select * from `...', Array)
#10 C:\\wamp64\\www\\klaes\\vendor\\laravel\\framework\\src\\Illuminate\\Database\\Connection.php(720): Illuminate\\Database\\Connection->runQueryCallback('select * from `...', Array, Object(Closure))
#11 C:\\wamp64\\www\\klaes\\vendor\\laravel\\framework\\src\\Illuminate\\Database\\Connection.php(405): Illuminate\\Database\\Connection->run('select * from `...', Array, Object(Closure))
#12 C:\\wamp64\\www\\klaes\\vendor\\laravel\\framework\\src\\Illuminate\\Database\\Query\\Builder.php(2705): Illuminate\\Database\\Connection->select('select * from `...', Array, true)
#13 C:\\wamp64\\www\\klaes\\vendor\\laravel\\framework\\src\\Illuminate\\Database\\Query\\Builder.php(2694): Illuminate\\Database\\Query\\Builder->runSelect()
#14 C:\\wamp64\\www\\klaes\\vendor\\laravel\\framework\\src\\Illuminate\\Database\\Query\\Builder.php(3230): Illuminate\\Database\\Query\\Builder->Illuminate\\Database\\Query\\{closure}()
#15 C:\\wamp64\\www\\klaes\\vendor\\laravel\\framework\\src\\Illuminate\\Database\\Query\\Builder.php(2693): Illuminate\\Database\\Query\\Builder->onceWithColumns(Array, Object(Closure))
#16 C:\\wamp64\\www\\klaes\\app\\Helper\\helper.php(371): Illuminate\\Database\\Query\\Builder->get()
#17 C:\\wamp64\\www\\klaes\\app\\Helper\\helper.php(454): settings()
#18 C:\\wamp64\\www\\klaes\\app\\Http\\Middleware\\XSS.php(25): getSettingsValByName('timezone')
#19 C:\\wamp64\\www\\klaes\\vendor\\laravel\\framework\\src\\Illuminate\\Pipeline\\Pipeline.php(180): App\\Http\\Middleware\\XSS->handle(Object(Illuminate\\Http\\Request), Object(Closure))
#20 C:\\wamp64\\www\\klaes\\app\\Http\\Middleware\\Verify2FA.php(26): Illuminate\\Pipeline\\Pipeline->Illuminate\\Pipeline\\{closure}(Object(Illuminate\\Http\\Request))
#21 C:\\wamp64\\www\\klaes\\vendor\\laravel\\framework\\src\\Illuminate\\Pipeline\\Pipeline.php(180): App\\Http\\Middleware\\Verify2FA->handle(Object(Illuminate\\Http\\Request), Object(Closure))
#22 C:\\wamp64\\www\\klaes\\vendor\\laravel\\framework\\src\\Illuminate\\Routing\\Middleware\\SubstituteBindings.php(50): Illuminate\\Pipeline\\Pipeline->Illuminate\\Pipeline\\{closure}(Object(Illuminate\\Http\\Request))
#23 C:\\wamp64\\www\\klaes\\vendor\\laravel\\framework\\src\\Illuminate\\Pipeline\\Pipeline.php(180): Illuminate\\Routing\\Middleware\\SubstituteBindings->handle(Object(Illuminate\\Http\\Request), Object(Closure))
#24 C:\\wamp64\\www\\klaes\\vendor\\laravel\\framework\\src\\Illuminate\\Auth\\Middleware\\Authenticate.php(44): Illuminate\\Pipeline\\Pipeline->Illuminate\\Pipeline\\{closure}(Object(Illuminate\\Http\\Request))
#25 C:\\wamp64\\www\\klaes\\vendor\\laravel\\framework\\src\\Illuminate\\Pipeline\\Pipeline.php(180): Illuminate\\Auth\\Middleware\\Authenticate->handle(Object(Illuminate\\Http\\Request), Object(Closure))
#26 C:\\wamp64\\www\\klaes\\vendor\\laravel\\framework\\src\\Illuminate\\Foundation\\Http\\Middleware\\VerifyCsrfToken.php(78): Illuminate\\Pipeline\\Pipeline->Illuminate\\Pipeline\\{closure}(Object(Illuminate\\Http\\Request))
#27 C:\\wamp64\\www\\klaes\\vendor\\laravel\\framework\\src\\Illuminate\\Pipeline\\Pipeline.php(180): Illuminate\\Foundation\\Http\\Middleware\\VerifyCsrfToken->handle(Object(Illuminate\\Http\\Request), Object(Closure))
#28 C:\\wamp64\\www\\klaes\\vendor\\laravel\\framework\\src\\Illuminate\\View\\Middleware\\ShareErrorsFromSession.php(49): Illuminate\\Pipeline\\Pipeline->Illuminate\\Pipeline\\{closure}(Object(Illuminate\\Http\\Request))
#29 C:\\wamp64\\www\\klaes\\vendor\\laravel\\framework\\src\\Illuminate\\Pipeline\\Pipeline.php(180): Illuminate\\View\\Middleware\\ShareErrorsFromSession->handle(Object(Illuminate\\Http\\Request), Object(Closure))
#30 C:\\wamp64\\www\\klaes\\vendor\\laravel\\framework\\src\\Illuminate\\Session\\Middleware\\StartSession.php(121): Illuminate\\Pipeline\\Pipeline->Illuminate\\Pipeline\\{closure}(Object(Illuminate\\Http\\Request))
#31 C:\\wamp64\\www\\klaes\\vendor\\laravel\\framework\\src\\Illuminate\\Session\\Middleware\\StartSession.php(64): Illuminate\\Session\\Middleware\\StartSession->handleStatefulRequest(Object(Illuminate\\Http\\Request), Object(Illuminate\\Session\\Store), Object(Closure))
#32 C:\\wamp64\\www\\klaes\\vendor\\laravel\\framework\\src\\Illuminate\\Pipeline\\Pipeline.php(180): Illuminate\\Session\\Middleware\\StartSession->handle(Object(Illuminate\\Http\\Request), Object(Closure))
#33 C:\\wamp64\\www\\klaes\\vendor\\laravel\\framework\\src\\Illuminate\\Cookie\\Middleware\\AddQueuedCookiesToResponse.php(37): Illuminate\\Pipeline\\Pipeline->Illuminate\\Pipeline\\{closure}(Object(Illuminate\\Http\\Request))
#34 C:\\wamp64\\www\\klaes\\vendor\\laravel\\framework\\src\\Illuminate\\Pipeline\\Pipeline.php(180): Illuminate\\Cookie\\Middleware\\AddQueuedCookiesToResponse->handle(Object(Illuminate\\Http\\Request), Object(Closure))
#35 C:\\wamp64\\www\\klaes\\vendor\\laravel\\framework\\src\\Illuminate\\Cookie\\Middleware\\EncryptCookies.php(67): Illuminate\\Pipeline\\Pipeline->Illuminate\\Pipeline\\{closure}(Object(Illuminate\\Http\\Request))
#36 C:\\wamp64\\www\\klaes\\vendor\\laravel\\framework\\src\\Illuminate\\Pipeline\\Pipeline.php(180): Illuminate\\Cookie\\Middleware\\EncryptCookies->handle(Object(Illuminate\\Http\\Request), Object(Closure))
#37 C:\\wamp64\\www\\klaes\\vendor\\laravel\\framework\\src\\Illuminate\\Pipeline\\Pipeline.php(116): Illuminate\\Pipeline\\Pipeline->Illuminate\\Pipeline\\{closure}(Object(Illuminate\\Http\\Request))
#38 C:\\wamp64\\www\\klaes\\vendor\\laravel\\framework\\src\\Illuminate\\Routing\\Router.php(797): Illuminate\\Pipeline\\Pipeline->then(Object(Closure))
#39 C:\\wamp64\\www\\klaes\\vendor\\laravel\\framework\\src\\Illuminate\\Routing\\Router.php(776): Illuminate\\Routing\\Router->runRouteWithinStack(Object(Illuminate\\Routing\\Route), Object(Illuminate\\Http\\Request))
#40 C:\\wamp64\\www\\klaes\\vendor\\laravel\\framework\\src\\Illuminate\\Routing\\Router.php(740): Illuminate\\Routing\\Router->runRoute(Object(Illuminate\\Http\\Request), Object(Illuminate\\Routing\\Route))
#41 C:\\wamp64\\www\\klaes\\vendor\\laravel\\framework\\src\\Illuminate\\Routing\\Router.php(729): Illuminate\\Routing\\Router->dispatchToRoute(Object(Illuminate\\Http\\Request))
#42 C:\\wamp64\\www\\klaes\\vendor\\laravel\\framework\\src\\Illuminate\\Foundation\\Http\\Kernel.php(190): Illuminate\\Routing\\Router->dispatch(Object(Illuminate\\Http\\Request))
#43 C:\\wamp64\\www\\klaes\\vendor\\laravel\\framework\\src\\Illuminate\\Pipeline\\Pipeline.php(141): Illuminate\\Foundation\\Http\\Kernel->Illuminate\\Foundation\\Http\\{closure}(Object(Illuminate\\Http\\Request))
#44 C:\\wamp64\\www\\klaes\\vendor\\livewire\\livewire\\src\\DisableBrowserCache.php(19): Illuminate\\Pipeline\\Pipeline->Illuminate\\Pipeline\\{closure}(Object(Illuminate\\Http\\Request))
#45 C:\\wamp64\\www\\klaes\\vendor\\laravel\\framework\\src\\Illuminate\\Pipeline\\Pipeline.php(180): Livewire\\DisableBrowserCache->handle(Object(Illuminate\\Http\\Request), Object(Closure))
#46 C:\\wamp64\\www\\klaes\\app\\Http\\Middleware\\Cors.php(23): Illuminate\\Pipeline\\Pipeline->Illuminate\\Pipeline\\{closure}(Object(Illuminate\\Http\\Request))
#47 C:\\wamp64\\www\\klaes\\vendor\\laravel\\framework\\src\\Illuminate\\Pipeline\\Pipeline.php(180): App\\Http\\Middleware\\Cors->handle(Object(Illuminate\\Http\\Request), Object(Closure))
#48 C:\\wamp64\\www\\klaes\\vendor\\laravel\\framework\\src\\Illuminate\\Foundation\\Http\\Middleware\\TransformsRequest.php(21): Illuminate\\Pipeline\\Pipeline->Illuminate\\Pipeline\\{closure}(Object(Illuminate\\Http\\Request))
#49 C:\\wamp64\\www\\klaes\\vendor\\laravel\\framework\\src\\Illuminate\\Foundation\\Http\\Middleware\\ConvertEmptyStringsToNull.php(31): Illuminate\\Foundation\\Http\\Middleware\\TransformsRequest->handle(Object(Illuminate\\Http\\Request), Object(Closure))
#50 C:\\wamp64\\www\\klaes\\vendor\\laravel\\framework\\src\\Illuminate\\Pipeline\\Pipeline.php(180): Illuminate\\Foundation\\Http\\Middleware\\ConvertEmptyStringsToNull->handle(Object(Illuminate\\Http\\Request), Object(Closure))
#51 C:\\wamp64\\www\\klaes\\vendor\\laravel\\framework\\src\\Illuminate\\Foundation\\Http\\Middleware\\TransformsRequest.php(21): Illuminate\\Pipeline\\Pipeline->Illuminate\\Pipeline\\{closure}(Object(Illuminate\\Http\\Request))
#52 C:\\wamp64\\www\\klaes\\vendor\\laravel\\framework\\src\\Illuminate\\Foundation\\Http\\Middleware\\TrimStrings.php(40): Illuminate\\Foundation\\Http\\Middleware\\TransformsRequest->handle(Object(Illuminate\\Http\\Request), Object(Closure))
#53 C:\\wamp64\\www\\klaes\\vendor\\laravel\\framework\\src\\Illuminate\\Pipeline\\Pipeline.php(180): Illuminate\\Foundation\\Http\\Middleware\\TrimStrings->handle(Object(Illuminate\\Http\\Request), Object(Closure))
#54 C:\\wamp64\\www\\klaes\\vendor\\laravel\\framework\\src\\Illuminate\\Foundation\\Http\\Middleware\\ValidatePostSize.php(27): Illuminate\\Pipeline\\Pipeline->Illuminate\\Pipeline\\{closure}(Object(Illuminate\\Http\\Request))
#55 C:\\wamp64\\www\\klaes\\vendor\\laravel\\framework\\src\\Illuminate\\Pipeline\\Pipeline.php(180): Illuminate\\Foundation\\Http\\Middleware\\ValidatePostSize->handle(Object(Illuminate\\Http\\Request), Object(Closure))
#56 C:\\wamp64\\www\\klaes\\vendor\\laravel\\framework\\src\\Illuminate\\Foundation\\Http\\Middleware\\PreventRequestsDuringMaintenance.php(86): Illuminate\\Pipeline\\Pipeline->Illuminate\\Pipeline\\{closure}(Object(Illuminate\\Http\\Request))
#57 C:\\wamp64\\www\\klaes\\vendor\\laravel\\framework\\src\\Illuminate\\Pipeline\\Pipeline.php(180): Illuminate\\Foundation\\Http\\Middleware\\PreventRequestsDuringMaintenance->handle(Object(Illuminate\\Http\\Request), Object(Closure))
#58 C:\\wamp64\\www\\klaes\\vendor\\laravel\\framework\\src\\Illuminate\\Http\\Middleware\\HandleCors.php(49): Illuminate\\Pipeline\\Pipeline->Illuminate\\Pipeline\\{closure}(Object(Illuminate\\Http\\Request))
#59 C:\\wamp64\\www\\klaes\\vendor\\laravel\\framework\\src\\Illuminate\\Pipeline\\Pipeline.php(180): Illuminate\\Http\\Middleware\\HandleCors->handle(Object(Illuminate\\Http\\Request), Object(Closure))
#60 C:\\wamp64\\www\\klaes\\vendor\\laravel\\framework\\src\\Illuminate\\Http\\Middleware\\TrustProxies.php(39): Illuminate\\Pipeline\\Pipeline->Illuminate\\Pipeline\\{closure}(Object(Illuminate\\Http\\Request))
#61 C:\\wamp64\\www\\klaes\\vendor\\laravel\\framework\\src\\Illuminate\\Pipeline\\Pipeline.php(180): Illuminate\\Http\\Middleware\\TrustProxies->handle(Object(Illuminate\\Http\\Request), Object(Closure))
#62 C:\\wamp64\\www\\klaes\\vendor\\laravel\\framework\\src\\Illuminate\\Pipeline\\Pipeline.php(116): Illuminate\\Pipeline\\Pipeline->Illuminate\\Pipeline\\{closure}(Object(Illuminate\\Http\\Request))
#63 C:\\wamp64\\www\\klaes\\vendor\\laravel\\framework\\src\\Illuminate\\Foundation\\Http\\Kernel.php(165): Illuminate\\Pipeline\\Pipeline->then(Object(Closure))
#64 C:\\wamp64\\www\\klaes\\vendor\\laravel\\framework\\src\\Illuminate\\Foundation\\Http\\Kernel.php(134): Illuminate\\Foundation\\Http\\Kernel->sendRequestThroughRouter(Object(Illuminate\\Http\\Request))
#65 C:\\wamp64\\www\\klaes\\public\\index.php(54): Illuminate\\Foundation\\Http\\Kernel->handle(Object(Illuminate\\Http\\Request))
#66 C:\\wamp64\\www\\klaes\\vendor\\laravel\\framework\\src\\Illuminate\\Foundation\\resources\\server.php(16): require_once('C:\\\\wamp64\\\\www\\\\k...')
#67 {main}
"} 
[2026-05-19 14:58:00] local.ERROR: SQLSTATE[HY000] [2002] No connection could be made because the target machine actively refused it (SQL: select * from `settings` where `parent_id` = 1) {"userId":1,"exception":"[object] (Illuminate\\Database\\QueryException(code: 2002): SQLSTATE[HY000] [2002] No connection could be made because the target machine actively refused it (SQL: select * from `settings` where `parent_id` = 1) at C:\\wamp64\\www\\klaes\\vendor\\laravel\\framework\\src\\Illuminate\\Database\\Connection.php:760)
[stacktrace]
#0 C:\\wamp64\\www\\klaes\\vendor\\laravel\\framework\\src\\Illuminate\\Database\\Connection.php(720): Illuminate\\Database\\Connection->runQueryCallback('select * from `...', Array, Object(Closure))
#1 C:\\wamp64\\www\\klaes\\vendor\\laravel\\framework\\src\\Illuminate\\Database\\Connection.php(405): Illuminate\\Database\\Connection->run('select * from `...', Array, Object(Closure))
#2 C:\\wamp64\\www\\klaes\\vendor\\laravel\\framework\\src\\Illuminate\\Database\\Query\\Builder.php(2705): Illuminate\\Database\\Connection->select('select * from `...', Array, true)
#3 C:\\wamp64\\www\\klaes\\vendor\\laravel\\framework\\src\\Illuminate\\Database\\Query\\Builder.php(2694): Illuminate\\Database\\Query\\Builder->runSelect()
#4 C:\\wamp64\\www\\klaes\\vendor\\laravel\\framework\\src\\Illuminate\\Database\\Query\\Builder.php(3230): Illuminate\\Database\\Query\\Builder->Illuminate\\Database\\Query\\{closure}()
#5 C:\\wamp64\\www\\klaes\\vendor\\laravel\\framework\\src\\Illuminate\\Database\\Query\\Builder.php(2693): Illuminate\\Database\\Query\\Builder->onceWithColumns(Array, Object(Closure))
#6 C:\\wamp64\\www\\klaes\\app\\Helper\\helper.php(371): Illuminate\\Database\\Query\\Builder->get()
#7 C:\\wamp64\\www\\klaes\\app\\Helper\\helper.php(454): settings()
#8 C:\\wamp64\\www\\klaes\\app\\Http\\Middleware\\XSS.php(25): getSettingsValByName('timezone')
#9 C:\\wamp64\\www\\klaes\\vendor\\laravel\\framework\\src\\Illuminate\\Pipeline\\Pipeline.php(180): App\\Http\\Middleware\\XSS->handle(Object(Illuminate\\Http\\Request), Object(Closure))
#10 C:\\wamp64\\www\\klaes\\app\\Http\\Middleware\\Verify2FA.php(26): Illuminate\\Pipeline\\Pipeline->Illuminate\\Pipeline\\{closure}(Object(Illuminate\\Http\\Request))
#11 C:\\wamp64\\www\\klaes\\vendor\\laravel\\framework\\src\\Illuminate\\Pipeline\\Pipeline.php(180): App\\Http\\Middleware\\Verify2FA->handle(Object(Illuminate\\Http\\Request), Object(Closure))
#12 C:\\wamp64\\www\\klaes\\vendor\\laravel\\framework\\src\\Illuminate\\Routing\\Middleware\\SubstituteBindings.php(50): Illuminate\\Pipeline\\Pipeline->Illuminate\\Pipeline\\{closure}(Object(Illuminate\\Http\\Request))
#13 C:\\wamp64\\www\\klaes\\vendor\\laravel\\framework\\src\\Illuminate\\Pipeline\\Pipeline.php(180): Illuminate\\Routing\\Middleware\\SubstituteBindings->handle(Object(Illuminate\\Http\\Request), Object(Closure))
#14 C:\\wamp64\\www\\klaes\\vendor\\laravel\\framework\\src\\Illuminate\\Auth\\Middleware\\Authenticate.php(44): Illuminate\\Pipeline\\Pipeline->Illuminate\\Pipeline\\{closure}(Object(Illuminate\\Http\\Request))
#15 C:\\wamp64\\www\\klaes\\vendor\\laravel\\framework\\src\\Illuminate\\Pipeline\\Pipeline.php(180): Illuminate\\Auth\\Middleware\\Authenticate->handle(Object(Illuminate\\Http\\Request), Object(Closure))
#16 C:\\wamp64\\www\\klaes\\vendor\\laravel\\framework\\src\\Illuminate\\Foundation\\Http\\Middleware\\VerifyCsrfToken.php(78): Illuminate\\Pipeline\\Pipeline->Illuminate\\Pipeline\\{closure}(Object(Illuminate\\Http\\Request))
#17 C:\\wamp64\\www\\klaes\\vendor\\laravel\\framework\\src\\Illuminate\\Pipeline\\Pipeline.php(180): Illuminate\\Foundation\\Http\\Middleware\\VerifyCsrfToken->handle(Object(Illuminate\\Http\\Request), Object(Closure))
#18 C:\\wamp64\\www\\klaes\\vendor\\laravel\\framework\\src\\Illuminate\\View\\Middleware\\ShareErrorsFromSession.php(49): Illuminate\\Pipeline\\Pipeline->Illuminate\\Pipeline\\{closure}(Object(Illuminate\\Http\\Request))
#19 C:\\wamp64\\www\\klaes\\vendor\\laravel\\framework\\src\\Illuminate\\Pipeline\\Pipeline.php(180): Illuminate\\View\\Middleware\\ShareErrorsFromSession->handle(Object(Illuminate\\Http\\Request), Object(Closure))
#20 C:\\wamp64\\www\\klaes\\vendor\\laravel\\framework\\src\\Illuminate\\Session\\Middleware\\StartSession.php(121): Illuminate\\Pipeline\\Pipeline->Illuminate\\Pipeline\\{closure}(Object(Illuminate\\Http\\Request))
#21 C:\\wamp64\\www\\klaes\\vendor\\laravel\\framework\\src\\Illuminate\\Session\\Middleware\\StartSession.php(64): Illuminate\\Session\\Middleware\\StartSession->handleStatefulRequest(Object(Illuminate\\Http\\Request), Object(Illuminate\\Session\\Store), Object(Closure))
#22 C:\\wamp64\\www\\klaes\\vendor\\laravel\\framework\\src\\Illuminate\\Pipeline\\Pipeline.php(180): Illuminate\\Session\\Middleware\\StartSession->handle(Object(Illuminate\\Http\\Request), Object(Closure))
#23 C:\\wamp64\\www\\klaes\\vendor\\laravel\\framework\\src\\Illuminate\\Cookie\\Middleware\\AddQueuedCookiesToResponse.php(37): Illuminate\\Pipeline\\Pipeline->Illuminate\\Pipeline\\{closure}(Object(Illuminate\\Http\\Request))
#24 C:\\wamp64\\www\\klaes\\vendor\\laravel\\framework\\src\\Illuminate\\Pipeline\\Pipeline.php(180): Illuminate\\Cookie\\Middleware\\AddQueuedCookiesToResponse->handle(Object(Illuminate\\Http\\Request), Object(Closure))
#25 C:\\wamp64\\www\\klaes\\vendor\\laravel\\framework\\src\\Illuminate\\Cookie\\Middleware\\EncryptCookies.php(67): Illuminate\\Pipeline\\Pipeline->Illuminate\\Pipeline\\{closure}(Object(Illuminate\\Http\\Request))
#26 C:\\wamp64\\www\\klaes\\vendor\\laravel\\framework\\src\\Illuminate\\Pipeline\\Pipeline.php(180): Illuminate\\Cookie\\Middleware\\EncryptCookies->handle(Object(Illuminate\\Http\\Request), Object(Closure))
#27 C:\\wamp64\\www\\klaes\\vendor\\laravel\\framework\\src\\Illuminate\\Pipeline\\Pipeline.php(116): Illuminate\\Pipeline\\Pipeline->Illuminate\\Pipeline\\{closure}(Object(Illuminate\\Http\\Request))
#28 C:\\wamp64\\www\\klaes\\vendor\\laravel\\framework\\src\\Illuminate\\Routing\\Router.php(797): Illuminate\\Pipeline\\Pipeline->then(Object(Closure))
#29 C:\\wamp64\\www\\klaes\\vendor\\laravel\\framework\\src\\Illuminate\\Routing\\Router.php(776): Illuminate\\Routing\\Router->runRouteWithinStack(Object(Illuminate\\Routing\\Route), Object(Illuminate\\Http\\Request))
#30 C:\\wamp64\\www\\klaes\\vendor\\laravel\\framework\\src\\Illuminate\\Routing\\Router.php(740): Illuminate\\Routing\\Router->runRoute(Object(Illuminate\\Http\\Request), Object(Illuminate\\Routing\\Route))
#31 C:\\wamp64\\www\\klaes\\vendor\\laravel\\framework\\src\\Illuminate\\Routing\\Router.php(729): Illuminate\\Routing\\Router->dispatchToRoute(Object(Illuminate\\Http\\Request))
#32 C:\\wamp64\\www\\klaes\\vendor\\laravel\\framework\\src\\Illuminate\\Foundation\\Http\\Kernel.php(190): Illuminate\\Routing\\Router->dispatch(Object(Illuminate\\Http\\Request))
#33 C:\\wamp64\\www\\klaes\\vendor\\laravel\\framework\\src\\Illuminate\\Pipeline\\Pipeline.php(141): Illuminate\\Foundation\\Http\\Kernel->Illuminate\\Foundation\\Http\\{closure}(Object(Illuminate\\Http\\Request))
#34 C:\\wamp64\\www\\klaes\\vendor\\livewire\\livewire\\src\\DisableBrowserCache.php(19): Illuminate\\Pipeline\\Pipeline->Illuminate\\Pipeline\\{closure}(Object(Illuminate\\Http\\Request))
#35 C:\\wamp64\\www\\klaes\\vendor\\laravel\\framework\\src\\Illuminate\\Pipeline\\Pipeline.php(180): Livewire\\DisableBrowserCache->handle(Object(Illuminate\\Http\\Request), Object(Closure))
#36 C:\\wamp64\\www\\klaes\\app\\Http\\Middleware\\Cors.php(23): Illuminate\\Pipeline\\Pipeline->Illuminate\\Pipeline\\{closure}(Object(Illuminate\\Http\\Request))
#37 C:\\wamp64\\www\\klaes\\vendor\\laravel\\framework\\src\\Illuminate\\Pipeline\\Pipeline.php(180): App\\Http\\Middleware\\Cors->handle(Object(Illuminate\\Http\\Request), Object(Closure))
#38 C:\\wamp64\\www\\klaes\\vendor\\laravel\\framework\\src\\Illuminate\\Foundation\\Http\\Middleware\\TransformsRequest.php(21): Illuminate\\Pipeline\\Pipeline->Illuminate\\Pipeline\\{closure}(Object(Illuminate\\Http\\Request))
#39 C:\\wamp64\\www\\klaes\\vendor\\laravel\\framework\\src\\Illuminate\\Foundation\\Http\\Middleware\\ConvertEmptyStringsToNull.php(31): Illuminate\\Foundation\\Http\\Middleware\\TransformsRequest->handle(Object(Illuminate\\Http\\Request), Object(Closure))
#40 C:\\wamp64\\www\\klaes\\vendor\\laravel\\framework\\src\\Illuminate\\Pipeline\\Pipeline.php(180): Illuminate\\Foundation\\Http\\Middleware\\ConvertEmptyStringsToNull->handle(Object(Illuminate\\Http\\Request), Object(Closure))
#41 C:\\wamp64\\www\\klaes\\vendor\\laravel\\framework\\src\\Illuminate\\Foundation\\Http\\Middleware\\TransformsRequest.php(21): Illuminate\\Pipeline\\Pipeline->Illuminate\\Pipeline\\{closure}(Object(Illuminate\\Http\\Request))
#42 C:\\wamp64\\www\\klaes\\vendor\\laravel\\framework\\src\\Illuminate\\Foundation\\Http\\Middleware\\TrimStrings.php(40): Illuminate\\Foundation\\Http\\Middleware\\TransformsRequest->handle(Object(Illuminate\\Http\\Request), Object(Closure))
#43 C:\\wamp64\\www\\klaes\\vendor\\laravel\\framework\\src\\Illuminate\\Pipeline\\Pipeline.php(180): Illuminate\\Foundation\\Http\\Middleware\\TrimStrings->handle(Object(Illuminate\\Http\\Request), Object(Closure))
#44 C:\\wamp64\\www\\klaes\\vendor\\laravel\\framework\\src\\Illuminate\\Foundation\\Http\\Middleware\\ValidatePostSize.php(27): Illuminate\\Pipeline\\Pipeline->Illuminate\\Pipeline\\{closure}(Object(Illuminate\\Http\\Request))
#45 C:\\wamp64\\www\\klaes\\vendor\\laravel\\framework\\src\\Illuminate\\Pipeline\\Pipeline.php(180): Illuminate\\Foundation\\Http\\Middleware\\ValidatePostSize->handle(Object(Illuminate\\Http\\Request), Object(Closure))
#46 C:\\wamp64\\www\\klaes\\vendor\\laravel\\framework\\src\\Illuminate\\Foundation\\Http\\Middleware\\PreventRequestsDuringMaintenance.php(86): Illuminate\\Pipeline\\Pipeline->Illuminate\\Pipeline\\{closure}(Object(Illuminate\\Http\\Request))
#47 C:\\wamp64\\www\\klaes\\vendor\\laravel\\framework\\src\\Illuminate\\Pipeline\\Pipeline.php(180): Illuminate\\Foundation\\Http\\Middleware\\PreventRequestsDuringMaintenance->handle(Object(Illuminate\\Http\\Request), Object(Closure))
#48 C:\\wamp64\\www\\klaes\\vendor\\laravel\\framework\\src\\Illuminate\\Http\\Middleware\\HandleCors.php(62): Illuminate\\Pipeline\\Pipeline->Illuminate\\Pipeline\\{closure}(Object(Illuminate\\Http\\Request))
#49 C:\\wamp64\\www\\klaes\\vendor\\laravel\\framework\\src\\Illuminate\\Pipeline\\Pipeline.php(180): Illuminate\\Http\\Middleware\\HandleCors->handle(Object(Illuminate\\Http\\Request), Object(Closure))
#50 C:\\wamp64\\www\\klaes\\vendor\\laravel\\framework\\src\\Illuminate\\Http\\Middleware\\TrustProxies.php(39): Illuminate\\Pipeline\\Pipeline->Illuminate\\Pipeline\\{closure}(Object(Illuminate\\Http\\Request))
#51 C:\\wamp64\\www\\klaes\\vendor\\laravel\\framework\\src\\Illuminate\\Pipeline\\Pipeline.php(180): Illuminate\\Http\\Middleware\\TrustProxies->handle(Object(Illuminate\\Http\\Request), Object(Closure))
#52 C:\\wamp64\\www\\klaes\\vendor\\laravel\\framework\\src\\Illuminate\\Pipeline\\Pipeline.php(116): Illuminate\\Pipeline\\Pipeline->Illuminate\\Pipeline\\{closure}(Object(Illuminate\\Http\\Request))
#53 C:\\wamp64\\www\\klaes\\vendor\\laravel\\framework\\src\\Illuminate\\Foundation\\Http\\Kernel.php(165): Illuminate\\Pipeline\\Pipeline->then(Object(Closure))
#54 C:\\wamp64\\www\\klaes\\vendor\\laravel\\framework\\src\\Illuminate\\Foundation\\Http\\Kernel.php(134): Illuminate\\Foundation\\Http\\Kernel->sendRequestThroughRouter(Object(Illuminate\\Http\\Request))
#55 C:\\wamp64\\www\\klaes\\public\\index.php(54): Illuminate\\Foundation\\Http\\Kernel->handle(Object(Illuminate\\Http\\Request))
#56 C:\\wamp64\\www\\klaes\\vendor\\laravel\\framework\\src\\Illuminate\\Foundation\\resources\\server.php(16): require_once('C:\\\\wamp64\\\\www\\\\k...')
#57 {main}

[previous exception] [object] (PDOException(code: 2002): SQLSTATE[HY000] [2002] No connection could be made because the target machine actively refused it at C:\\wamp64\\www\\klaes\\vendor\\laravel\\framework\\src\\Illuminate\\Database\\Connectors\\Connector.php:70)
[stacktrace]
#0 C:\\wamp64\\www\\klaes\\vendor\\laravel\\framework\\src\\Illuminate\\Database\\Connectors\\Connector.php(70): PDO->__construct('mysql:host=loca...', 'root', Object(SensitiveParameterValue), Array)
#1 C:\\wamp64\\www\\klaes\\vendor\\laravel\\framework\\src\\Illuminate\\Database\\Connectors\\Connector.php(45): Illuminate\\Database\\Connectors\\Connector->createPdoConnection('mysql:host=loca...', 'root', '', Array)
#2 C:\\wamp64\\www\\klaes\\vendor\\laravel\\framework\\src\\Illuminate\\Database\\Connectors\\MySqlConnector.php(24): Illuminate\\Database\\Connectors\\Connector->createConnection('mysql:host=loca...', Array, Array)
#3 C:\\wamp64\\www\\klaes\\vendor\\laravel\\framework\\src\\Illuminate\\Database\\Connectors\\ConnectionFactory.php(184): Illuminate\\Database\\Connectors\\MySqlConnector->connect(Array)
#4 [internal function]: Illuminate\\Database\\Connectors\\ConnectionFactory->Illuminate\\Database\\Connectors\\{closure}()
#5 C:\\wamp64\\www\\klaes\\vendor\\laravel\\framework\\src\\Illuminate\\Database\\Connection.php(1181): call_user_func(Object(Closure))
#6 C:\\wamp64\\www\\klaes\\vendor\\laravel\\framework\\src\\Illuminate\\Database\\Connection.php(1217): Illuminate\\Database\\Connection->getPdo()
#7 C:\\wamp64\\www\\klaes\\vendor\\laravel\\framework\\src\\Illuminate\\Database\\Connection.php(486): Illuminate\\Database\\Connection->getReadPdo()
#8 C:\\wamp64\\www\\klaes\\vendor\\laravel\\framework\\src\\Illuminate\\Database\\Connection.php(414): Illuminate\\Database\\Connection->getPdoForSelect(true)
#9 C:\\wamp64\\www\\klaes\\vendor\\laravel\\framework\\src\\Illuminate\\Database\\Connection.php(753): Illuminate\\Database\\Connection->Illuminate\\Database\\{closure}('select * from `...', Array)
#10 C:\\wamp64\\www\\klaes\\vendor\\laravel\\framework\\src\\Illuminate\\Database\\Connection.php(720): Illuminate\\Database\\Connection->runQueryCallback('select * from `...', Array, Object(Closure))
#11 C:\\wamp64\\www\\klaes\\vendor\\laravel\\framework\\src\\Illuminate\\Database\\Connection.php(405): Illuminate\\Database\\Connection->run('select * from `...', Array, Object(Closure))
#12 C:\\wamp64\\www\\klaes\\vendor\\laravel\\framework\\src\\Illuminate\\Database\\Query\\Builder.php(2705): Illuminate\\Database\\Connection->select('select * from `...', Array, true)
#13 C:\\wamp64\\www\\klaes\\vendor\\laravel\\framework\\src\\Illuminate\\Database\\Query\\Builder.php(2694): Illuminate\\Database\\Query\\Builder->runSelect()
#14 C:\\wamp64\\www\\klaes\\vendor\\laravel\\framework\\src\\Illuminate\\Database\\Query\\Builder.php(3230): Illuminate\\Database\\Query\\Builder->Illuminate\\Database\\Query\\{closure}()
#15 C:\\wamp64\\www\\klaes\\vendor\\laravel\\framework\\src\\Illuminate\\Database\\Query\\Builder.php(2693): Illuminate\\Database\\Query\\Builder->onceWithColumns(Array, Object(Closure))
#16 C:\\wamp64\\www\\klaes\\app\\Helper\\helper.php(371): Illuminate\\Database\\Query\\Builder->get()
#17 C:\\wamp64\\www\\klaes\\app\\Helper\\helper.php(454): settings()
#18 C:\\wamp64\\www\\klaes\\app\\Http\\Middleware\\XSS.php(25): getSettingsValByName('timezone')
#19 C:\\wamp64\\www\\klaes\\vendor\\laravel\\framework\\src\\Illuminate\\Pipeline\\Pipeline.php(180): App\\Http\\Middleware\\XSS->handle(Object(Illuminate\\Http\\Request), Object(Closure))
#20 C:\\wamp64\\www\\klaes\\app\\Http\\Middleware\\Verify2FA.php(26): Illuminate\\Pipeline\\Pipeline->Illuminate\\Pipeline\\{closure}(Object(Illuminate\\Http\\Request))
#21 C:\\wamp64\\www\\klaes\\vendor\\laravel\\framework\\src\\Illuminate\\Pipeline\\Pipeline.php(180): App\\Http\\Middleware\\Verify2FA->handle(Object(Illuminate\\Http\\Request), Object(Closure))
#22 C:\\wamp64\\www\\klaes\\vendor\\laravel\\framework\\src\\Illuminate\\Routing\\Middleware\\SubstituteBindings.php(50): Illuminate\\Pipeline\\Pipeline->Illuminate\\Pipeline\\{closure}(Object(Illuminate\\Http\\Request))
#23 C:\\wamp64\\www\\klaes\\vendor\\laravel\\framework\\src\\Illuminate\\Pipeline\\Pipeline.php(180): Illuminate\\Routing\\Middleware\\SubstituteBindings->handle(Object(Illuminate\\Http\\Request), Object(Closure))
#24 C:\\wamp64\\www\\klaes\\vendor\\laravel\\framework\\src\\Illuminate\\Auth\\Middleware\\Authenticate.php(44): Illuminate\\Pipeline\\Pipeline->Illuminate\\Pipeline\\{closure}(Object(Illuminate\\Http\\Request))
#25 C:\\wamp64\\www\\klaes\\vendor\\laravel\\framework\\src\\Illuminate\\Pipeline\\Pipeline.php(180): Illuminate\\Auth\\Middleware\\Authenticate->handle(Object(Illuminate\\Http\\Request), Object(Closure))
#26 C:\\wamp64\\www\\klaes\\vendor\\laravel\\framework\\src\\Illuminate\\Foundation\\Http\\Middleware\\VerifyCsrfToken.php(78): Illuminate\\Pipeline\\Pipeline->Illuminate\\Pipeline\\{closure}(Object(Illuminate\\Http\\Request))
#27 C:\\wamp64\\www\\klaes\\vendor\\laravel\\framework\\src\\Illuminate\\Pipeline\\Pipeline.php(180): Illuminate\\Foundation\\Http\\Middleware\\VerifyCsrfToken->handle(Object(Illuminate\\Http\\Request), Object(Closure))
#28 C:\\wamp64\\www\\klaes\\vendor\\laravel\\framework\\src\\Illuminate\\View\\Middleware\\ShareErrorsFromSession.php(49): Illuminate\\Pipeline\\Pipeline->Illuminate\\Pipeline\\{closure}(Object(Illuminate\\Http\\Request))
#29 C:\\wamp64\\www\\klaes\\vendor\\laravel\\framework\\src\\Illuminate\\Pipeline\\Pipeline.php(180): Illuminate\\View\\Middleware\\ShareErrorsFromSession->handle(Object(Illuminate\\Http\\Request), Object(Closure))
#30 C:\\wamp64\\www\\klaes\\vendor\\laravel\\framework\\src\\Illuminate\\Session\\Middleware\\StartSession.php(121): Illuminate\\Pipeline\\Pipeline->Illuminate\\Pipeline\\{closure}(Object(Illuminate\\Http\\Request))
#31 C:\\wamp64\\www\\klaes\\vendor\\laravel\\framework\\src\\Illuminate\\Session\\Middleware\\StartSession.php(64): Illuminate\\Session\\Middleware\\StartSession->handleStatefulRequest(Object(Illuminate\\Http\\Request), Object(Illuminate\\Session\\Store), Object(Closure))
#32 C:\\wamp64\\www\\klaes\\vendor\\laravel\\framework\\src\\Illuminate\\Pipeline\\Pipeline.php(180): Illuminate\\Session\\Middleware\\StartSession->handle(Object(Illuminate\\Http\\Request), Object(Closure))
#33 C:\\wamp64\\www\\klaes\\vendor\\laravel\\framework\\src\\Illuminate\\Cookie\\Middleware\\AddQueuedCookiesToResponse.php(37): Illuminate\\Pipeline\\Pipeline->Illuminate\\Pipeline\\{closure}(Object(Illuminate\\Http\\Request))
#34 C:\\wamp64\\www\\klaes\\vendor\\laravel\\framework\\src\\Illuminate\\Pipeline\\Pipeline.php(180): Illuminate\\Cookie\\Middleware\\AddQueuedCookiesToResponse->handle(Object(Illuminate\\Http\\Request), Object(Closure))
#35 C:\\wamp64\\www\\klaes\\vendor\\laravel\\framework\\src\\Illuminate\\Cookie\\Middleware\\EncryptCookies.php(67): Illuminate\\Pipeline\\Pipeline->Illuminate\\Pipeline\\{closure}(Object(Illuminate\\Http\\Request))
#36 C:\\wamp64\\www\\klaes\\vendor\\laravel\\framework\\src\\Illuminate\\Pipeline\\Pipeline.php(180): Illuminate\\Cookie\\Middleware\\EncryptCookies->handle(Object(Illuminate\\Http\\Request), Object(Closure))
#37 C:\\wamp64\\www\\klaes\\vendor\\laravel\\framework\\src\\Illuminate\\Pipeline\\Pipeline.php(116): Illuminate\\Pipeline\\Pipeline->Illuminate\\Pipeline\\{closure}(Object(Illuminate\\Http\\Request))
#38 C:\\wamp64\\www\\klaes\\vendor\\laravel\\framework\\src\\Illuminate\\Routing\\Router.php(797): Illuminate\\Pipeline\\Pipeline->then(Object(Closure))
#39 C:\\wamp64\\www\\klaes\\vendor\\laravel\\framework\\src\\Illuminate\\Routing\\Router.php(776): Illuminate\\Routing\\Router->runRouteWithinStack(Object(Illuminate\\Routing\\Route), Object(Illuminate\\Http\\Request))
#40 C:\\wamp64\\www\\klaes\\vendor\\laravel\\framework\\src\\Illuminate\\Routing\\Router.php(740): Illuminate\\Routing\\Router->runRoute(Object(Illuminate\\Http\\Request), Object(Illuminate\\Routing\\Route))
#41 C:\\wamp64\\www\\klaes\\vendor\\laravel\\framework\\src\\Illuminate\\Routing\\Router.php(729): Illuminate\\Routing\\Router->dispatchToRoute(Object(Illuminate\\Http\\Request))
#42 C:\\wamp64\\www\\klaes\\vendor\\laravel\\framework\\src\\Illuminate\\Foundation\\Http\\Kernel.php(190): Illuminate\\Routing\\Router->dispatch(Object(Illuminate\\Http\\Request))
#43 C:\\wamp64\\www\\klaes\\vendor\\laravel\\framework\\src\\Illuminate\\Pipeline\\Pipeline.php(141): Illuminate\\Foundation\\Http\\Kernel->Illuminate\\Foundation\\Http\\{closure}(Object(Illuminate\\Http\\Request))
#44 C:\\wamp64\\www\\klaes\\vendor\\livewire\\livewire\\src\\DisableBrowserCache.php(19): Illuminate\\Pipeline\\Pipeline->Illuminate\\Pipeline\\{closure}(Object(Illuminate\\Http\\Request))
#45 C:\\wamp64\\www\\klaes\\vendor\\laravel\\framework\\src\\Illuminate\\Pipeline\\Pipeline.php(180): Livewire\\DisableBrowserCache->handle(Object(Illuminate\\Http\\Request), Object(Closure))
#46 C:\\wamp64\\www\\klaes\\app\\Http\\Middleware\\Cors.php(23): Illuminate\\Pipeline\\Pipeline->Illuminate\\Pipeline\\{closure}(Object(Illuminate\\Http\\Request))
#47 C:\\wamp64\\www\\klaes\\vendor\\laravel\\framework\\src\\Illuminate\\Pipeline\\Pipeline.php(180): App\\Http\\Middleware\\Cors->handle(Object(Illuminate\\Http\\Request), Object(Closure))
#48 C:\\wamp64\\www\\klaes\\vendor\\laravel\\framework\\src\\Illuminate\\Foundation\\Http\\Middleware\\TransformsRequest.php(21): Illuminate\\Pipeline\\Pipeline->Illuminate\\Pipeline\\{closure}(Object(Illuminate\\Http\\Request))
#49 C:\\wamp64\\www\\klaes\\vendor\\laravel\\framework\\src\\Illuminate\\Foundation\\Http\\Middleware\\ConvertEmptyStringsToNull.php(31): Illuminate\\Foundation\\Http\\Middleware\\TransformsRequest->handle(Object(Illuminate\\Http\\Request), Object(Closure))
#50 C:\\wamp64\\www\\klaes\\vendor\\laravel\\framework\\src\\Illuminate\\Pipeline\\Pipeline.php(180): Illuminate\\Foundation\\Http\\Middleware\\ConvertEmptyStringsToNull->handle(Object(Illuminate\\Http\\Request), Object(Closure))
#51 C:\\wamp64\\www\\klaes\\vendor\\laravel\\framework\\src\\Illuminate\\Foundation\\Http\\Middleware\\TransformsRequest.php(21): Illuminate\\Pipeline\\Pipeline->Illuminate\\Pipeline\\{closure}(Object(Illuminate\\Http\\Request))
#52 C:\\wamp64\\www\\klaes\\vendor\\laravel\\framework\\src\\Illuminate\\Foundation\\Http\\Middleware\\TrimStrings.php(40): Illuminate\\Foundation\\Http\\Middleware\\TransformsRequest->handle(Object(Illuminate\\Http\\Request), Object(Closure))
#53 C:\\wamp64\\www\\klaes\\vendor\\laravel\\framework\\src\\Illuminate\\Pipeline\\Pipeline.php(180): Illuminate\\Foundation\\Http\\Middleware\\TrimStrings->handle(Object(Illuminate\\Http\\Request), Object(Closure))
#54 C:\\wamp64\\www\\klaes\\vendor\\laravel\\framework\\src\\Illuminate\\Foundation\\Http\\Middleware\\ValidatePostSize.php(27): Illuminate\\Pipeline\\Pipeline->Illuminate\\Pipeline\\{closure}(Object(Illuminate\\Http\\Request))
#55 C:\\wamp64\\www\\klaes\\vendor\\laravel\\framework\\src\\Illuminate\\Pipeline\\Pipeline.php(180): Illuminate\\Foundation\\Http\\Middleware\\ValidatePostSize->handle(Object(Illuminate\\Http\\Request), Object(Closure))
#56 C:\\wamp64\\www\\klaes\\vendor\\laravel\\framework\\src\\Illuminate\\Foundation\\Http\\Middleware\\PreventRequestsDuringMaintenance.php(86): Illuminate\\Pipeline\\Pipeline->Illuminate\\Pipeline\\{closure}(Object(Illuminate\\Http\\Request))
#57 C:\\wamp64\\www\\klaes\\vendor\\laravel\\framework\\src\\Illuminate\\Pipeline\\Pipeline.php(180): Illuminate\\Foundation\\Http\\Middleware\\PreventRequestsDuringMaintenance->handle(Object(Illuminate\\Http\\Request), Object(Closure))
#58 C:\\wamp64\\www\\klaes\\vendor\\laravel\\framework\\src\\Illuminate\\Http\\Middleware\\HandleCors.php(62): Illuminate\\Pipeline\\Pipeline->Illuminate\\Pipeline\\{closure}(Object(Illuminate\\Http\\Request))
#59 C:\\wamp64\\www\\klaes\\vendor\\laravel\\framework\\src\\Illuminate\\Pipeline\\Pipeline.php(180): Illuminate\\Http\\Middleware\\HandleCors->handle(Object(Illuminate\\Http\\Request), Object(Closure))
#60 C:\\wamp64\\www\\klaes\\vendor\\laravel\\framework\\src\\Illuminate\\Http\\Middleware\\TrustProxies.php(39): Illuminate\\Pipeline\\Pipeline->Illuminate\\Pipeline\\{closure}(Object(Illuminate\\Http\\Request))
#61 C:\\wamp64\\www\\klaes\\vendor\\laravel\\framework\\src\\Illuminate\\Pipeline\\Pipeline.php(180): Illuminate\\Http\\Middleware\\TrustProxies->handle(Object(Illuminate\\Http\\Request), Object(Closure))
#62 C:\\wamp64\\www\\klaes\\vendor\\laravel\\framework\\src\\Illuminate\\Pipeline\\Pipeline.php(116): Illuminate\\Pipeline\\Pipeline->Illuminate\\Pipeline\\{closure}(Object(Illuminate\\Http\\Request))
#63 C:\\wamp64\\www\\klaes\\vendor\\laravel\\framework\\src\\Illuminate\\Foundation\\Http\\Kernel.php(165): Illuminate\\Pipeline\\Pipeline->then(Object(Closure))
#64 C:\\wamp64\\www\\klaes\\vendor\\laravel\\framework\\src\\Illuminate\\Foundation\\Http\\Kernel.php(134): Illuminate\\Foundation\\Http\\Kernel->sendRequestThroughRouter(Object(Illuminate\\Http\\Request))
#65 C:\\wamp64\\www\\klaes\\public\\index.php(54): Illuminate\\Foundation\\Http\\Kernel->handle(Object(Illuminate\\Http\\Request))
#66 C:\\wamp64\\www\\klaes\\vendor\\laravel\\framework\\src\\Illuminate\\Foundation\\resources\\server.php(16): require_once('C:\\\\wamp64\\\\www\\\\k...')
#67 {main}
"} 
[2026-05-19 14:58:20] local.ERROR: SQLSTATE[HY000] [2002] No connection could be made because the target machine actively refused it (SQL: select * from `settings` where `parent_id` = 1) {"userId":1,"exception":"[object] (Illuminate\\Database\\QueryException(code: 2002): SQLSTATE[HY000] [2002] No connection could be made because the target machine actively refused it (SQL: select * from `settings` where `parent_id` = 1) at C:\\wamp64\\www\\klaes\\vendor\\laravel\\framework\\src\\Illuminate\\Database\\Connection.php:760)
[stacktrace]
#0 C:\\wamp64\\www\\klaes\\vendor\\laravel\\framework\\src\\Illuminate\\Database\\Connection.php(720): Illuminate\\Database\\Connection->runQueryCallback('select * from `...', Array, Object(Closure))
#1 C:\\wamp64\\www\\klaes\\vendor\\laravel\\framework\\src\\Illuminate\\Database\\Connection.php(405): Illuminate\\Database\\Connection->run('select * from `...', Array, Object(Closure))
#2 C:\\wamp64\\www\\klaes\\vendor\\laravel\\framework\\src\\Illuminate\\Database\\Query\\Builder.php(2705): Illuminate\\Database\\Connection->select('select * from `...', Array, true)
#3 C:\\wamp64\\www\\klaes\\vendor\\laravel\\framework\\src\\Illuminate\\Database\\Query\\Builder.php(2694): Illuminate\\Database\\Query\\Builder->runSelect()
#4 C:\\wamp64\\www\\klaes\\vendor\\laravel\\framework\\src\\Illuminate\\Database\\Query\\Builder.php(3230): Illuminate\\Database\\Query\\Builder->Illuminate\\Database\\Query\\{closure}()
#5 C:\\wamp64\\www\\klaes\\vendor\\laravel\\framework\\src\\Illuminate\\Database\\Query\\Builder.php(2693): Illuminate\\Database\\Query\\Builder->onceWithColumns(Array, Object(Closure))
#6 C:\\wamp64\\www\\klaes\\app\\Helper\\helper.php(371): Illuminate\\Database\\Query\\Builder->get()
#7 C:\\wamp64\\www\\klaes\\app\\Helper\\helper.php(454): settings()
#8 C:\\wamp64\\www\\klaes\\app\\Http\\Middleware\\XSS.php(25): getSettingsValByName('timezone')
#9 C:\\wamp64\\www\\klaes\\vendor\\laravel\\framework\\src\\Illuminate\\Pipeline\\Pipeline.php(180): App\\Http\\Middleware\\XSS->handle(Object(Illuminate\\Http\\Request), Object(Closure))
#10 C:\\wamp64\\www\\klaes\\app\\Http\\Middleware\\Verify2FA.php(26): Illuminate\\Pipeline\\Pipeline->Illuminate\\Pipeline\\{closure}(Object(Illuminate\\Http\\Request))
#11 C:\\wamp64\\www\\klaes\\vendor\\laravel\\framework\\src\\Illuminate\\Pipeline\\Pipeline.php(180): App\\Http\\Middleware\\Verify2FA->handle(Object(Illuminate\\Http\\Request), Object(Closure))
#12 C:\\wamp64\\www\\klaes\\vendor\\laravel\\framework\\src\\Illuminate\\Routing\\Middleware\\SubstituteBindings.php(50): Illuminate\\Pipeline\\Pipeline->Illuminate\\Pipeline\\{closure}(Object(Illuminate\\Http\\Request))
#13 C:\\wamp64\\www\\klaes\\vendor\\laravel\\framework\\src\\Illuminate\\Pipeline\\Pipeline.php(180): Illuminate\\Routing\\Middleware\\SubstituteBindings->handle(Object(Illuminate\\Http\\Request), Object(Closure))
#14 C:\\wamp64\\www\\klaes\\vendor\\laravel\\framework\\src\\Illuminate\\Auth\\Middleware\\Authenticate.php(44): Illuminate\\Pipeline\\Pipeline->Illuminate\\Pipeline\\{closure}(Object(Illuminate\\Http\\Request))
#15 C:\\wamp64\\www\\klaes\\vendor\\laravel\\framework\\src\\Illuminate\\Pipeline\\Pipeline.php(180): Illuminate\\Auth\\Middleware\\Authenticate->handle(Object(Illuminate\\Http\\Request), Object(Closure))
#16 C:\\wamp64\\www\\klaes\\vendor\\laravel\\framework\\src\\Illuminate\\Foundation\\Http\\Middleware\\VerifyCsrfToken.php(78): Illuminate\\Pipeline\\Pipeline->Illuminate\\Pipeline\\{closure}(Object(Illuminate\\Http\\Request))
#17 C:\\wamp64\\www\\klaes\\vendor\\laravel\\framework\\src\\Illuminate\\Pipeline\\Pipeline.php(180): Illuminate\\Foundation\\Http\\Middleware\\VerifyCsrfToken->handle(Object(Illuminate\\Http\\Request), Object(Closure))
#18 C:\\wamp64\\www\\klaes\\vendor\\laravel\\framework\\src\\Illuminate\\View\\Middleware\\ShareErrorsFromSession.php(49): Illuminate\\Pipeline\\Pipeline->Illuminate\\Pipeline\\{closure}(Object(Illuminate\\Http\\Request))
#19 C:\\wamp64\\www\\klaes\\vendor\\laravel\\framework\\src\\Illuminate\\Pipeline\\Pipeline.php(180): Illuminate\\View\\Middleware\\ShareErrorsFromSession->handle(Object(Illuminate\\Http\\Request), Object(Closure))
#20 C:\\wamp64\\www\\klaes\\vendor\\laravel\\framework\\src\\Illuminate\\Session\\Middleware\\StartSession.php(121): Illuminate\\Pipeline\\Pipeline->Illuminate\\Pipeline\\{closure}(Object(Illuminate\\Http\\Request))
#21 C:\\wamp64\\www\\klaes\\vendor\\laravel\\framework\\src\\Illuminate\\Session\\Middleware\\StartSession.php(64): Illuminate\\Session\\Middleware\\StartSession->handleStatefulRequest(Object(Illuminate\\Http\\Request), Object(Illuminate\\Session\\Store), Object(Closure))
#22 C:\\wamp64\\www\\klaes\\vendor\\laravel\\framework\\src\\Illuminate\\Pipeline\\Pipeline.php(180): Illuminate\\Session\\Middleware\\StartSession->handle(Object(Illuminate\\Http\\Request), Object(Closure))
#23 C:\\wamp64\\www\\klaes\\vendor\\laravel\\framework\\src\\Illuminate\\Cookie\\Middleware\\AddQueuedCookiesToResponse.php(37): Illuminate\\Pipeline\\Pipeline->Illuminate\\Pipeline\\{closure}(Object(Illuminate\\Http\\Request))
#24 C:\\wamp64\\www\\klaes\\vendor\\laravel\\framework\\src\\Illuminate\\Pipeline\\Pipeline.php(180): Illuminate\\Cookie\\Middleware\\AddQueuedCookiesToResponse->handle(Object(Illuminate\\Http\\Request), Object(Closure))
#25 C:\\wamp64\\www\\klaes\\vendor\\laravel\\framework\\src\\Illuminate\\Cookie\\Middleware\\EncryptCookies.php(67): Illuminate\\Pipeline\\Pipeline->Illuminate\\Pipeline\\{closure}(Object(Illuminate\\Http\\Request))
#26 C:\\wamp64\\www\\klaes\\vendor\\laravel\\framework\\src\\Illuminate\\Pipeline\\Pipeline.php(180): Illuminate\\Cookie\\Middleware\\EncryptCookies->handle(Object(Illuminate\\Http\\Request), Object(Closure))
#27 C:\\wamp64\\www\\klaes\\vendor\\laravel\\framework\\src\\Illuminate\\Pipeline\\Pipeline.php(116): Illuminate\\Pipeline\\Pipeline->Illuminate\\Pipeline\\{closure}(Object(Illuminate\\Http\\Request))
#28 C:\\wamp64\\www\\klaes\\vendor\\laravel\\framework\\src\\Illuminate\\Routing\\Router.php(797): Illuminate\\Pipeline\\Pipeline->then(Object(Closure))
#29 C:\\wamp64\\www\\klaes\\vendor\\laravel\\framework\\src\\Illuminate\\Routing\\Router.php(776): Illuminate\\Routing\\Router->runRouteWithinStack(Object(Illuminate\\Routing\\Route), Object(Illuminate\\Http\\Request))
#30 C:\\wamp64\\www\\klaes\\vendor\\laravel\\framework\\src\\Illuminate\\Routing\\Router.php(740): Illuminate\\Routing\\Router->runRoute(Object(Illuminate\\Http\\Request), Object(Illuminate\\Routing\\Route))
#31 C:\\wamp64\\www\\klaes\\vendor\\laravel\\framework\\src\\Illuminate\\Routing\\Router.php(729): Illuminate\\Routing\\Router->dispatchToRoute(Object(Illuminate\\Http\\Request))
#32 C:\\wamp64\\www\\klaes\\vendor\\laravel\\framework\\src\\Illuminate\\Foundation\\Http\\Kernel.php(190): Illuminate\\Routing\\Router->dispatch(Object(Illuminate\\Http\\Request))
#33 C:\\wamp64\\www\\klaes\\vendor\\laravel\\framework\\src\\Illuminate\\Pipeline\\Pipeline.php(141): Illuminate\\Foundation\\Http\\Kernel->Illuminate\\Foundation\\Http\\{closure}(Object(Illuminate\\Http\\Request))
#34 C:\\wamp64\\www\\klaes\\vendor\\livewire\\livewire\\src\\DisableBrowserCache.php(19): Illuminate\\Pipeline\\Pipeline->Illuminate\\Pipeline\\{closure}(Object(Illuminate\\Http\\Request))
#35 C:\\wamp64\\www\\klaes\\vendor\\laravel\\framework\\src\\Illuminate\\Pipeline\\Pipeline.php(180): Livewire\\DisableBrowserCache->handle(Object(Illuminate\\Http\\Request), Object(Closure))
#36 C:\\wamp64\\www\\klaes\\app\\Http\\Middleware\\Cors.php(23): Illuminate\\Pipeline\\Pipeline->Illuminate\\Pipeline\\{closure}(Object(Illuminate\\Http\\Request))
#37 C:\\wamp64\\www\\klaes\\vendor\\laravel\\framework\\src\\Illuminate\\Pipeline\\Pipeline.php(180): App\\Http\\Middleware\\Cors->handle(Object(Illuminate\\Http\\Request), Object(Closure))
#38 C:\\wamp64\\www\\klaes\\vendor\\laravel\\framework\\src\\Illuminate\\Foundation\\Http\\Middleware\\TransformsRequest.php(21): Illuminate\\Pipeline\\Pipeline->Illuminate\\Pipeline\\{closure}(Object(Illuminate\\Http\\Request))
#39 C:\\wamp64\\www\\klaes\\vendor\\laravel\\framework\\src\\Illuminate\\Foundation\\Http\\Middleware\\ConvertEmptyStringsToNull.php(31): Illuminate\\Foundation\\Http\\Middleware\\TransformsRequest->handle(Object(Illuminate\\Http\\Request), Object(Closure))
#40 C:\\wamp64\\www\\klaes\\vendor\\laravel\\framework\\src\\Illuminate\\Pipeline\\Pipeline.php(180): Illuminate\\Foundation\\Http\\Middleware\\ConvertEmptyStringsToNull->handle(Object(Illuminate\\Http\\Request), Object(Closure))
#41 C:\\wamp64\\www\\klaes\\vendor\\laravel\\framework\\src\\Illuminate\\Foundation\\Http\\Middleware\\TransformsRequest.php(21): Illuminate\\Pipeline\\Pipeline->Illuminate\\Pipeline\\{closure}(Object(Illuminate\\Http\\Request))
#42 C:\\wamp64\\www\\klaes\\vendor\\laravel\\framework\\src\\Illuminate\\Foundation\\Http\\Middleware\\TrimStrings.php(40): Illuminate\\Foundation\\Http\\Middleware\\TransformsRequest->handle(Object(Illuminate\\Http\\Request), Object(Closure))
#43 C:\\wamp64\\www\\klaes\\vendor\\laravel\\framework\\src\\Illuminate\\Pipeline\\Pipeline.php(180): Illuminate\\Foundation\\Http\\Middleware\\TrimStrings->handle(Object(Illuminate\\Http\\Request), Object(Closure))
#44 C:\\wamp64\\www\\klaes\\vendor\\laravel\\framework\\src\\Illuminate\\Foundation\\Http\\Middleware\\ValidatePostSize.php(27): Illuminate\\Pipeline\\Pipeline->Illuminate\\Pipeline\\{closure}(Object(Illuminate\\Http\\Request))
#45 C:\\wamp64\\www\\klaes\\vendor\\laravel\\framework\\src\\Illuminate\\Pipeline\\Pipeline.php(180): Illuminate\\Foundation\\Http\\Middleware\\ValidatePostSize->handle(Object(Illuminate\\Http\\Request), Object(Closure))
#46 C:\\wamp64\\www\\klaes\\vendor\\laravel\\framework\\src\\Illuminate\\Foundation\\Http\\Middleware\\PreventRequestsDuringMaintenance.php(86): Illuminate\\Pipeline\\Pipeline->Illuminate\\Pipeline\\{closure}(Object(Illuminate\\Http\\Request))
#47 C:\\wamp64\\www\\klaes\\vendor\\laravel\\framework\\src\\Illuminate\\Pipeline\\Pipeline.php(180): Illuminate\\Foundation\\Http\\Middleware\\PreventRequestsDuringMaintenance->handle(Object(Illuminate\\Http\\Request), Object(Closure))
#48 C:\\wamp64\\www\\klaes\\vendor\\laravel\\framework\\src\\Illuminate\\Http\\Middleware\\HandleCors.php(49): Illuminate\\Pipeline\\Pipeline->Illuminate\\Pipeline\\{closure}(Object(Illuminate\\Http\\Request))
#49 C:\\wamp64\\www\\klaes\\vendor\\laravel\\framework\\src\\Illuminate\\Pipeline\\Pipeline.php(180): Illuminate\\Http\\Middleware\\HandleCors->handle(Object(Illuminate\\Http\\Request), Object(Closure))
#50 C:\\wamp64\\www\\klaes\\vendor\\laravel\\framework\\src\\Illuminate\\Http\\Middleware\\TrustProxies.php(39): Illuminate\\Pipeline\\Pipeline->Illuminate\\Pipeline\\{closure}(Object(Illuminate\\Http\\Request))
#51 C:\\wamp64\\www\\klaes\\vendor\\laravel\\framework\\src\\Illuminate\\Pipeline\\Pipeline.php(180): Illuminate\\Http\\Middleware\\TrustProxies->handle(Object(Illuminate\\Http\\Request), Object(Closure))
#52 C:\\wamp64\\www\\klaes\\vendor\\laravel\\framework\\src\\Illuminate\\Pipeline\\Pipeline.php(116): Illuminate\\Pipeline\\Pipeline->Illuminate\\Pipeline\\{closure}(Object(Illuminate\\Http\\Request))
#53 C:\\wamp64\\www\\klaes\\vendor\\laravel\\framework\\src\\Illuminate\\Foundation\\Http\\Kernel.php(165): Illuminate\\Pipeline\\Pipeline->then(Object(Closure))
#54 C:\\wamp64\\www\\klaes\\vendor\\laravel\\framework\\src\\Illuminate\\Foundation\\Http\\Kernel.php(134): Illuminate\\Foundation\\Http\\Kernel->sendRequestThroughRouter(Object(Illuminate\\Http\\Request))
#55 C:\\wamp64\\www\\klaes\\public\\index.php(54): Illuminate\\Foundation\\Http\\Kernel->handle(Object(Illuminate\\Http\\Request))
#56 C:\\wamp64\\www\\klaes\\vendor\\laravel\\framework\\src\\Illuminate\\Foundation\\resources\\server.php(16): require_once('C:\\\\wamp64\\\\www\\\\k...')
#57 {main}

[previous exception] [object] (PDOException(code: 2002): SQLSTATE[HY000] [2002] No connection could be made because the target machine actively refused it at C:\\wamp64\\www\\klaes\\vendor\\laravel\\framework\\src\\Illuminate\\Database\\Connectors\\Connector.php:70)
[stacktrace]
#0 C:\\wamp64\\www\\klaes\\vendor\\laravel\\framework\\src\\Illuminate\\Database\\Connectors\\Connector.php(70): PDO->__construct('mysql:host=loca...', 'root', Object(SensitiveParameterValue), Array)
#1 C:\\wamp64\\www\\klaes\\vendor\\laravel\\framework\\src\\Illuminate\\Database\\Connectors\\Connector.php(45): Illuminate\\Database\\Connectors\\Connector->createPdoConnection('mysql:host=loca...', 'root', '', Array)
#2 C:\\wamp64\\www\\klaes\\vendor\\laravel\\framework\\src\\Illuminate\\Database\\Connectors\\MySqlConnector.php(24): Illuminate\\Database\\Connectors\\Connector->createConnection('mysql:host=loca...', Array, Array)
#3 C:\\wamp64\\www\\klaes\\vendor\\laravel\\framework\\src\\Illuminate\\Database\\Connectors\\ConnectionFactory.php(184): Illuminate\\Database\\Connectors\\MySqlConnector->connect(Array)
#4 [internal function]: Illuminate\\Database\\Connectors\\ConnectionFactory->Illuminate\\Database\\Connectors\\{closure}()
#5 C:\\wamp64\\www\\klaes\\vendor\\laravel\\framework\\src\\Illuminate\\Database\\Connection.php(1181): call_user_func(Object(Closure))
#6 C:\\wamp64\\www\\klaes\\vendor\\laravel\\framework\\src\\Illuminate\\Database\\Connection.php(1217): Illuminate\\Database\\Connection->getPdo()
#7 C:\\wamp64\\www\\klaes\\vendor\\laravel\\framework\\src\\Illuminate\\Database\\Connection.php(486): Illuminate\\Database\\Connection->getReadPdo()
#8 C:\\wamp64\\www\\klaes\\vendor\\laravel\\framework\\src\\Illuminate\\Database\\Connection.php(414): Illuminate\\Database\\Connection->getPdoForSelect(true)
#9 C:\\wamp64\\www\\klaes\\vendor\\laravel\\framework\\src\\Illuminate\\Database\\Connection.php(753): Illuminate\\Database\\Connection->Illuminate\\Database\\{closure}('select * from `...', Array)
#10 C:\\wamp64\\www\\klaes\\vendor\\laravel\\framework\\src\\Illuminate\\Database\\Connection.php(720): Illuminate\\Database\\Connection->runQueryCallback('select * from `...', Array, Object(Closure))
#11 C:\\wamp64\\www\\klaes\\vendor\\laravel\\framework\\src\\Illuminate\\Database\\Connection.php(405): Illuminate\\Database\\Connection->run('select * from `...', Array, Object(Closure))
#12 C:\\wamp64\\www\\klaes\\vendor\\laravel\\framework\\src\\Illuminate\\Database\\Query\\Builder.php(2705): Illuminate\\Database\\Connection->select('select * from `...', Array, true)
#13 C:\\wamp64\\www\\klaes\\vendor\\laravel\\framework\\src\\Illuminate\\Database\\Query\\Builder.php(2694): Illuminate\\Database\\Query\\Builder->runSelect()
#14 C:\\wamp64\\www\\klaes\\vendor\\laravel\\framework\\src\\Illuminate\\Database\\Query\\Builder.php(3230): Illuminate\\Database\\Query\\Builder->Illuminate\\Database\\Query\\{closure}()
#15 C:\\wamp64\\www\\klaes\\vendor\\laravel\\framework\\src\\Illuminate\\Database\\Query\\Builder.php(2693): Illuminate\\Database\\Query\\Builder->onceWithColumns(Array, Object(Closure))
#16 C:\\wamp64\\www\\klaes\\app\\Helper\\helper.php(371): Illuminate\\Database\\Query\\Builder->get()
#17 C:\\wamp64\\www\\klaes\\app\\Helper\\helper.php(454): settings()
#18 C:\\wamp64\\www\\klaes\\app\\Http\\Middleware\\XSS.php(25): getSettingsValByName('timezone')
#19 C:\\wamp64\\www\\klaes\\vendor\\laravel\\framework\\src\\Illuminate\\Pipeline\\Pipeline.php(180): App\\Http\\Middleware\\XSS->handle(Object(Illuminate\\Http\\Request), Object(Closure))
#20 C:\\wamp64\\www\\klaes\\app\\Http\\Middleware\\Verify2FA.php(26): Illuminate\\Pipeline\\Pipeline->Illuminate\\Pipeline\\{closure}(Object(Illuminate\\Http\\Request))
#21 C:\\wamp64\\www\\klaes\\vendor\\laravel\\framework\\src\\Illuminate\\Pipeline\\Pipeline.php(180): App\\Http\\Middleware\\Verify2FA->handle(Object(Illuminate\\Http\\Request), Object(Closure))
#22 C:\\wamp64\\www\\klaes\\vendor\\laravel\\framework\\src\\Illuminate\\Routing\\Middleware\\SubstituteBindings.php(50): Illuminate\\Pipeline\\Pipeline->Illuminate\\Pipeline\\{closure}(Object(Illuminate\\Http\\Request))
#23 C:\\wamp64\\www\\klaes\\vendor\\laravel\\framework\\src\\Illuminate\\Pipeline\\Pipeline.php(180): Illuminate\\Routing\\Middleware\\SubstituteBindings->handle(Object(Illuminate\\Http\\Request), Object(Closure))
#24 C:\\wamp64\\www\\klaes\\vendor\\laravel\\framework\\src\\Illuminate\\Auth\\Middleware\\Authenticate.php(44): Illuminate\\Pipeline\\Pipeline->Illuminate\\Pipeline\\{closure}(Object(Illuminate\\Http\\Request))
#25 C:\\wamp64\\www\\klaes\\vendor\\laravel\\framework\\src\\Illuminate\\Pipeline\\Pipeline.php(180): Illuminate\\Auth\\Middleware\\Authenticate->handle(Object(Illuminate\\Http\\Request), Object(Closure))
#26 C:\\wamp64\\www\\klaes\\vendor\\laravel\\framework\\src\\Illuminate\\Foundation\\Http\\Middleware\\VerifyCsrfToken.php(78): Illuminate\\Pipeline\\Pipeline->Illuminate\\Pipeline\\{closure}(Object(Illuminate\\Http\\Request))
#27 C:\\wamp64\\www\\klaes\\vendor\\laravel\\framework\\src\\Illuminate\\Pipeline\\Pipeline.php(180): Illuminate\\Foundation\\Http\\Middleware\\VerifyCsrfToken->handle(Object(Illuminate\\Http\\Request), Object(Closure))
#28 C:\\wamp64\\www\\klaes\\vendor\\laravel\\framework\\src\\Illuminate\\View\\Middleware\\ShareErrorsFromSession.php(49): Illuminate\\Pipeline\\Pipeline->Illuminate\\Pipeline\\{closure}(Object(Illuminate\\Http\\Request))
#29 C:\\wamp64\\www\\klaes\\vendor\\laravel\\framework\\src\\Illuminate\\Pipeline\\Pipeline.php(180): Illuminate\\View\\Middleware\\ShareErrorsFromSession->handle(Object(Illuminate\\Http\\Request), Object(Closure))
#30 C:\\wamp64\\www\\klaes\\vendor\\laravel\\framework\\src\\Illuminate\\Session\\Middleware\\StartSession.php(121): Illuminate\\Pipeline\\Pipeline->Illuminate\\Pipeline\\{closure}(Object(Illuminate\\Http\\Request))
#31 C:\\wamp64\\www\\klaes\\vendor\\laravel\\framework\\src\\Illuminate\\Session\\Middleware\\StartSession.php(64): Illuminate\\Session\\Middleware\\StartSession->handleStatefulRequest(Object(Illuminate\\Http\\Request), Object(Illuminate\\Session\\Store), Object(Closure))
#32 C:\\wamp64\\www\\klaes\\vendor\\laravel\\framework\\src\\Illuminate\\Pipeline\\Pipeline.php(180): Illuminate\\Session\\Middleware\\StartSession->handle(Object(Illuminate\\Http\\Request), Object(Closure))
#33 C:\\wamp64\\www\\klaes\\vendor\\laravel\\framework\\src\\Illuminate\\Cookie\\Middleware\\AddQueuedCookiesToResponse.php(37): Illuminate\\Pipeline\\Pipeline->Illuminate\\Pipeline\\{closure}(Object(Illuminate\\Http\\Request))
#34 C:\\wamp64\\www\\klaes\\vendor\\laravel\\framework\\src\\Illuminate\\Pipeline\\Pipeline.php(180): Illuminate\\Cookie\\Middleware\\AddQueuedCookiesToResponse->handle(Object(Illuminate\\Http\\Request), Object(Closure))
#35 C:\\wamp64\\www\\klaes\\vendor\\laravel\\framework\\src\\Illuminate\\Cookie\\Middleware\\EncryptCookies.php(67): Illuminate\\Pipeline\\Pipeline->Illuminate\\Pipeline\\{closure}(Object(Illuminate\\Http\\Request))
#36 C:\\wamp64\\www\\klaes\\vendor\\laravel\\framework\\src\\Illuminate\\Pipeline\\Pipeline.php(180): Illuminate\\Cookie\\Middleware\\EncryptCookies->handle(Object(Illuminate\\Http\\Request), Object(Closure))
#37 C:\\wamp64\\www\\klaes\\vendor\\laravel\\framework\\src\\Illuminate\\Pipeline\\Pipeline.php(116): Illuminate\\Pipeline\\Pipeline->Illuminate\\Pipeline\\{closure}(Object(Illuminate\\Http\\Request))
#38 C:\\wamp64\\www\\klaes\\vendor\\laravel\\framework\\src\\Illuminate\\Routing\\Router.php(797): Illuminate\\Pipeline\\Pipeline->then(Object(Closure))
#39 C:\\wamp64\\www\\klaes\\vendor\\laravel\\framework\\src\\Illuminate\\Routing\\Router.php(776): Illuminate\\Routing\\Router->runRouteWithinStack(Object(Illuminate\\Routing\\Route), Object(Illuminate\\Http\\Request))
#40 C:\\wamp64\\www\\klaes\\vendor\\laravel\\framework\\src\\Illuminate\\Routing\\Router.php(740): Illuminate\\Routing\\Router->runRoute(Object(Illuminate\\Http\\Request), Object(Illuminate\\Routing\\Route))
#41 C:\\wamp64\\www\\klaes\\vendor\\laravel\\framework\\src\\Illuminate\\Routing\\Router.php(729): Illuminate\\Routing\\Router->dispatchToRoute(Object(Illuminate\\Http\\Request))
#42 C:\\wamp64\\www\\klaes\\vendor\\laravel\\framework\\src\\Illuminate\\Foundation\\Http\\Kernel.php(190): Illuminate\\Routing\\Router->dispatch(Object(Illuminate\\Http\\Request))
#43 C:\\wamp64\\www\\klaes\\vendor\\laravel\\framework\\src\\Illuminate\\Pipeline\\Pipeline.php(141): Illuminate\\Foundation\\Http\\Kernel->Illuminate\\Foundation\\Http\\{closure}(Object(Illuminate\\Http\\Request))
#44 C:\\wamp64\\www\\klaes\\vendor\\livewire\\livewire\\src\\DisableBrowserCache.php(19): Illuminate\\Pipeline\\Pipeline->Illuminate\\Pipeline\\{closure}(Object(Illuminate\\Http\\Request))
#45 C:\\wamp64\\www\\klaes\\vendor\\laravel\\framework\\src\\Illuminate\\Pipeline\\Pipeline.php(180): Livewire\\DisableBrowserCache->handle(Object(Illuminate\\Http\\Request), Object(Closure))
#46 C:\\wamp64\\www\\klaes\\app\\Http\\Middleware\\Cors.php(23): Illuminate\\Pipeline\\Pipeline->Illuminate\\Pipeline\\{closure}(Object(Illuminate\\Http\\Request))
#47 C:\\wamp64\\www\\klaes\\vendor\\laravel\\framework\\src\\Illuminate\\Pipeline\\Pipeline.php(180): App\\Http\\Middleware\\Cors->handle(Object(Illuminate\\Http\\Request), Object(Closure))
#48 C:\\wamp64\\www\\klaes\\vendor\\laravel\\framework\\src\\Illuminate\\Foundation\\Http\\Middleware\\TransformsRequest.php(21): Illuminate\\Pipeline\\Pipeline->Illuminate\\Pipeline\\{closure}(Object(Illuminate\\Http\\Request))
#49 C:\\wamp64\\www\\klaes\\vendor\\laravel\\framework\\src\\Illuminate\\Foundation\\Http\\Middleware\\ConvertEmptyStringsToNull.php(31): Illuminate\\Foundation\\Http\\Middleware\\TransformsRequest->handle(Object(Illuminate\\Http\\Request), Object(Closure))
#50 C:\\wamp64\\www\\klaes\\vendor\\laravel\\framework\\src\\Illuminate\\Pipeline\\Pipeline.php(180): Illuminate\\Foundation\\Http\\Middleware\\ConvertEmptyStringsToNull->handle(Object(Illuminate\\Http\\Request), Object(Closure))
#51 C:\\wamp64\\www\\klaes\\vendor\\laravel\\framework\\src\\Illuminate\\Foundation\\Http\\Middleware\\TransformsRequest.php(21): Illuminate\\Pipeline\\Pipeline->Illuminate\\Pipeline\\{closure}(Object(Illuminate\\Http\\Request))
#52 C:\\wamp64\\www\\klaes\\vendor\\laravel\\framework\\src\\Illuminate\\Foundation\\Http\\Middleware\\TrimStrings.php(40): Illuminate\\Foundation\\Http\\Middleware\\TransformsRequest->handle(Object(Illuminate\\Http\\Request), Object(Closure))
#53 C:\\wamp64\\www\\klaes\\vendor\\laravel\\framework\\src\\Illuminate\\Pipeline\\Pipeline.php(180): Illuminate\\Foundation\\Http\\Middleware\\TrimStrings->handle(Object(Illuminate\\Http\\Request), Object(Closure))
#54 C:\\wamp64\\www\\klaes\\vendor\\laravel\\framework\\src\\Illuminate\\Foundation\\Http\\Middleware\\ValidatePostSize.php(27): Illuminate\\Pipeline\\Pipeline->Illuminate\\Pipeline\\{closure}(Object(Illuminate\\Http\\Request))
#55 C:\\wamp64\\www\\klaes\\vendor\\laravel\\framework\\src\\Illuminate\\Pipeline\\Pipeline.php(180): Illuminate\\Foundation\\Http\\Middleware\\ValidatePostSize->handle(Object(Illuminate\\Http\\Request), Object(Closure))
#56 C:\\wamp64\\www\\klaes\\vendor\\laravel\\framework\\src\\Illuminate\\Foundation\\Http\\Middleware\\PreventRequestsDuringMaintenance.php(86): Illuminate\\Pipeline\\Pipeline->Illuminate\\Pipeline\\{closure}(Object(Illuminate\\Http\\Request))
#57 C:\\wamp64\\www\\klaes\\vendor\\laravel\\framework\\src\\Illuminate\\Pipeline\\Pipeline.php(180): Illuminate\\Foundation\\Http\\Middleware\\PreventRequestsDuringMaintenance->handle(Object(Illuminate\\Http\\Request), Object(Closure))
#58 C:\\wamp64\\www\\klaes\\vendor\\laravel\\framework\\src\\Illuminate\\Http\\Middleware\\HandleCors.php(49): Illuminate\\Pipeline\\Pipeline->Illuminate\\Pipeline\\{closure}(Object(Illuminate\\Http\\Request))
#59 C:\\wamp64\\www\\klaes\\vendor\\laravel\\framework\\src\\Illuminate\\Pipeline\\Pipeline.php(180): Illuminate\\Http\\Middleware\\HandleCors->handle(Object(Illuminate\\Http\\Request), Object(Closure))
#60 C:\\wamp64\\www\\klaes\\vendor\\laravel\\framework\\src\\Illuminate\\Http\\Middleware\\TrustProxies.php(39): Illuminate\\Pipeline\\Pipeline->Illuminate\\Pipeline\\{closure}(Object(Illuminate\\Http\\Request))
#61 C:\\wamp64\\www\\klaes\\vendor\\laravel\\framework\\src\\Illuminate\\Pipeline\\Pipeline.php(180): Illuminate\\Http\\Middleware\\TrustProxies->handle(Object(Illuminate\\Http\\Request), Object(Closure))
#62 C:\\wamp64\\www\\klaes\\vendor\\laravel\\framework\\src\\Illuminate\\Pipeline\\Pipeline.php(116): Illuminate\\Pipeline\\Pipeline->Illuminate\\Pipeline\\{closure}(Object(Illuminate\\Http\\Request))
#63 C:\\wamp64\\www\\klaes\\vendor\\laravel\\framework\\src\\Illuminate\\Foundation\\Http\\Kernel.php(165): Illuminate\\Pipeline\\Pipeline->then(Object(Closure))
#64 C:\\wamp64\\www\\klaes\\vendor\\laravel\\framework\\src\\Illuminate\\Foundation\\Http\\Kernel.php(134): Illuminate\\Foundation\\Http\\Kernel->sendRequestThroughRouter(Object(Illuminate\\Http\\Request))
#65 C:\\wamp64\\www\\klaes\\public\\index.php(54): Illuminate\\Foundation\\Http\\Kernel->handle(Object(Illuminate\\Http\\Request))
#66 C:\\wamp64\\www\\klaes\\vendor\\laravel\\framework\\src\\Illuminate\\Foundation\\resources\\server.php(16): require_once('C:\\\\wamp64\\\\www\\\\k...')
#67 {main}
"} 
[2026-05-19 15:51:34] local.ERROR: Route [temporary-file.print-recommendation] not defined. {"view":{"view":"C:\\wamp64\\www\\klaes\\resources\\views\\lands_one_stop_shop\\temporary_file.blade.php","data":{"errors":"<pre class=sf-dump id=sf-dump-1647930785 data-indent-pad=\"  \"><span class=sf-dump-note>Illuminate\\Support\\ViewErrorBag</span> {<a class=sf-dump-ref>#4416</a><samp data-depth=1 class=sf-dump-expanded>
  #<span class=sf-dump-protected title=\"Protected property\">bags</span>: []
</samp>}
</pre><script>Sfdump(\"sf-dump-1647930785\", {\"maxDepth\":3,\"maxStringLength\":160})</script>
","records":"<pre class=sf-dump id=sf-dump-1419261696 data-indent-pad=\"  \"><span class=sf-dump-note>Illuminate\\Database\\Eloquent\\Collection</span> {<a class=sf-dump-ref>#4440</a><samp data-depth=1 class=sf-dump-expanded>
  #<span class=sf-dump-protected title=\"Protected property\">items</span>: <span class=sf-dump-note>array:1</span> [<samp data-depth=2 class=sf-dump-compact>
    <span class=sf-dump-index>0</span> => <span class=sf-dump-note title=\"App\\Models\\LandsOneStopShop\\LandTemporaryFileNumber
\"><span class=\"sf-dump-ellipsis sf-dump-ellipsis-note\">App\\Models\\LandsOneStopShop</span><span class=\"sf-dump-ellipsis sf-dump-ellipsis-note\">\\</span>LandTemporaryFileNumber</span> {<a class=sf-dump-ref>#4443</a><samp data-depth=3 class=sf-dump-compact>
      #<span class=sf-dump-protected title=\"Protected property\">connection</span>: \"<span class=sf-dump-str title=\"6 characters\">sqlsrv</span>\"
      #<span class=sf-dump-protected title=\"Protected property\">table</span>: \"<span class=sf-dump-str title=\"27 characters\">land_temporary_file_numbers</span>\"
      #<span class=sf-dump-protected title=\"Protected property\">primaryKey</span>: \"<span class=sf-dump-str title=\"2 characters\">id</span>\"
      #<span class=sf-dump-protected title=\"Protected property\">keyType</span>: \"<span class=sf-dump-str title=\"3 characters\">int</span>\"
      +<span class=sf-dump-public title=\"Public property\">incrementing</span>: <span class=sf-dump-const>true</span>
      #<span class=sf-dump-protected title=\"Protected property\">with</span>: []
      #<span class=sf-dump-protected title=\"Protected property\">withCount</span>: []
      +<span class=sf-dump-public title=\"Public property\">preventsLazyLoading</span>: <span class=sf-dump-const>false</span>
      #<span class=sf-dump-protected title=\"Protected property\">perPage</span>: <span class=sf-dump-num>15</span>
      +<span class=sf-dump-public title=\"Public property\">exists</span>: <span class=sf-dump-const>true</span>
      +<span class=sf-dump-public title=\"Public property\">wasRecentlyCreated</span>: <span class=sf-dump-const>false</span>
      #<span class=sf-dump-protected title=\"Protected property\">escapeWhenCastingToString</span>: <span class=sf-dump-const>false</span>
      #<span class=sf-dump-protected title=\"Protected property\">attributes</span>: <span class=sf-dump-note>array:15</span> [ &#8230;15]
      #<span class=sf-dump-protected title=\"Protected property\">original</span>: <span class=sf-dump-note>array:15</span> [ &#8230;15]
      #<span class=sf-dump-protected title=\"Protected property\">changes</span>: []
      #<span class=sf-dump-protected title=\"Protected property\">casts</span>: <span class=sf-dump-note>array:3</span> [ &#8230;3]
      #<span class=sf-dump-protected title=\"Protected property\">classCastCache</span>: []
      #<span class=sf-dump-protected title=\"Protected property\">attributeCastCache</span>: []
      #<span class=sf-dump-protected title=\"Protected property\">dates</span>: []
      #<span class=sf-dump-protected title=\"Protected property\">dateFormat</span>: <span class=sf-dump-const>null</span>
      #<span class=sf-dump-protected title=\"Protected property\">appends</span>: []
      #<span class=sf-dump-protected title=\"Protected property\">dispatchesEvents</span>: []
      #<span class=sf-dump-protected title=\"Protected property\">observables</span>: []
      #<span class=sf-dump-protected title=\"Protected property\">relations</span>: []
      #<span class=sf-dump-protected title=\"Protected property\">touches</span>: []
      +<span class=sf-dump-public title=\"Public property\">timestamps</span>: <span class=sf-dump-const>true</span>
      #<span class=sf-dump-protected title=\"Protected property\">hidden</span>: []
      #<span class=sf-dump-protected title=\"Protected property\">visible</span>: []
      #<span class=sf-dump-protected title=\"Protected property\">fillable</span>: <span class=sf-dump-note>array:12</span> [ &#8230;12]
      #<span class=sf-dump-protected title=\"Protected property\">guarded</span>: <span class=sf-dump-note>array:1</span> [ &#8230;1]
    </samp>}
  </samp>]
  #<span class=sf-dump-protected title=\"Protected property\">escapeWhenCastingToString</span>: <span class=sf-dump-const>false</span>
</samp>}
</pre><script>Sfdump(\"sf-dump-1419261696\", {\"maxDepth\":3,\"maxStringLength\":160})</script>
","limit":"<pre class=sf-dump id=sf-dump-678260419 data-indent-pad=\"  \"><span class=sf-dump-num>50</span>
</pre><script>Sfdump(\"sf-dump-678260419\", {\"maxDepth\":3,\"maxStringLength\":160})</script>
","search":"<pre class=sf-dump id=sf-dump-1430601465 data-indent-pad=\"  \">\"\"
</pre><script>Sfdump(\"sf-dump-1430601465\", {\"maxDepth\":3,\"maxStringLength\":160})</script>
","lgas":"<pre class=sf-dump id=sf-dump-2101008288 data-indent-pad=\"  \"><span class=sf-dump-note>Illuminate\\Support\\Collection</span> {<a class=sf-dump-ref>#4431</a><samp data-depth=1 class=sf-dump-expanded>
  #<span class=sf-dump-protected title=\"Protected property\">items</span>: <span class=sf-dump-note>array:45</span> [<samp data-depth=2 class=sf-dump-compact>
    <span class=sf-dump-index>0</span> => {<a class=sf-dump-ref>#4435</a><samp data-depth=3 class=sf-dump-compact>
      +\"<span class=sf-dump-public title=\"Runtime added dynamic property\">id</span>\": \"<span class=sf-dump-str>1</span>\"
      +\"<span class=sf-dump-public title=\"Runtime added dynamic property\">name</span>\": \"<span class=sf-dump-str title=\"6 characters\">Ajingi</span>\"
      +\"<span class=sf-dump-public title=\"Runtime added dynamic property\">code</span>\": \"<span class=sf-dump-str title=\"6 characters\">AJINGI</span>\"
      +\"<span class=sf-dump-public title=\"Runtime added dynamic property\">slug</span>\": \"<span class=sf-dump-str title=\"6 characters\">ajingi</span>\"
      +\"<span class=sf-dump-public title=\"Runtime added dynamic property\">is_active</span>\": \"<span class=sf-dump-str>1</span>\"
      +\"<span class=sf-dump-public title=\"Runtime added dynamic property\">created_at</span>\": \"<span class=sf-dump-str title=\"23 characters\">2025-10-24 01:41:04.013</span>\"
      +\"<span class=sf-dump-public title=\"Runtime added dynamic property\">updated_at</span>\": \"<span class=sf-dump-str title=\"23 characters\">2025-10-30 00:52:32.323</span>\"
    </samp>}
    <span class=sf-dump-index>1</span> => {<a class=sf-dump-ref>#4433</a><samp data-depth=3 class=sf-dump-compact>
      +\"<span class=sf-dump-public title=\"Runtime added dynamic property\">id</span>\": \"<span class=sf-dump-str>2</span>\"
      +\"<span class=sf-dump-public title=\"Runtime added dynamic property\">name</span>\": \"<span class=sf-dump-str title=\"6 characters\">Albasu</span>\"
      +\"<span class=sf-dump-public title=\"Runtime added dynamic property\">code</span>\": \"<span class=sf-dump-str title=\"6 characters\">ALBASU</span>\"
      +\"<span class=sf-dump-public title=\"Runtime added dynamic property\">slug</span>\": \"<span class=sf-dump-str title=\"6 characters\">albasu</span>\"
      +\"<span class=sf-dump-public title=\"Runtime added dynamic property\">is_active</span>\": \"<span class=sf-dump-str>1</span>\"
      +\"<span class=sf-dump-public title=\"Runtime added dynamic property\">created_at</span>\": \"<span class=sf-dump-str title=\"23 characters\">2025-10-24 01:41:04.013</span>\"
      +\"<span class=sf-dump-public title=\"Runtime added dynamic property\">updated_at</span>\": \"<span class=sf-dump-str title=\"23 characters\">2025-10-30 00:52:32.323</span>\"
    </samp>}
    <span class=sf-dump-index>2</span> => {<a class=sf-dump-ref>#4434</a><samp data-depth=3 class=sf-dump-compact>
      +\"<span class=sf-dump-public title=\"Runtime added dynamic property\">id</span>\": \"<span class=sf-dump-str>3</span>\"
      +\"<span class=sf-dump-public title=\"Runtime added dynamic property\">name</span>\": \"<span class=sf-dump-str title=\"6 characters\">Bagwai</span>\"
      +\"<span class=sf-dump-public title=\"Runtime added dynamic property\">code</span>\": \"<span class=sf-dump-str title=\"6 characters\">BAGWAI</span>\"
      +\"<span class=sf-dump-public title=\"Runtime added dynamic property\">slug</span>\": \"<span class=sf-dump-str title=\"6 characters\">bagwai</span>\"
      +\"<span class=sf-dump-public title=\"Runtime added dynamic property\">is_active</span>\": \"<span class=sf-dump-str>1</span>\"
      +\"<span class=sf-dump-public title=\"Runtime added dynamic property\">created_at</span>\": \"<span class=sf-dump-str title=\"23 characters\">2025-10-24 01:41:04.013</span>\"
      +\"<span class=sf-dump-public title=\"Runtime added dynamic property\">updated_at</span>\": \"<span class=sf-dump-str title=\"23 characters\">2025-10-30 00:52:32.323</span>\"
    </samp>}
    <span class=sf-dump-index>3</span> => {<a class=sf-dump-ref>#4441</a><samp data-depth=3 class=sf-dump-compact>
      +\"<span class=sf-dump-public title=\"Runtime added dynamic property\">id</span>\": \"<span class=sf-dump-str>4</span>\"
      +\"<span class=sf-dump-public title=\"Runtime added dynamic property\">name</span>\": \"<span class=sf-dump-str title=\"6 characters\">Bebeji</span>\"
      +\"<span class=sf-dump-public title=\"Runtime added dynamic property\">code</span>\": \"<span class=sf-dump-str title=\"6 characters\">BEBEJI</span>\"
      +\"<span class=sf-dump-public title=\"Runtime added dynamic property\">slug</span>\": \"<span class=sf-dump-str title=\"6 characters\">bebeji</span>\"
      +\"<span class=sf-dump-public title=\"Runtime added dynamic property\">is_active</span>\": \"<span class=sf-dump-str>1</span>\"
      +\"<span class=sf-dump-public title=\"Runtime added dynamic property\">created_at</span>\": \"<span class=sf-dump-str title=\"23 characters\">2025-10-24 01:41:04.013</span>\"
      +\"<span class=sf-dump-public title=\"Runtime added dynamic property\">updated_at</span>\": \"<span class=sf-dump-str title=\"23 characters\">2025-10-30 00:52:32.323</span>\"
    </samp>}
    <span class=sf-dump-index>4</span> => {<a class=sf-dump-ref>#4445</a><samp data-depth=3 class=sf-dump-compact>
      +\"<span class=sf-dump-public title=\"Runtime added dynamic property\">id</span>\": \"<span class=sf-dump-str>5</span>\"
      +\"<span class=sf-dump-public title=\"Runtime added dynamic property\">name</span>\": \"<span class=sf-dump-str title=\"5 characters\">Bichi</span>\"
      +\"<span class=sf-dump-public title=\"Runtime added dynamic property\">code</span>\": \"<span class=sf-dump-str title=\"5 characters\">BICHI</span>\"
      +\"<span class=sf-dump-public title=\"Runtime added dynamic property\">slug</span>\": \"<span class=sf-dump-str title=\"5 characters\">bichi</span>\"
      +\"<span class=sf-dump-public title=\"Runtime added dynamic property\">is_active</span>\": \"<span class=sf-dump-str>1</span>\"
      +\"<span class=sf-dump-public title=\"Runtime added dynamic property\">created_at</span>\": \"<span class=sf-dump-str title=\"23 characters\">2025-10-24 01:41:04.013</span>\"
      +\"<span class=sf-dump-public title=\"Runtime added dynamic property\">updated_at</span>\": \"<span class=sf-dump-str title=\"23 characters\">2025-10-30 00:52:32.323</span>\"
    </samp>}
    <span class=sf-dump-index>5</span> => {<a class=sf-dump-ref>#4446</a><samp data-depth=3 class=sf-dump-compact>
      +\"<span class=sf-dump-public title=\"Runtime added dynamic property\">id</span>\": \"<span class=sf-dump-str>6</span>\"
      +\"<span class=sf-dump-public title=\"Runtime added dynamic property\">name</span>\": \"<span class=sf-dump-str title=\"7 characters\">Bunkure</span>\"
      +\"<span class=sf-dump-public title=\"Runtime added dynamic property\">code</span>\": \"<span class=sf-dump-str title=\"7 characters\">BUNKURE</span>\"
      +\"<span class=sf-dump-public title=\"Runtime added dynamic property\">slug</span>\": \"<span class=sf-dump-str title=\"7 characters\">bunkure</span>\"
      +\"<span class=sf-dump-public title=\"Runtime added dynamic property\">is_active</span>\": \"<span class=sf-dump-str>1</span>\"
      +\"<span class=sf-dump-public title=\"Runtime added dynamic property\">created_at</span>\": \"<span class=sf-dump-str title=\"23 characters\">2025-10-24 01:41:04.013</span>\"
      +\"<span class=sf-dump-public title=\"Runtime added dynamic property\">updated_at</span>\": \"<span class=sf-dump-str title=\"23 characters\">2025-10-30 00:52:32.323</span>\"
    </samp>}
    <span class=sf-dump-index>6</span> => {<a class=sf-dump-ref>#4447</a><samp data-depth=3 class=sf-dump-compact>
      +\"<span class=sf-dump-public title=\"Runtime added dynamic property\">id</span>\": \"<span class=sf-dump-str>7</span>\"
      +\"<span class=sf-dump-public title=\"Runtime added dynamic property\">name</span>\": \"<span class=sf-dump-str title=\"4 characters\">Dala</span>\"
      +\"<span class=sf-dump-public title=\"Runtime added dynamic property\">code</span>\": \"<span class=sf-dump-str title=\"4 characters\">DALA</span>\"
      +\"<span class=sf-dump-public title=\"Runtime added dynamic property\">slug</span>\": \"<span class=sf-dump-str title=\"4 characters\">dala</span>\"
      +\"<span class=sf-dump-public title=\"Runtime added dynamic property\">is_active</span>\": \"<span class=sf-dump-str>1</span>\"
      +\"<span class=sf-dump-public title=\"Runtime added dynamic property\">created_at</span>\": \"<span class=sf-dump-str title=\"23 characters\">2025-10-24 01:41:04.013</span>\"
      +\"<span class=sf-dump-public title=\"Runtime added dynamic property\">updated_at</span>\": \"<span class=sf-dump-str title=\"23 characters\">2025-10-30 00:52:32.323</span>\"
    </samp>}
    <span class=sf-dump-index>7</span> => {<a class=sf-dump-ref>#4448</a><samp data-depth=3 class=sf-dump-compact>
      +\"<span class=sf-dump-public title=\"Runtime added dynamic property\">id</span>\": \"<span class=sf-dump-str>8</span>\"
      +\"<span class=sf-dump-public title=\"Runtime added dynamic property\">name</span>\": \"<span class=sf-dump-str title=\"8 characters\">Dambatta</span>\"
      +\"<span class=sf-dump-public title=\"Runtime added dynamic property\">code</span>\": \"<span class=sf-dump-str title=\"8 characters\">DAMBATTA</span>\"
      +\"<span class=sf-dump-public title=\"Runtime added dynamic property\">slug</span>\": \"<span class=sf-dump-str title=\"8 characters\">dambatta</span>\"
      +\"<span class=sf-dump-public title=\"Runtime added dynamic property\">is_active</span>\": \"<span class=sf-dump-str>1</span>\"
      +\"<span class=sf-dump-public title=\"Runtime added dynamic property\">created_at</span>\": \"<span class=sf-dump-str title=\"23 characters\">2025-10-24 01:41:04.013</span>\"
      +\"<span class=sf-dump-public title=\"Runtime added dynamic property\">updated_at</span>\": \"<span class=sf-dump-str title=\"23 characters\">2025-10-30 00:52:32.323</span>\"
    </samp>}
    <span class=sf-dump-index>8</span> => {<a class=sf-dump-ref>#4449</a><samp data-depth=3 class=sf-dump-compact>
      +\"<span class=sf-dump-public title=\"Runtime added dynamic property\">id</span>\": \"<span class=sf-dump-str>9</span>\"
      +\"<span class=sf-dump-public title=\"Runtime added dynamic property\">name</span>\": \"<span class=sf-dump-str title=\"12 characters\">Dawakin Kudu</span>\"
      +\"<span class=sf-dump-public title=\"Runtime added dynamic property\">code</span>\": \"<span class=sf-dump-str title=\"12 characters\">DAWAKIN_KUDU</span>\"
      +\"<span class=sf-dump-public title=\"Runtime added dynamic property\">slug</span>\": \"<span class=sf-dump-str title=\"12 characters\">dawakin-kudu</span>\"
      +\"<span class=sf-dump-public title=\"Runtime added dynamic property\">is_active</span>\": \"<span class=sf-dump-str>1</span>\"
      +\"<span class=sf-dump-public title=\"Runtime added dynamic property\">created_at</span>\": \"<span class=sf-dump-str title=\"23 characters\">2025-10-24 01:41:04.013</span>\"
      +\"<span class=sf-dump-public title=\"Runtime added dynamic property\">updated_at</span>\": \"<span class=sf-dump-str title=\"23 characters\">2025-10-30 00:52:32.323</span>\"
    </samp>}
    <span class=sf-dump-index>9</span> => {<a class=sf-dump-ref>#4450</a><samp data-depth=3 class=sf-dump-compact>
      +\"<span class=sf-dump-public title=\"Runtime added dynamic property\">id</span>\": \"<span class=sf-dump-str title=\"2 characters\">10</span>\"
      +\"<span class=sf-dump-public title=\"Runtime added dynamic property\">name</span>\": \"<span class=sf-dump-str title=\"12 characters\">Dawakin Tofa</span>\"
      +\"<span class=sf-dump-public title=\"Runtime added dynamic property\">code</span>\": \"<span class=sf-dump-str title=\"12 characters\">DAWAKIN_TOFA</span>\"
      +\"<span class=sf-dump-public title=\"Runtime added dynamic property\">slug</span>\": \"<span class=sf-dump-str title=\"12 characters\">dawakin-tofa</span>\"
      +\"<span class=sf-dump-public title=\"Runtime added dynamic property\">is_active</span>\": \"<span class=sf-dump-str>1</span>\"
      +\"<span class=sf-dump-public title=\"Runtime added dynamic property\">created_at</span>\": \"<span class=sf-dump-str title=\"23 characters\">2025-10-24 01:41:04.013</span>\"
      +\"<span class=sf-dump-public title=\"Runtime added dynamic property\">updated_at</span>\": \"<span class=sf-dump-str title=\"23 characters\">2025-10-30 00:52:32.323</span>\"
    </samp>}
    <span class=sf-dump-index>10</span> => {<a class=sf-dump-ref>#4451</a><samp data-depth=3 class=sf-dump-compact>
      +\"<span class=sf-dump-public title=\"Runtime added dynamic property\">id</span>\": \"<span class=sf-dump-str title=\"2 characters\">11</span>\"
      +\"<span class=sf-dump-public title=\"Runtime added dynamic property\">name</span>\": \"<span class=sf-dump-str title=\"6 characters\">Doguwa</span>\"
      +\"<span class=sf-dump-public title=\"Runtime added dynamic property\">code</span>\": \"<span class=sf-dump-str title=\"6 characters\">DOGUWA</span>\"
      +\"<span class=sf-dump-public title=\"Runtime added dynamic property\">slug</span>\": \"<span class=sf-dump-str title=\"6 characters\">doguwa</span>\"
      +\"<span class=sf-dump-public title=\"Runtime added dynamic property\">is_active</span>\": \"<span class=sf-dump-str>1</span>\"
      +\"<span class=sf-dump-public title=\"Runtime added dynamic property\">created_at</span>\": \"<span class=sf-dump-str title=\"23 characters\">2025-10-24 01:41:04.013</span>\"
      +\"<span class=sf-dump-public title=\"Runtime added dynamic property\">updated_at</span>\": \"<span class=sf-dump-str title=\"23 characters\">2025-10-30 00:52:32.323</span>\"
    </samp>}
    <span class=sf-dump-index>11</span> => {<a class=sf-dump-ref>#4452</a><samp data-depth=3 class=sf-dump-compact>
      +\"<span class=sf-dump-public title=\"Runtime added dynamic property\">id</span>\": \"<span class=sf-dump-str title=\"2 characters\">12</span>\"
      +\"<span class=sf-dump-public title=\"Runtime added dynamic property\">name</span>\": \"<span class=sf-dump-str title=\"5 characters\">Fagge</span>\"
      +\"<span class=sf-dump-public title=\"Runtime added dynamic property\">code</span>\": \"<span class=sf-dump-str title=\"5 characters\">FAGGE</span>\"
      +\"<span class=sf-dump-public title=\"Runtime added dynamic property\">slug</span>\": \"<span class=sf-dump-str title=\"5 characters\">fagge</span>\"
      +\"<span class=sf-dump-public title=\"Runtime added dynamic property\">is_active</span>\": \"<span class=sf-dump-str>1</span>\"
      +\"<span class=sf-dump-public title=\"Runtime added dynamic property\">created_at</span>\": \"<span class=sf-dump-str title=\"23 characters\">2025-10-24 01:41:04.013</span>\"
      +\"<span class=sf-dump-public title=\"Runtime added dynamic property\">updated_at</span>\": \"<span class=sf-dump-str title=\"23 characters\">2025-10-30 00:52:32.323</span>\"
    </samp>}
    <span class=sf-dump-index>12</span> => {<a class=sf-dump-ref>#4453</a><samp data-depth=3 class=sf-dump-compact>
      +\"<span class=sf-dump-public title=\"Runtime added dynamic property\">id</span>\": \"<span class=sf-dump-str title=\"2 characters\">13</span>\"
      +\"<span class=sf-dump-public title=\"Runtime added dynamic property\">name</span>\": \"<span class=sf-dump-str title=\"8 characters\">Gabasawa</span>\"
      +\"<span class=sf-dump-public title=\"Runtime added dynamic property\">code</span>\": \"<span class=sf-dump-str title=\"8 characters\">GABASAWA</span>\"
      +\"<span class=sf-dump-public title=\"Runtime added dynamic property\">slug</span>\": \"<span class=sf-dump-str title=\"8 characters\">gabasawa</span>\"
      +\"<span class=sf-dump-public title=\"Runtime added dynamic property\">is_active</span>\": \"<span class=sf-dump-str>1</span>\"
      +\"<span class=sf-dump-public title=\"Runtime added dynamic property\">created_at</span>\": \"<span class=sf-dump-str title=\"23 characters\">2025-10-24 01:41:04.013</span>\"
      +\"<span class=sf-dump-public title=\"Runtime added dynamic property\">updated_at</span>\": \"<span class=sf-dump-str title=\"23 characters\">2025-10-30 00:52:32.323</span>\"
    </samp>}
    <span class=sf-dump-index>13</span> => {<a class=sf-dump-ref>#4454</a><samp data-depth=3 class=sf-dump-compact>
      +\"<span class=sf-dump-public title=\"Runtime added dynamic property\">id</span>\": \"<span class=sf-dump-str title=\"2 characters\">14</span>\"
      +\"<span class=sf-dump-public title=\"Runtime added dynamic property\">name</span>\": \"<span class=sf-dump-str title=\"5 characters\">Garko</span>\"
      +\"<span class=sf-dump-public title=\"Runtime added dynamic property\">code</span>\": \"<span class=sf-dump-str title=\"5 characters\">GARKO</span>\"
      +\"<span class=sf-dump-public title=\"Runtime added dynamic property\">slug</span>\": \"<span class=sf-dump-str title=\"5 characters\">garko</span>\"
      +\"<span class=sf-dump-public title=\"Runtime added dynamic property\">is_active</span>\": \"<span class=sf-dump-str>1</span>\"
      +\"<span class=sf-dump-public title=\"Runtime added dynamic property\">created_at</span>\": \"<span class=sf-dump-str title=\"23 characters\">2025-10-24 01:41:04.013</span>\"
      +\"<span class=sf-dump-public title=\"Runtime added dynamic property\">updated_at</span>\": \"<span class=sf-dump-str title=\"23 characters\">2025-10-30 00:52:32.323</span>\"
    </samp>}
    <span class=sf-dump-index>14</span> => {<a class=sf-dump-ref>#4455</a><samp data-depth=3 class=sf-dump-compact>
      +\"<span class=sf-dump-public title=\"Runtime added dynamic property\">id</span>\": \"<span class=sf-dump-str title=\"2 characters\">15</span>\"
      +\"<span class=sf-dump-public title=\"Runtime added dynamic property\">name</span>\": \"<span class=sf-dump-str title=\"12 characters\">Garun Mallam</span>\"
      +\"<span class=sf-dump-public title=\"Runtime added dynamic property\">code</span>\": \"<span class=sf-dump-str title=\"12 characters\">GARUN_MALLAM</span>\"
      +\"<span class=sf-dump-public title=\"Runtime added dynamic property\">slug</span>\": \"<span class=sf-dump-str title=\"12 characters\">garun-mallam</span>\"
      +\"<span class=sf-dump-public title=\"Runtime added dynamic property\">is_active</span>\": \"<span class=sf-dump-str>1</span>\"
      +\"<span class=sf-dump-public title=\"Runtime added dynamic property\">created_at</span>\": \"<span class=sf-dump-str title=\"23 characters\">2025-10-24 01:41:04.013</span>\"
      +\"<span class=sf-dump-public title=\"Runtime added dynamic property\">updated_at</span>\": \"<span class=sf-dump-str title=\"23 characters\">2025-10-30 00:52:32.323</span>\"
    </samp>}
    <span class=sf-dump-index>15</span> => {<a class=sf-dump-ref>#4456</a><samp data-depth=3 class=sf-dump-compact>
      +\"<span class=sf-dump-public title=\"Runtime added dynamic property\">id</span>\": \"<span class=sf-dump-str title=\"2 characters\">16</span>\"
      +\"<span class=sf-dump-public title=\"Runtime added dynamic property\">name</span>\": \"<span class=sf-dump-str title=\"4 characters\">Gaya</span>\"
      +\"<span class=sf-dump-public title=\"Runtime added dynamic property\">code</span>\": \"<span class=sf-dump-str title=\"4 characters\">GAYA</span>\"
      +\"<span class=sf-dump-public title=\"Runtime added dynamic property\">slug</span>\": \"<span class=sf-dump-str title=\"4 characters\">gaya</span>\"
      +\"<span class=sf-dump-public title=\"Runtime added dynamic property\">is_active</span>\": \"<span class=sf-dump-str>1</span>\"
      +\"<span class=sf-dump-public title=\"Runtime added dynamic property\">created_at</span>\": \"<span class=sf-dump-str title=\"23 characters\">2025-10-24 01:41:04.013</span>\"
      +\"<span class=sf-dump-public title=\"Runtime added dynamic property\">updated_at</span>\": \"<span class=sf-dump-str title=\"23 characters\">2025-10-30 00:52:32.323</span>\"
    </samp>}
    <span class=sf-dump-index>16</span> => {<a class=sf-dump-ref>#4457</a><samp data-depth=3 class=sf-dump-compact>
      +\"<span class=sf-dump-public title=\"Runtime added dynamic property\">id</span>\": \"<span class=sf-dump-str title=\"2 characters\">17</span>\"
      +\"<span class=sf-dump-public title=\"Runtime added dynamic property\">name</span>\": \"<span class=sf-dump-str title=\"6 characters\">Gezawa</span>\"
      +\"<span class=sf-dump-public title=\"Runtime added dynamic property\">code</span>\": \"<span class=sf-dump-str title=\"6 characters\">GEZAWA</span>\"
      +\"<span class=sf-dump-public title=\"Runtime added dynamic property\">slug</span>\": \"<span class=sf-dump-str title=\"6 characters\">gezawa</span>\"
      +\"<span class=sf-dump-public title=\"Runtime added dynamic property\">is_active</span>\": \"<span class=sf-dump-str>1</span>\"
      +\"<span class=sf-dump-public title=\"Runtime added dynamic property\">created_at</span>\": \"<span class=sf-dump-str title=\"23 characters\">2025-10-24 01:41:04.013</span>\"
      +\"<span class=sf-dump-public title=\"Runtime added dynamic property\">updated_at</span>\": \"<span class=sf-dump-str title=\"23 characters\">2025-10-30 00:52:32.323</span>\"
    </samp>}
    <span class=sf-dump-index>17</span> => {<a class=sf-dump-ref>#4458</a><samp data-depth=3 class=sf-dump-compact>
      +\"<span class=sf-dump-public title=\"Runtime added dynamic property\">id</span>\": \"<span class=sf-dump-str title=\"2 characters\">26</span>\"
      +\"<span class=sf-dump-public title=\"Runtime added dynamic property\">name</span>\": \"<span class=sf-dump-str title=\"5 characters\">Ghari</span>\"
      +\"<span class=sf-dump-public title=\"Runtime added dynamic property\">code</span>\": \"<span class=sf-dump-str title=\"5 characters\">GHARI</span>\"
      +\"<span class=sf-dump-public title=\"Runtime added dynamic property\">slug</span>\": \"<span class=sf-dump-str title=\"5 characters\">Ghari</span>\"
      +\"<span class=sf-dump-public title=\"Runtime added dynamic property\">is_active</span>\": \"<span class=sf-dump-str>1</span>\"
      +\"<span class=sf-dump-public title=\"Runtime added dynamic property\">created_at</span>\": \"<span class=sf-dump-str title=\"23 characters\">2025-10-24 01:41:04.013</span>\"
      +\"<span class=sf-dump-public title=\"Runtime added dynamic property\">updated_at</span>\": \"<span class=sf-dump-str title=\"23 characters\">2025-10-30 00:52:32.323</span>\"
    </samp>}
    <span class=sf-dump-index>18</span> => {<a class=sf-dump-ref>#4459</a><samp data-depth=3 class=sf-dump-compact>
      +\"<span class=sf-dump-public title=\"Runtime added dynamic property\">id</span>\": \"<span class=sf-dump-str title=\"2 characters\">18</span>\"
      +\"<span class=sf-dump-public title=\"Runtime added dynamic property\">name</span>\": \"<span class=sf-dump-str title=\"5 characters\">Gwale</span>\"
      +\"<span class=sf-dump-public title=\"Runtime added dynamic property\">code</span>\": \"<span class=sf-dump-str title=\"5 characters\">GWALE</span>\"
      +\"<span class=sf-dump-public title=\"Runtime added dynamic property\">slug</span>\": \"<span class=sf-dump-str title=\"5 characters\">gwale</span>\"
      +\"<span class=sf-dump-public title=\"Runtime added dynamic property\">is_active</span>\": \"<span class=sf-dump-str>1</span>\"
      +\"<span class=sf-dump-public title=\"Runtime added dynamic property\">created_at</span>\": \"<span class=sf-dump-str title=\"23 characters\">2025-10-24 01:41:04.013</span>\"
      +\"<span class=sf-dump-public title=\"Runtime added dynamic property\">updated_at</span>\": \"<span class=sf-dump-str title=\"23 characters\">2025-10-30 00:52:32.323</span>\"
    </samp>}
    <span class=sf-dump-index>19</span> => {<a class=sf-dump-ref>#4460</a><samp data-depth=3 class=sf-dump-compact>
      +\"<span class=sf-dump-public title=\"Runtime added dynamic property\">id</span>\": \"<span class=sf-dump-str title=\"2 characters\">19</span>\"
      +\"<span class=sf-dump-public title=\"Runtime added dynamic property\">name</span>\": \"<span class=sf-dump-str title=\"6 characters\">Gwarzo</span>\"
      +\"<span class=sf-dump-public title=\"Runtime added dynamic property\">code</span>\": \"<span class=sf-dump-str title=\"6 characters\">GWARZO</span>\"
      +\"<span class=sf-dump-public title=\"Runtime added dynamic property\">slug</span>\": \"<span class=sf-dump-str title=\"6 characters\">gwarzo</span>\"
      +\"<span class=sf-dump-public title=\"Runtime added dynamic property\">is_active</span>\": \"<span class=sf-dump-str>1</span>\"
      +\"<span class=sf-dump-public title=\"Runtime added dynamic property\">created_at</span>\": \"<span class=sf-dump-str title=\"23 characters\">2025-10-24 01:41:04.013</span>\"
      +\"<span class=sf-dump-public title=\"Runtime added dynamic property\">updated_at</span>\": \"<span class=sf-dump-str title=\"23 characters\">2025-10-30 00:52:32.323</span>\"
    </samp>}
    <span class=sf-dump-index>20</span> => {<a class=sf-dump-ref>#4461</a><samp data-depth=3 class=sf-dump-compact>
      +\"<span class=sf-dump-public title=\"Runtime added dynamic property\">id</span>\": \"<span class=sf-dump-str title=\"2 characters\">20</span>\"
      +\"<span class=sf-dump-public title=\"Runtime added dynamic property\">name</span>\": \"<span class=sf-dump-str title=\"4 characters\">Kabo</span>\"
      +\"<span class=sf-dump-public title=\"Runtime added dynamic property\">code</span>\": \"<span class=sf-dump-str title=\"4 characters\">KABO</span>\"
      +\"<span class=sf-dump-public title=\"Runtime added dynamic property\">slug</span>\": \"<span class=sf-dump-str title=\"4 characters\">kabo</span>\"
      +\"<span class=sf-dump-public title=\"Runtime added dynamic property\">is_active</span>\": \"<span class=sf-dump-str>1</span>\"
      +\"<span class=sf-dump-public title=\"Runtime added dynamic property\">created_at</span>\": \"<span class=sf-dump-str title=\"23 characters\">2025-10-24 01:41:04.013</span>\"
      +\"<span class=sf-dump-public title=\"Runtime added dynamic property\">updated_at</span>\": \"<span class=sf-dump-str title=\"23 characters\">2025-10-30 00:52:32.323</span>\"
    </samp>}
    <span class=sf-dump-index>21</span> => {<a class=sf-dump-ref>#4462</a><samp data-depth=3 class=sf-dump-compact>
      +\"<span class=sf-dump-public title=\"Runtime added dynamic property\">id</span>\": \"<span class=sf-dump-str title=\"2 characters\">21</span>\"
      +\"<span class=sf-dump-public title=\"Runtime added dynamic property\">name</span>\": \"<span class=sf-dump-str title=\"14 characters\">Kano Municipal</span>\"
      +\"<span class=sf-dump-public title=\"Runtime added dynamic property\">code</span>\": \"<span class=sf-dump-str title=\"14 characters\">KANO_MUNICIPAL</span>\"
      +\"<span class=sf-dump-public title=\"Runtime added dynamic property\">slug</span>\": \"<span class=sf-dump-str title=\"14 characters\">kano-municipal</span>\"
      +\"<span class=sf-dump-public title=\"Runtime added dynamic property\">is_active</span>\": \"<span class=sf-dump-str>1</span>\"
      +\"<span class=sf-dump-public title=\"Runtime added dynamic property\">created_at</span>\": \"<span class=sf-dump-str title=\"23 characters\">2025-10-24 01:41:04.013</span>\"
      +\"<span class=sf-dump-public title=\"Runtime added dynamic property\">updated_at</span>\": \"<span class=sf-dump-str title=\"23 characters\">2025-10-30 00:52:32.323</span>\"
    </samp>}
    <span class=sf-dump-index>22</span> => {<a class=sf-dump-ref>#4463</a><samp data-depth=3 class=sf-dump-compact>
      +\"<span class=sf-dump-public title=\"Runtime added dynamic property\">id</span>\": \"<span class=sf-dump-str title=\"2 characters\">22</span>\"
      +\"<span class=sf-dump-public title=\"Runtime added dynamic property\">name</span>\": \"<span class=sf-dump-str title=\"6 characters\">Karaye</span>\"
      +\"<span class=sf-dump-public title=\"Runtime added dynamic property\">code</span>\": \"<span class=sf-dump-str title=\"6 characters\">KARAYE</span>\"
      +\"<span class=sf-dump-public title=\"Runtime added dynamic property\">slug</span>\": \"<span class=sf-dump-str title=\"6 characters\">karaye</span>\"
      +\"<span class=sf-dump-public title=\"Runtime added dynamic property\">is_active</span>\": \"<span class=sf-dump-str>1</span>\"
      +\"<span class=sf-dump-public title=\"Runtime added dynamic property\">created_at</span>\": \"<span class=sf-dump-str title=\"23 characters\">2025-10-24 01:41:04.013</span>\"
      +\"<span class=sf-dump-public title=\"Runtime added dynamic property\">updated_at</span>\": \"<span class=sf-dump-str title=\"23 characters\">2025-10-30 00:52:32.323</span>\"
    </samp>}
    <span class=sf-dump-index>23</span> => {<a class=sf-dump-ref>#4464</a><samp data-depth=3 class=sf-dump-compact>
      +\"<span class=sf-dump-public title=\"Runtime added dynamic property\">id</span>\": \"<span class=sf-dump-str title=\"2 characters\">23</span>\"
      +\"<span class=sf-dump-public title=\"Runtime added dynamic property\">name</span>\": \"<span class=sf-dump-str title=\"6 characters\">Kibiya</span>\"
      +\"<span class=sf-dump-public title=\"Runtime added dynamic property\">code</span>\": \"<span class=sf-dump-str title=\"6 characters\">KIBIYA</span>\"
      +\"<span class=sf-dump-public title=\"Runtime added dynamic property\">slug</span>\": \"<span class=sf-dump-str title=\"6 characters\">kibiya</span>\"
      +\"<span class=sf-dump-public title=\"Runtime added dynamic property\">is_active</span>\": \"<span class=sf-dump-str>1</span>\"
      +\"<span class=sf-dump-public title=\"Runtime added dynamic property\">created_at</span>\": \"<span class=sf-dump-str title=\"23 characters\">2025-10-24 01:41:04.013</span>\"
      +\"<span class=sf-dump-public title=\"Runtime added dynamic property\">updated_at</span>\": \"<span class=sf-dump-str title=\"23 characters\">2025-10-30 00:52:32.323</span>\"
    </samp>}
    <span class=sf-dump-index>24</span> => {<a class=sf-dump-ref>#4465</a><samp data-depth=3 class=sf-dump-compact>
      +\"<span class=sf-dump-public title=\"Runtime added dynamic property\">id</span>\": \"<span class=sf-dump-str title=\"2 characters\">24</span>\"
      +\"<span class=sf-dump-public title=\"Runtime added dynamic property\">name</span>\": \"<span class=sf-dump-str title=\"4 characters\">Kiru</span>\"
      +\"<span class=sf-dump-public title=\"Runtime added dynamic property\">code</span>\": \"<span class=sf-dump-str title=\"4 characters\">KIRU</span>\"
      +\"<span class=sf-dump-public title=\"Runtime added dynamic property\">slug</span>\": \"<span class=sf-dump-str title=\"4 characters\">kiru</span>\"
      +\"<span class=sf-dump-public title=\"Runtime added dynamic property\">is_active</span>\": \"<span class=sf-dump-str>1</span>\"
      +\"<span class=sf-dump-public title=\"Runtime added dynamic property\">created_at</span>\": \"<span class=sf-dump-str title=\"23 characters\">2025-10-24 01:41:04.013</span>\"
      +\"<span class=sf-dump-public title=\"Runtime added dynamic property\">updated_at</span>\": \"<span class=sf-dump-str title=\"23 characters\">2025-10-30 00:52:32.323</span>\"
    </samp>}
    <span class=sf-dump-index>25</span> => {<a class=sf-dump-ref>#4466</a><samp data-depth=3 class=sf-dump-compact>
      +\"<span class=sf-dump-public title=\"Runtime added dynamic property\">id</span>\": \"<span class=sf-dump-str title=\"2 characters\">25</span>\"
      +\"<span class=sf-dump-public title=\"Runtime added dynamic property\">name</span>\": \"<span class=sf-dump-str title=\"8 characters\">Kumbotso</span>\"
      +\"<span class=sf-dump-public title=\"Runtime added dynamic property\">code</span>\": \"<span class=sf-dump-str title=\"8 characters\">KUMBOTSO</span>\"
      +\"<span class=sf-dump-public title=\"Runtime added dynamic property\">slug</span>\": \"<span class=sf-dump-str title=\"8 characters\">kumbotso</span>\"
      +\"<span class=sf-dump-public title=\"Runtime added dynamic property\">is_active</span>\": \"<span class=sf-dump-str>1</span>\"
      +\"<span class=sf-dump-public title=\"Runtime added dynamic property\">created_at</span>\": \"<span class=sf-dump-str title=\"23 characters\">2025-10-24 01:41:04.013</span>\"
      +\"<span class=sf-dump-public title=\"Runtime added dynamic property\">updated_at</span>\": \"<span class=sf-dump-str title=\"23 characters\">2025-10-30 00:52:32.323</span>\"
    </samp>}
    <span class=sf-dump-index>26</span> => {<a class=sf-dump-ref>#4467</a><samp data-depth=3 class=sf-dump-compact>
      +\"<span class=sf-dump-public title=\"Runtime added dynamic property\">id</span>\": \"<span class=sf-dump-str title=\"2 characters\">27</span>\"
      +\"<span class=sf-dump-public title=\"Runtime added dynamic property\">name</span>\": \"<span class=sf-dump-str title=\"4 characters\">Kura</span>\"
      +\"<span class=sf-dump-public title=\"Runtime added dynamic property\">code</span>\": \"<span class=sf-dump-str title=\"4 characters\">KURA</span>\"
      +\"<span class=sf-dump-public title=\"Runtime added dynamic property\">slug</span>\": \"<span class=sf-dump-str title=\"4 characters\">kura</span>\"
      +\"<span class=sf-dump-public title=\"Runtime added dynamic property\">is_active</span>\": \"<span class=sf-dump-str>1</span>\"
      +\"<span class=sf-dump-public title=\"Runtime added dynamic property\">created_at</span>\": \"<span class=sf-dump-str title=\"23 characters\">2025-10-24 01:41:04.013</span>\"
      +\"<span class=sf-dump-public title=\"Runtime added dynamic property\">updated_at</span>\": \"<span class=sf-dump-str title=\"23 characters\">2025-10-30 00:52:32.323</span>\"
    </samp>}
    <span class=sf-dump-index>27</span> => {<a class=sf-dump-ref>#4468</a><samp data-depth=3 class=sf-dump-compact>
      +\"<span class=sf-dump-public title=\"Runtime added dynamic property\">id</span>\": \"<span class=sf-dump-str title=\"2 characters\">28</span>\"
      +\"<span class=sf-dump-public title=\"Runtime added dynamic property\">name</span>\": \"<span class=sf-dump-str title=\"6 characters\">Madobi</span>\"
      +\"<span class=sf-dump-public title=\"Runtime added dynamic property\">code</span>\": \"<span class=sf-dump-str title=\"6 characters\">MADOBI</span>\"
      +\"<span class=sf-dump-public title=\"Runtime added dynamic property\">slug</span>\": \"<span class=sf-dump-str title=\"6 characters\">madobi</span>\"
      +\"<span class=sf-dump-public title=\"Runtime added dynamic property\">is_active</span>\": \"<span class=sf-dump-str>1</span>\"
      +\"<span class=sf-dump-public title=\"Runtime added dynamic property\">created_at</span>\": \"<span class=sf-dump-str title=\"23 characters\">2025-10-24 01:41:04.013</span>\"
      +\"<span class=sf-dump-public title=\"Runtime added dynamic property\">updated_at</span>\": \"<span class=sf-dump-str title=\"23 characters\">2025-10-30 00:52:32.323</span>\"
    </samp>}
    <span class=sf-dump-index>28</span> => {<a class=sf-dump-ref>#4469</a><samp data-depth=3 class=sf-dump-compact>
      +\"<span class=sf-dump-public title=\"Runtime added dynamic property\">id</span>\": \"<span class=sf-dump-str title=\"2 characters\">29</span>\"
      +\"<span class=sf-dump-public title=\"Runtime added dynamic property\">name</span>\": \"<span class=sf-dump-str title=\"6 characters\">Makoda</span>\"
      +\"<span class=sf-dump-public title=\"Runtime added dynamic property\">code</span>\": \"<span class=sf-dump-str title=\"6 characters\">MAKODA</span>\"
      +\"<span class=sf-dump-public title=\"Runtime added dynamic property\">slug</span>\": \"<span class=sf-dump-str title=\"6 characters\">makoda</span>\"
      +\"<span class=sf-dump-public title=\"Runtime added dynamic property\">is_active</span>\": \"<span class=sf-dump-str>1</span>\"
      +\"<span class=sf-dump-public title=\"Runtime added dynamic property\">created_at</span>\": \"<span class=sf-dump-str title=\"23 characters\">2025-10-24 01:41:04.013</span>\"
      +\"<span class=sf-dump-public title=\"Runtime added dynamic property\">updated_at</span>\": \"<span class=sf-dump-str title=\"23 characters\">2025-10-30 00:52:32.323</span>\"
    </samp>}
    <span class=sf-dump-index>29</span> => {<a class=sf-dump-ref>#4470</a><samp data-depth=3 class=sf-dump-compact>
      +\"<span class=sf-dump-public title=\"Runtime added dynamic property\">id</span>\": \"<span class=sf-dump-str title=\"2 characters\">30</span>\"
      +\"<span class=sf-dump-public title=\"Runtime added dynamic property\">name</span>\": \"<span class=sf-dump-str title=\"8 characters\">Minjibir</span>\"
      +\"<span class=sf-dump-public title=\"Runtime added dynamic property\">code</span>\": \"<span class=sf-dump-str title=\"8 characters\">MINJIBIR</span>\"
      +\"<span class=sf-dump-public title=\"Runtime added dynamic property\">slug</span>\": \"<span class=sf-dump-str title=\"8 characters\">minjibir</span>\"
      +\"<span class=sf-dump-public title=\"Runtime added dynamic property\">is_active</span>\": \"<span class=sf-dump-str>1</span>\"
      +\"<span class=sf-dump-public title=\"Runtime added dynamic property\">created_at</span>\": \"<span class=sf-dump-str title=\"23 characters\">2025-10-24 01:41:04.013</span>\"
      +\"<span class=sf-dump-public title=\"Runtime added dynamic property\">updated_at</span>\": \"<span class=sf-dump-str title=\"23 characters\">2025-10-30 00:52:32.323</span>\"
    </samp>}
    <span class=sf-dump-index>30</span> => {<a class=sf-dump-ref>#4471</a><samp data-depth=3 class=sf-dump-compact>
      +\"<span class=sf-dump-public title=\"Runtime added dynamic property\">id</span>\": \"<span class=sf-dump-str title=\"2 characters\">31</span>\"
      +\"<span class=sf-dump-public title=\"Runtime added dynamic property\">name</span>\": \"<span class=sf-dump-str title=\"8 characters\">Nasarawa</span>\"
      +\"<span class=sf-dump-public title=\"Runtime added dynamic property\">code</span>\": \"<span class=sf-dump-str title=\"8 characters\">NASARAWA</span>\"
      +\"<span class=sf-dump-public title=\"Runtime added dynamic property\">slug</span>\": \"<span class=sf-dump-str title=\"8 characters\">nasarawa</span>\"
      +\"<span class=sf-dump-public title=\"Runtime added dynamic property\">is_active</span>\": \"<span class=sf-dump-str>1</span>\"
      +\"<span class=sf-dump-public title=\"Runtime added dynamic property\">created_at</span>\": \"<span class=sf-dump-str title=\"23 characters\">2025-10-24 01:41:04.013</span>\"
      +\"<span class=sf-dump-public title=\"Runtime added dynamic property\">updated_at</span>\": \"<span class=sf-dump-str title=\"23 characters\">2025-10-30 00:52:32.323</span>\"
    </samp>}
    <span class=sf-dump-index>31</span> => {<a class=sf-dump-ref>#4472</a><samp data-depth=3 class=sf-dump-compact>
      +\"<span class=sf-dump-public title=\"Runtime added dynamic property\">id</span>\": \"<span class=sf-dump-str title=\"2 characters\">32</span>\"
      +\"<span class=sf-dump-public title=\"Runtime added dynamic property\">name</span>\": \"<span class=sf-dump-str title=\"4 characters\">Rano</span>\"
      +\"<span class=sf-dump-public title=\"Runtime added dynamic property\">code</span>\": \"<span class=sf-dump-str title=\"4 characters\">RANO</span>\"
      +\"<span class=sf-dump-public title=\"Runtime added dynamic property\">slug</span>\": \"<span class=sf-dump-str title=\"4 characters\">rano</span>\"
      +\"<span class=sf-dump-public title=\"Runtime added dynamic property\">is_active</span>\": \"<span class=sf-dump-str>1</span>\"
      +\"<span class=sf-dump-public title=\"Runtime added dynamic property\">created_at</span>\": \"<span class=sf-dump-str title=\"23 characters\">2025-10-24 01:41:04.013</span>\"
      +\"<span class=sf-dump-public title=\"Runtime added dynamic property\">updated_at</span>\": \"<span class=sf-dump-str title=\"23 characters\">2025-10-30 00:52:32.323</span>\"
    </samp>}
    <span class=sf-dump-index>32</span> => {<a class=sf-dump-ref>#4473</a><samp data-depth=3 class=sf-dump-compact>
      +\"<span class=sf-dump-public title=\"Runtime added dynamic property\">id</span>\": \"<span class=sf-dump-str title=\"2 characters\">33</span>\"
      +\"<span class=sf-dump-public title=\"Runtime added dynamic property\">name</span>\": \"<span class=sf-dump-str title=\"10 characters\">Rimin Gado</span>\"
      +\"<span class=sf-dump-public title=\"Runtime added dynamic property\">code</span>\": \"<span class=sf-dump-str title=\"10 characters\">RIMIN_GADO</span>\"
      +\"<span class=sf-dump-public title=\"Runtime added dynamic property\">slug</span>\": \"<span class=sf-dump-str title=\"10 characters\">rimin-gado</span>\"
      +\"<span class=sf-dump-public title=\"Runtime added dynamic property\">is_active</span>\": \"<span class=sf-dump-str>1</span>\"
      +\"<span class=sf-dump-public title=\"Runtime added dynamic property\">created_at</span>\": \"<span class=sf-dump-str title=\"23 characters\">2025-10-24 01:41:04.013</span>\"
      +\"<span class=sf-dump-public title=\"Runtime added dynamic property\">updated_at</span>\": \"<span class=sf-dump-str title=\"23 characters\">2025-10-30 00:52:32.323</span>\"
    </samp>}
    <span class=sf-dump-index>33</span> => {<a class=sf-dump-ref>#4474</a><samp data-depth=3 class=sf-dump-compact>
      +\"<span class=sf-dump-public title=\"Runtime added dynamic property\">id</span>\": \"<span class=sf-dump-str title=\"2 characters\">34</span>\"
      +\"<span class=sf-dump-public title=\"Runtime added dynamic property\">name</span>\": \"<span class=sf-dump-str title=\"4 characters\">Rogo</span>\"
      +\"<span class=sf-dump-public title=\"Runtime added dynamic property\">code</span>\": \"<span class=sf-dump-str title=\"4 characters\">ROGO</span>\"
      +\"<span class=sf-dump-public title=\"Runtime added dynamic property\">slug</span>\": \"<span class=sf-dump-str title=\"4 characters\">rogo</span>\"
      +\"<span class=sf-dump-public title=\"Runtime added dynamic property\">is_active</span>\": \"<span class=sf-dump-str>1</span>\"
      +\"<span class=sf-dump-public title=\"Runtime added dynamic property\">created_at</span>\": \"<span class=sf-dump-str title=\"23 characters\">2025-10-24 01:41:04.013</span>\"
      +\"<span class=sf-dump-public title=\"Runtime added dynamic property\">updated_at</span>\": \"<span class=sf-dump-str title=\"23 characters\">2025-10-30 00:52:32.323</span>\"
    </samp>}
    <span class=sf-dump-index>34</span> => {<a class=sf-dump-ref>#4475</a><samp data-depth=3 class=sf-dump-compact>
      +\"<span class=sf-dump-public title=\"Runtime added dynamic property\">id</span>\": \"<span class=sf-dump-str title=\"2 characters\">35</span>\"
      +\"<span class=sf-dump-public title=\"Runtime added dynamic property\">name</span>\": \"<span class=sf-dump-str title=\"7 characters\">Shanono</span>\"
      +\"<span class=sf-dump-public title=\"Runtime added dynamic property\">code</span>\": \"<span class=sf-dump-str title=\"7 characters\">SHANONO</span>\"
      +\"<span class=sf-dump-public title=\"Runtime added dynamic property\">slug</span>\": \"<span class=sf-dump-str title=\"7 characters\">shanono</span>\"
      +\"<span class=sf-dump-public title=\"Runtime added dynamic property\">is_active</span>\": \"<span class=sf-dump-str>1</span>\"
      +\"<span class=sf-dump-public title=\"Runtime added dynamic property\">created_at</span>\": \"<span class=sf-dump-str title=\"23 characters\">2025-10-24 01:41:04.013</span>\"
      +\"<span class=sf-dump-public title=\"Runtime added dynamic property\">updated_at</span>\": \"<span class=sf-dump-str title=\"23 characters\">2025-10-30 00:52:32.323</span>\"
    </samp>}
    <span class=sf-dump-index>35</span> => {<a class=sf-dump-ref>#4476</a><samp data-depth=3 class=sf-dump-compact>
      +\"<span class=sf-dump-public title=\"Runtime added dynamic property\">id</span>\": \"<span class=sf-dump-str title=\"2 characters\">36</span>\"
      +\"<span class=sf-dump-public title=\"Runtime added dynamic property\">name</span>\": \"<span class=sf-dump-str title=\"7 characters\">Sumaila</span>\"
      +\"<span class=sf-dump-public title=\"Runtime added dynamic property\">code</span>\": \"<span class=sf-dump-str title=\"7 characters\">SUMAILA</span>\"
      +\"<span class=sf-dump-public title=\"Runtime added dynamic property\">slug</span>\": \"<span class=sf-dump-str title=\"7 characters\">sumaila</span>\"
      +\"<span class=sf-dump-public title=\"Runtime added dynamic property\">is_active</span>\": \"<span class=sf-dump-str>1</span>\"
      +\"<span class=sf-dump-public title=\"Runtime added dynamic property\">created_at</span>\": \"<span class=sf-dump-str title=\"23 characters\">2025-10-24 01:41:04.013</span>\"
      +\"<span class=sf-dump-public title=\"Runtime added dynamic property\">updated_at</span>\": \"<span class=sf-dump-str title=\"23 characters\">2025-10-30 00:52:32.323</span>\"
    </samp>}
    <span class=sf-dump-index>36</span> => {<a class=sf-dump-ref>#4477</a><samp data-depth=3 class=sf-dump-compact>
      +\"<span class=sf-dump-public title=\"Runtime added dynamic property\">id</span>\": \"<span class=sf-dump-str title=\"2 characters\">37</span>\"
      +\"<span class=sf-dump-public title=\"Runtime added dynamic property\">name</span>\": \"<span class=sf-dump-str title=\"5 characters\">Takai</span>\"
      +\"<span class=sf-dump-public title=\"Runtime added dynamic property\">code</span>\": \"<span class=sf-dump-str title=\"5 characters\">TAKAI</span>\"
      +\"<span class=sf-dump-public title=\"Runtime added dynamic property\">slug</span>\": \"<span class=sf-dump-str title=\"5 characters\">takai</span>\"
      +\"<span class=sf-dump-public title=\"Runtime added dynamic property\">is_active</span>\": \"<span class=sf-dump-str>1</span>\"
      +\"<span class=sf-dump-public title=\"Runtime added dynamic property\">created_at</span>\": \"<span class=sf-dump-str title=\"23 characters\">2025-10-24 01:41:04.013</span>\"
      +\"<span class=sf-dump-public title=\"Runtime added dynamic property\">updated_at</span>\": \"<span class=sf-dump-str title=\"23 characters\">2025-10-30 00:52:32.323</span>\"
    </samp>}
    <span class=sf-dump-index>37</span> => {<a class=sf-dump-ref>#4478</a><samp data-depth=3 class=sf-dump-compact>
      +\"<span class=sf-dump-public title=\"Runtime added dynamic property\">id</span>\": \"<span class=sf-dump-str title=\"2 characters\">38</span>\"
      +\"<span class=sf-dump-public title=\"Runtime added dynamic property\">name</span>\": \"<span class=sf-dump-str title=\"7 characters\">Tarauni</span>\"
      +\"<span class=sf-dump-public title=\"Runtime added dynamic property\">code</span>\": \"<span class=sf-dump-str title=\"7 characters\">TARAUNI</span>\"
      +\"<span class=sf-dump-public title=\"Runtime added dynamic property\">slug</span>\": \"<span class=sf-dump-str title=\"7 characters\">tarauni</span>\"
      +\"<span class=sf-dump-public title=\"Runtime added dynamic property\">is_active</span>\": \"<span class=sf-dump-str>1</span>\"
      +\"<span class=sf-dump-public title=\"Runtime added dynamic property\">created_at</span>\": \"<span class=sf-dump-str title=\"23 characters\">2025-10-24 01:41:04.013</span>\"
      +\"<span class=sf-dump-public title=\"Runtime added dynamic property\">updated_at</span>\": \"<span class=sf-dump-str title=\"23 characters\">2025-10-30 00:52:32.323</span>\"
    </samp>}
    <span class=sf-dump-index>38</span> => {<a class=sf-dump-ref>#4479</a><samp data-depth=3 class=sf-dump-compact>
      +\"<span class=sf-dump-public title=\"Runtime added dynamic property\">id</span>\": \"<span class=sf-dump-str title=\"2 characters\">39</span>\"
      +\"<span class=sf-dump-public title=\"Runtime added dynamic property\">name</span>\": \"<span class=sf-dump-str title=\"4 characters\">Tofa</span>\"
      +\"<span class=sf-dump-public title=\"Runtime added dynamic property\">code</span>\": \"<span class=sf-dump-str title=\"4 characters\">TOFA</span>\"
      +\"<span class=sf-dump-public title=\"Runtime added dynamic property\">slug</span>\": \"<span class=sf-dump-str title=\"4 characters\">tofa</span>\"
      +\"<span class=sf-dump-public title=\"Runtime added dynamic property\">is_active</span>\": \"<span class=sf-dump-str>1</span>\"
      +\"<span class=sf-dump-public title=\"Runtime added dynamic property\">created_at</span>\": \"<span class=sf-dump-str title=\"23 characters\">2025-10-24 01:41:04.013</span>\"
      +\"<span class=sf-dump-public title=\"Runtime added dynamic property\">updated_at</span>\": \"<span class=sf-dump-str title=\"23 characters\">2025-10-30 00:52:32.323</span>\"
    </samp>}
    <span class=sf-dump-index>39</span> => {<a class=sf-dump-ref>#4480</a><samp data-depth=3 class=sf-dump-compact>
      +\"<span class=sf-dump-public title=\"Runtime added dynamic property\">id</span>\": \"<span class=sf-dump-str title=\"2 characters\">40</span>\"
      +\"<span class=sf-dump-public title=\"Runtime added dynamic property\">name</span>\": \"<span class=sf-dump-str title=\"8 characters\">Tsanyawa</span>\"
      +\"<span class=sf-dump-public title=\"Runtime added dynamic property\">code</span>\": \"<span class=sf-dump-str title=\"8 characters\">TSANYAWA</span>\"
      +\"<span class=sf-dump-public title=\"Runtime added dynamic property\">slug</span>\": \"<span class=sf-dump-str title=\"8 characters\">tsanyawa</span>\"
      +\"<span class=sf-dump-public title=\"Runtime added dynamic property\">is_active</span>\": \"<span class=sf-dump-str>1</span>\"
      +\"<span class=sf-dump-public title=\"Runtime added dynamic property\">created_at</span>\": \"<span class=sf-dump-str title=\"23 characters\">2025-10-24 01:41:04.013</span>\"
      +\"<span class=sf-dump-public title=\"Runtime added dynamic property\">updated_at</span>\": \"<span class=sf-dump-str title=\"23 characters\">2025-10-30 00:52:32.323</span>\"
    </samp>}
    <span class=sf-dump-index>40</span> => {<a class=sf-dump-ref>#4481</a><samp data-depth=3 class=sf-dump-compact>
      +\"<span class=sf-dump-public title=\"Runtime added dynamic property\">id</span>\": \"<span class=sf-dump-str title=\"2 characters\">41</span>\"
      +\"<span class=sf-dump-public title=\"Runtime added dynamic property\">name</span>\": \"<span class=sf-dump-str title=\"10 characters\">Tudun Wada</span>\"
      +\"<span class=sf-dump-public title=\"Runtime added dynamic property\">code</span>\": \"<span class=sf-dump-str title=\"10 characters\">TUDUN_WADA</span>\"
      +\"<span class=sf-dump-public title=\"Runtime added dynamic property\">slug</span>\": \"<span class=sf-dump-str title=\"10 characters\">tudun-wada</span>\"
      +\"<span class=sf-dump-public title=\"Runtime added dynamic property\">is_active</span>\": \"<span class=sf-dump-str>1</span>\"
      +\"<span class=sf-dump-public title=\"Runtime added dynamic property\">created_at</span>\": \"<span class=sf-dump-str title=\"23 characters\">2025-10-24 01:41:04.013</span>\"
      +\"<span class=sf-dump-public title=\"Runtime added dynamic property\">updated_at</span>\": \"<span class=sf-dump-str title=\"23 characters\">2025-10-30 00:52:32.323</span>\"
    </samp>}
    <span class=sf-dump-index>41</span> => {<a class=sf-dump-ref>#4482</a><samp data-depth=3 class=sf-dump-compact>
      +\"<span class=sf-dump-public title=\"Runtime added dynamic property\">id</span>\": \"<span class=sf-dump-str title=\"2 characters\">42</span>\"
      +\"<span class=sf-dump-public title=\"Runtime added dynamic property\">name</span>\": \"<span class=sf-dump-str title=\"6 characters\">Ungogo</span>\"
      +\"<span class=sf-dump-public title=\"Runtime added dynamic property\">code</span>\": \"<span class=sf-dump-str title=\"6 characters\">UNGOGO</span>\"
      +\"<span class=sf-dump-public title=\"Runtime added dynamic property\">slug</span>\": \"<span class=sf-dump-str title=\"6 characters\">ungogo</span>\"
      +\"<span class=sf-dump-public title=\"Runtime added dynamic property\">is_active</span>\": \"<span class=sf-dump-str>1</span>\"
      +\"<span class=sf-dump-public title=\"Runtime added dynamic property\">created_at</span>\": \"<span class=sf-dump-str title=\"23 characters\">2025-10-24 01:41:04.013</span>\"
      +\"<span class=sf-dump-public title=\"Runtime added dynamic property\">updated_at</span>\": \"<span class=sf-dump-str title=\"23 characters\">2025-10-30 00:52:32.323</span>\"
    </samp>}
    <span class=sf-dump-index>42</span> => {<a class=sf-dump-ref>#4483</a><samp data-depth=3 class=sf-dump-compact>
      +\"<span class=sf-dump-public title=\"Runtime added dynamic property\">id</span>\": \"<span class=sf-dump-str title=\"2 characters\">45</span>\"
      +\"<span class=sf-dump-public title=\"Runtime added dynamic property\">name</span>\": \"<span class=sf-dump-str title=\"7 characters\">Unknown</span>\"
      +\"<span class=sf-dump-public title=\"Runtime added dynamic property\">code</span>\": \"<span class=sf-dump-str title=\"7 characters\">UNKNOWN</span>\"
      +\"<span class=sf-dump-public title=\"Runtime added dynamic property\">slug</span>\": \"<span class=sf-dump-str title=\"7 characters\">Unknown</span>\"
      +\"<span class=sf-dump-public title=\"Runtime added dynamic property\">is_active</span>\": \"<span class=sf-dump-str>1</span>\"
      +\"<span class=sf-dump-public title=\"Runtime added dynamic property\">created_at</span>\": <span class=sf-dump-const>null</span>
      +\"<span class=sf-dump-public title=\"Runtime added dynamic property\">updated_at</span>\": <span class=sf-dump-const>null</span>
    </samp>}
    <span class=sf-dump-index>43</span> => {<a class=sf-dump-ref>#4484</a><samp data-depth=3 class=sf-dump-compact>
      +\"<span class=sf-dump-public title=\"Runtime added dynamic property\">id</span>\": \"<span class=sf-dump-str title=\"2 characters\">43</span>\"
      +\"<span class=sf-dump-public title=\"Runtime added dynamic property\">name</span>\": \"<span class=sf-dump-str title=\"6 characters\">Warawa</span>\"
      +\"<span class=sf-dump-public title=\"Runtime added dynamic property\">code</span>\": \"<span class=sf-dump-str title=\"6 characters\">WARAWA</span>\"
      +\"<span class=sf-dump-public title=\"Runtime added dynamic property\">slug</span>\": \"<span class=sf-dump-str title=\"6 characters\">warawa</span>\"
      +\"<span class=sf-dump-public title=\"Runtime added dynamic property\">is_active</span>\": \"<span class=sf-dump-str>1</span>\"
      +\"<span class=sf-dump-public title=\"Runtime added dynamic property\">created_at</span>\": \"<span class=sf-dump-str title=\"23 characters\">2025-10-24 01:41:04.013</span>\"
      +\"<span class=sf-dump-public title=\"Runtime added dynamic property\">updated_at</span>\": \"<span class=sf-dump-str title=\"23 characters\">2025-10-30 00:52:32.323</span>\"
    </samp>}
    <span class=sf-dump-index>44</span> => {<a class=sf-dump-ref>#4485</a><samp data-depth=3 class=sf-dump-compact>
      +\"<span class=sf-dump-public title=\"Runtime added dynamic property\">id</span>\": \"<span class=sf-dump-str title=\"2 characters\">44</span>\"
      +\"<span class=sf-dump-public title=\"Runtime added dynamic property\">name</span>\": \"<span class=sf-dump-str title=\"5 characters\">Wudil</span>\"
      +\"<span class=sf-dump-public title=\"Runtime added dynamic property\">code</span>\": \"<span class=sf-dump-str title=\"5 characters\">WUDIL</span>\"
      +\"<span class=sf-dump-public title=\"Runtime added dynamic property\">slug</span>\": \"<span class=sf-dump-str title=\"5 characters\">wudil</span>\"
      +\"<span class=sf-dump-public title=\"Runtime added dynamic property\">is_active</span>\": \"<span class=sf-dump-str>1</span>\"
      +\"<span class=sf-dump-public title=\"Runtime added dynamic property\">created_at</span>\": \"<span class=sf-dump-str title=\"23 characters\">2025-10-24 01:41:04.013</span>\"
      +\"<span class=sf-dump-public title=\"Runtime added dynamic property\">updated_at</span>\": \"<span class=sf-dump-str title=\"23 characters\">2025-10-30 00:52:32.323</span>\"
    </samp>}
  </samp>]
  #<span class=sf-dump-protected title=\"Protected property\">escapeWhenCastingToString</span>: <span class=sf-dump-const>false</span>
</samp>}
</pre><script>Sfdump(\"sf-dump-2101008288\", {\"maxDepth\":3,\"maxStringLength\":160})</script>
","districts":"<pre class=sf-dump id=sf-dump-1410942219 data-indent-pad=\"  \"><span class=sf-dump-note>Illuminate\\Support\\Collection</span> {<a class=sf-dump-ref>#4436</a><samp data-depth=1 class=sf-dump-expanded>
  #<span class=sf-dump-protected title=\"Protected property\">items</span>: <span class=sf-dump-note>array:80</span> [<samp data-depth=2 class=sf-dump-compact>
    <span class=sf-dump-index>0</span> => {<a class=sf-dump-ref>#4486</a><samp data-depth=3 class=sf-dump-compact>
      +\"<span class=sf-dump-public title=\"Runtime added dynamic property\">id</span>\": \"<span class=sf-dump-str>6</span>\"
      +\"<span class=sf-dump-public title=\"Runtime added dynamic property\">name</span>\": \"<span class=sf-dump-str title=\"6 characters\">Ajingi</span>\"
      +\"<span class=sf-dump-public title=\"Runtime added dynamic property\">slug</span>\": \"<span class=sf-dump-str title=\"6 characters\">ajingi</span>\"
      +\"<span class=sf-dump-public title=\"Runtime added dynamic property\">is_active</span>\": \"<span class=sf-dump-str>1</span>\"
      +\"<span class=sf-dump-public title=\"Runtime added dynamic property\">created_at</span>\": \"<span class=sf-dump-str title=\"23 characters\">2025-10-24 01:41:04.013</span>\"
      +\"<span class=sf-dump-public title=\"Runtime added dynamic property\">updated_at</span>\": \"<span class=sf-dump-str title=\"23 characters\">2025-10-30 00:52:32.323</span>\"
    </samp>}
    <span class=sf-dump-index>1</span> => {<a class=sf-dump-ref>#4488</a><samp data-depth=3 class=sf-dump-compact>
      +\"<span class=sf-dump-public title=\"Runtime added dynamic property\">id</span>\": \"<span class=sf-dump-str>7</span>\"
      +\"<span class=sf-dump-public title=\"Runtime added dynamic property\">name</span>\": \"<span class=sf-dump-str title=\"6 characters\">Albasu</span>\"
      +\"<span class=sf-dump-public title=\"Runtime added dynamic property\">slug</span>\": \"<span class=sf-dump-str title=\"6 characters\">albasu</span>\"
      +\"<span class=sf-dump-public title=\"Runtime added dynamic property\">is_active</span>\": \"<span class=sf-dump-str>1</span>\"
      +\"<span class=sf-dump-public title=\"Runtime added dynamic property\">created_at</span>\": \"<span class=sf-dump-str title=\"23 characters\">2025-10-24 01:41:04.013</span>\"
      +\"<span class=sf-dump-public title=\"Runtime added dynamic property\">updated_at</span>\": \"<span class=sf-dump-str title=\"23 characters\">2025-10-30 00:52:32.323</span>\"
    </samp>}
    <span class=sf-dump-index>2</span> => {<a class=sf-dump-ref>#4489</a><samp data-depth=3 class=sf-dump-compact>
      +\"<span class=sf-dump-public title=\"Runtime added dynamic property\">id</span>\": \"<span class=sf-dump-str>8</span>\"
      +\"<span class=sf-dump-public title=\"Runtime added dynamic property\">name</span>\": \"<span class=sf-dump-str title=\"6 characters\">Bagwai</span>\"
      +\"<span class=sf-dump-public title=\"Runtime added dynamic property\">slug</span>\": \"<span class=sf-dump-str title=\"6 characters\">bagwai</span>\"
      +\"<span class=sf-dump-public title=\"Runtime added dynamic property\">is_active</span>\": \"<span class=sf-dump-str>1</span>\"
      +\"<span class=sf-dump-public title=\"Runtime added dynamic property\">created_at</span>\": \"<span class=sf-dump-str title=\"23 characters\">2025-10-24 01:41:04.013</span>\"
      +\"<span class=sf-dump-public title=\"Runtime added dynamic property\">updated_at</span>\": \"<span class=sf-dump-str title=\"23 characters\">2025-10-30 00:52:32.323</span>\"
    </samp>}
    <span class=sf-dump-index>3</span> => {<a class=sf-dump-ref>#4490</a><samp data-depth=3 class=sf-dump-compact>
      +\"<span class=sf-dump-public title=\"Runtime added dynamic property\">id</span>\": \"<span class=sf-dump-str>9</span>\"
      +\"<span class=sf-dump-public title=\"Runtime added dynamic property\">name</span>\": \"<span class=sf-dump-str title=\"6 characters\">Bebeji</span>\"
      +\"<span class=sf-dump-public title=\"Runtime added dynamic property\">slug</span>\": \"<span class=sf-dump-str title=\"6 characters\">bebeji</span>\"
      +\"<span class=sf-dump-public title=\"Runtime added dynamic property\">is_active</span>\": \"<span class=sf-dump-str>1</span>\"
      +\"<span class=sf-dump-public title=\"Runtime added dynamic property\">created_at</span>\": \"<span class=sf-dump-str title=\"23 characters\">2025-10-24 01:41:04.013</span>\"
      +\"<span class=sf-dump-public title=\"Runtime added dynamic property\">updated_at</span>\": \"<span class=sf-dump-str title=\"23 characters\">2025-10-30 00:52:32.323</span>\"
    </samp>}
    <span class=sf-dump-index>4</span> => {<a class=sf-dump-ref>#4492</a><samp data-depth=3 class=sf-dump-compact>
      +\"<span class=sf-dump-public title=\"Runtime added dynamic property\">id</span>\": \"<span class=sf-dump-str title=\"2 characters\">10</span>\"
      +\"<span class=sf-dump-public title=\"Runtime added dynamic property\">name</span>\": \"<span class=sf-dump-str title=\"5 characters\">Bichi</span>\"
      +\"<span class=sf-dump-public title=\"Runtime added dynamic property\">slug</span>\": \"<span class=sf-dump-str title=\"5 characters\">bichi</span>\"
      +\"<span class=sf-dump-public title=\"Runtime added dynamic property\">is_active</span>\": \"<span class=sf-dump-str>1</span>\"
      +\"<span class=sf-dump-public title=\"Runtime added dynamic property\">created_at</span>\": \"<span class=sf-dump-str title=\"23 characters\">2025-10-24 01:41:04.013</span>\"
      +\"<span class=sf-dump-public title=\"Runtime added dynamic property\">updated_at</span>\": \"<span class=sf-dump-str title=\"23 characters\">2025-10-30 00:52:32.323</span>\"
    </samp>}
    <span class=sf-dump-index>5</span> => {<a class=sf-dump-ref>#4493</a><samp data-depth=3 class=sf-dump-compact>
      +\"<span class=sf-dump-public title=\"Runtime added dynamic property\">id</span>\": \"<span class=sf-dump-str title=\"2 characters\">11</span>\"
      +\"<span class=sf-dump-public title=\"Runtime added dynamic property\">name</span>\": \"<span class=sf-dump-str title=\"7 characters\">Bunkure</span>\"
      +\"<span class=sf-dump-public title=\"Runtime added dynamic property\">slug</span>\": \"<span class=sf-dump-str title=\"7 characters\">bunkure</span>\"
      +\"<span class=sf-dump-public title=\"Runtime added dynamic property\">is_active</span>\": \"<span class=sf-dump-str>1</span>\"
      +\"<span class=sf-dump-public title=\"Runtime added dynamic property\">created_at</span>\": \"<span class=sf-dump-str title=\"23 characters\">2025-10-24 01:41:04.013</span>\"
      +\"<span class=sf-dump-public title=\"Runtime added dynamic property\">updated_at</span>\": \"<span class=sf-dump-str title=\"23 characters\">2025-10-30 00:52:32.323</span>\"
    </samp>}
    <span class=sf-dump-index>6</span> => {<a class=sf-dump-ref>#4494</a><samp data-depth=3 class=sf-dump-compact>
      +\"<span class=sf-dump-public title=\"Runtime added dynamic property\">id</span>\": \"<span class=sf-dump-str title=\"2 characters\">12</span>\"
      +\"<span class=sf-dump-public title=\"Runtime added dynamic property\">name</span>\": \"<span class=sf-dump-str title=\"4 characters\">City</span>\"
      +\"<span class=sf-dump-public title=\"Runtime added dynamic property\">slug</span>\": \"<span class=sf-dump-str title=\"4 characters\">city</span>\"
      +\"<span class=sf-dump-public title=\"Runtime added dynamic property\">is_active</span>\": \"<span class=sf-dump-str>1</span>\"
      +\"<span class=sf-dump-public title=\"Runtime added dynamic property\">created_at</span>\": \"<span class=sf-dump-str title=\"23 characters\">2025-10-24 01:41:04.013</span>\"
      +\"<span class=sf-dump-public title=\"Runtime added dynamic property\">updated_at</span>\": \"<span class=sf-dump-str title=\"23 characters\">2025-10-30 00:52:32.323</span>\"
    </samp>}
    <span class=sf-dump-index>7</span> => {<a class=sf-dump-ref>#4495</a><samp data-depth=3 class=sf-dump-compact>
      +\"<span class=sf-dump-public title=\"Runtime added dynamic property\">id</span>\": \"<span class=sf-dump-str title=\"2 characters\">13</span>\"
      +\"<span class=sf-dump-public title=\"Runtime added dynamic property\">name</span>\": \"<span class=sf-dump-str title=\"13 characters\">City District</span>\"
      +\"<span class=sf-dump-public title=\"Runtime added dynamic property\">slug</span>\": \"<span class=sf-dump-str title=\"13 characters\">city-district</span>\"
      +\"<span class=sf-dump-public title=\"Runtime added dynamic property\">is_active</span>\": \"<span class=sf-dump-str>1</span>\"
      +\"<span class=sf-dump-public title=\"Runtime added dynamic property\">created_at</span>\": \"<span class=sf-dump-str title=\"23 characters\">2025-10-24 01:41:04.013</span>\"
      +\"<span class=sf-dump-public title=\"Runtime added dynamic property\">updated_at</span>\": \"<span class=sf-dump-str title=\"23 characters\">2025-10-30 00:52:32.323</span>\"
    </samp>}
    <span class=sf-dump-index>8</span> => {<a class=sf-dump-ref>#4496</a><samp data-depth=3 class=sf-dump-compact>
      +\"<span class=sf-dump-public title=\"Runtime added dynamic property\">id</span>\": \"<span class=sf-dump-str title=\"2 characters\">14</span>\"
      +\"<span class=sf-dump-public title=\"Runtime added dynamic property\">name</span>\": \"<span class=sf-dump-str title=\"6 characters\">D/Kudu</span>\"
      +\"<span class=sf-dump-public title=\"Runtime added dynamic property\">slug</span>\": \"<span class=sf-dump-str title=\"5 characters\">dkudu</span>\"
      +\"<span class=sf-dump-public title=\"Runtime added dynamic property\">is_active</span>\": \"<span class=sf-dump-str>1</span>\"
      +\"<span class=sf-dump-public title=\"Runtime added dynamic property\">created_at</span>\": \"<span class=sf-dump-str title=\"23 characters\">2025-10-24 01:41:04.013</span>\"
      +\"<span class=sf-dump-public title=\"Runtime added dynamic property\">updated_at</span>\": \"<span class=sf-dump-str title=\"23 characters\">2025-10-24 01:41:04.013</span>\"
    </samp>}
    <span class=sf-dump-index>9</span> => {<a class=sf-dump-ref>#4497</a><samp data-depth=3 class=sf-dump-compact>
      +\"<span class=sf-dump-public title=\"Runtime added dynamic property\">id</span>\": \"<span class=sf-dump-str>1</span>\"
      +\"<span class=sf-dump-public title=\"Runtime added dynamic property\">name</span>\": \"<span class=sf-dump-str title=\"4 characters\">Dala</span>\"
      +\"<span class=sf-dump-public title=\"Runtime added dynamic property\">slug</span>\": \"<span class=sf-dump-str title=\"4 characters\">dala</span>\"
      +\"<span class=sf-dump-public title=\"Runtime added dynamic property\">is_active</span>\": \"<span class=sf-dump-str>1</span>\"
      +\"<span class=sf-dump-public title=\"Runtime added dynamic property\">created_at</span>\": \"<span class=sf-dump-str title=\"23 characters\">2025-10-24 01:41:04.013</span>\"
      +\"<span class=sf-dump-public title=\"Runtime added dynamic property\">updated_at</span>\": \"<span class=sf-dump-str title=\"23 characters\">2025-10-30 00:52:32.323</span>\"
    </samp>}
    <span class=sf-dump-index>10</span> => {<a class=sf-dump-ref>#4498</a><samp data-depth=3 class=sf-dump-compact>
      +\"<span class=sf-dump-public title=\"Runtime added dynamic property\">id</span>\": \"<span class=sf-dump-str title=\"2 characters\">15</span>\"
      +\"<span class=sf-dump-public title=\"Runtime added dynamic property\">name</span>\": \"<span class=sf-dump-str title=\"8 characters\">Dambatta</span>\"
      +\"<span class=sf-dump-public title=\"Runtime added dynamic property\">slug</span>\": \"<span class=sf-dump-str title=\"8 characters\">dambatta</span>\"
      +\"<span class=sf-dump-public title=\"Runtime added dynamic property\">is_active</span>\": \"<span class=sf-dump-str>1</span>\"
      +\"<span class=sf-dump-public title=\"Runtime added dynamic property\">created_at</span>\": \"<span class=sf-dump-str title=\"23 characters\">2025-10-24 01:41:04.013</span>\"
      +\"<span class=sf-dump-public title=\"Runtime added dynamic property\">updated_at</span>\": \"<span class=sf-dump-str title=\"23 characters\">2025-10-30 00:52:32.323</span>\"
    </samp>}
    <span class=sf-dump-index>11</span> => {<a class=sf-dump-ref>#4499</a><samp data-depth=3 class=sf-dump-compact>
      +\"<span class=sf-dump-public title=\"Runtime added dynamic property\">id</span>\": \"<span class=sf-dump-str title=\"2 characters\">16</span>\"
      +\"<span class=sf-dump-public title=\"Runtime added dynamic property\">name</span>\": \"<span class=sf-dump-str title=\"25 characters\">Dan Dinshe Kofar Dawannau</span>\"
      +\"<span class=sf-dump-public title=\"Runtime added dynamic property\">slug</span>\": \"<span class=sf-dump-str title=\"25 characters\">dan-dinshe-kofar-dawannau</span>\"
      +\"<span class=sf-dump-public title=\"Runtime added dynamic property\">is_active</span>\": \"<span class=sf-dump-str>1</span>\"
      +\"<span class=sf-dump-public title=\"Runtime added dynamic property\">created_at</span>\": \"<span class=sf-dump-str title=\"23 characters\">2025-10-24 01:41:04.013</span>\"
      +\"<span class=sf-dump-public title=\"Runtime added dynamic property\">updated_at</span>\": \"<span class=sf-dump-str title=\"23 characters\">2025-10-24 01:41:04.013</span>\"
    </samp>}
    <span class=sf-dump-index>12</span> => {<a class=sf-dump-ref>#4500</a><samp data-depth=3 class=sf-dump-compact>
      +\"<span class=sf-dump-public title=\"Runtime added dynamic property\">id</span>\": \"<span class=sf-dump-str title=\"2 characters\">17</span>\"
      +\"<span class=sf-dump-public title=\"Runtime added dynamic property\">name</span>\": \"<span class=sf-dump-str title=\"8 characters\">Danbatta</span>\"
      +\"<span class=sf-dump-public title=\"Runtime added dynamic property\">slug</span>\": \"<span class=sf-dump-str title=\"8 characters\">danbatta</span>\"
      +\"<span class=sf-dump-public title=\"Runtime added dynamic property\">is_active</span>\": \"<span class=sf-dump-str>1</span>\"
      +\"<span class=sf-dump-public title=\"Runtime added dynamic property\">created_at</span>\": \"<span class=sf-dump-str title=\"23 characters\">2025-10-24 01:41:04.013</span>\"
      +\"<span class=sf-dump-public title=\"Runtime added dynamic property\">updated_at</span>\": \"<span class=sf-dump-str title=\"23 characters\">2025-10-24 01:41:04.013</span>\"
    </samp>}
    <span class=sf-dump-index>13</span> => {<a class=sf-dump-ref>#4501</a><samp data-depth=3 class=sf-dump-compact>
      +\"<span class=sf-dump-public title=\"Runtime added dynamic property\">id</span>\": \"<span class=sf-dump-str>2</span>\"
      +\"<span class=sf-dump-public title=\"Runtime added dynamic property\">name</span>\": \"<span class=sf-dump-str title=\"12 characters\">Dawakin Kudu</span>\"
      +\"<span class=sf-dump-public title=\"Runtime added dynamic property\">slug</span>\": \"<span class=sf-dump-str title=\"12 characters\">dawakin-kudu</span>\"
      +\"<span class=sf-dump-public title=\"Runtime added dynamic property\">is_active</span>\": \"<span class=sf-dump-str>1</span>\"
      +\"<span class=sf-dump-public title=\"Runtime added dynamic property\">created_at</span>\": \"<span class=sf-dump-str title=\"23 characters\">2025-10-24 01:41:04.013</span>\"
      +\"<span class=sf-dump-public title=\"Runtime added dynamic property\">updated_at</span>\": \"<span class=sf-dump-str title=\"23 characters\">2025-10-30 00:52:32.323</span>\"
    </samp>}
    <span class=sf-dump-index>14</span> => {<a class=sf-dump-ref>#4502</a><samp data-depth=3 class=sf-dump-compact>
      +\"<span class=sf-dump-public title=\"Runtime added dynamic property\">id</span>\": \"<span class=sf-dump-str title=\"2 characters\">18</span>\"
      +\"<span class=sf-dump-public title=\"Runtime added dynamic property\">name</span>\": \"<span class=sf-dump-str title=\"21 characters\">Dawakin Kudu District</span>\"
      +\"<span class=sf-dump-public title=\"Runtime added dynamic property\">slug</span>\": \"<span class=sf-dump-str title=\"21 characters\">dawakin-kudu-district</span>\"
      +\"<span class=sf-dump-public title=\"Runtime added dynamic property\">is_active</span>\": \"<span class=sf-dump-str>1</span>\"
      +\"<span class=sf-dump-public title=\"Runtime added dynamic property\">created_at</span>\": \"<span class=sf-dump-str title=\"23 characters\">2025-10-24 01:41:04.013</span>\"
      +\"<span class=sf-dump-public title=\"Runtime added dynamic property\">updated_at</span>\": \"<span class=sf-dump-str title=\"23 characters\">2025-10-24 01:41:04.013</span>\"
    </samp>}
    <span class=sf-dump-index>15</span> => {<a class=sf-dump-ref>#4503</a><samp data-depth=3 class=sf-dump-compact>
      +\"<span class=sf-dump-public title=\"Runtime added dynamic property\">id</span>\": \"<span class=sf-dump-str title=\"2 characters\">19</span>\"
      +\"<span class=sf-dump-public title=\"Runtime added dynamic property\">name</span>\": \"<span class=sf-dump-str title=\"12 characters\">Dawakin Tofa</span>\"
      +\"<span class=sf-dump-public title=\"Runtime added dynamic property\">slug</span>\": \"<span class=sf-dump-str title=\"12 characters\">dawakin-tofa</span>\"
      +\"<span class=sf-dump-public title=\"Runtime added dynamic property\">is_active</span>\": \"<span class=sf-dump-str>1</span>\"
      +\"<span class=sf-dump-public title=\"Runtime added dynamic property\">created_at</span>\": \"<span class=sf-dump-str title=\"23 characters\">2025-10-24 01:41:04.013</span>\"
      +\"<span class=sf-dump-public title=\"Runtime added dynamic property\">updated_at</span>\": \"<span class=sf-dump-str title=\"23 characters\">2025-10-30 00:52:32.323</span>\"
    </samp>}
    <span class=sf-dump-index>16</span> => {<a class=sf-dump-ref>#4504</a><samp data-depth=3 class=sf-dump-compact>
      +\"<span class=sf-dump-public title=\"Runtime added dynamic property\">id</span>\": \"<span class=sf-dump-str title=\"2 characters\">20</span>\"
      +\"<span class=sf-dump-public title=\"Runtime added dynamic property\">name</span>\": \"<span class=sf-dump-str title=\"12 characters\">Dawakin-Kudu</span>\"
      +\"<span class=sf-dump-public title=\"Runtime added dynamic property\">slug</span>\": \"<span class=sf-dump-str title=\"12 characters\">dawakin-kudu</span>\"
      +\"<span class=sf-dump-public title=\"Runtime added dynamic property\">is_active</span>\": \"<span class=sf-dump-str>1</span>\"
      +\"<span class=sf-dump-public title=\"Runtime added dynamic property\">created_at</span>\": \"<span class=sf-dump-str title=\"23 characters\">2025-10-24 01:41:04.013</span>\"
      +\"<span class=sf-dump-public title=\"Runtime added dynamic property\">updated_at</span>\": \"<span class=sf-dump-str title=\"23 characters\">2025-10-24 01:41:04.013</span>\"
    </samp>}
    <span class=sf-dump-index>17</span> => {<a class=sf-dump-ref>#4505</a><samp data-depth=3 class=sf-dump-compact>
      +\"<span class=sf-dump-public title=\"Runtime added dynamic property\">id</span>\": \"<span class=sf-dump-str title=\"2 characters\">21</span>\"
      +\"<span class=sf-dump-public title=\"Runtime added dynamic property\">name</span>\": \"<span class=sf-dump-str title=\"12 characters\">Dawakin-Tofa</span>\"
      +\"<span class=sf-dump-public title=\"Runtime added dynamic property\">slug</span>\": \"<span class=sf-dump-str title=\"12 characters\">dawakin-tofa</span>\"
      +\"<span class=sf-dump-public title=\"Runtime added dynamic property\">is_active</span>\": \"<span class=sf-dump-str>1</span>\"
      +\"<span class=sf-dump-public title=\"Runtime added dynamic property\">created_at</span>\": \"<span class=sf-dump-str title=\"23 characters\">2025-10-24 01:41:04.013</span>\"
      +\"<span class=sf-dump-public title=\"Runtime added dynamic property\">updated_at</span>\": \"<span class=sf-dump-str title=\"23 characters\">2025-10-24 01:41:04.013</span>\"
    </samp>}
    <span class=sf-dump-index>18</span> => {<a class=sf-dump-ref>#4506</a><samp data-depth=3 class=sf-dump-compact>
      +\"<span class=sf-dump-public title=\"Runtime added dynamic property\">id</span>\": \"<span class=sf-dump-str title=\"2 characters\">22</span>\"
      +\"<span class=sf-dump-public title=\"Runtime added dynamic property\">name</span>\": \"<span class=sf-dump-str title=\"12 characters\">Dawanau Tofa</span>\"
      +\"<span class=sf-dump-public title=\"Runtime added dynamic property\">slug</span>\": \"<span class=sf-dump-str title=\"12 characters\">dawanau-tofa</span>\"
      +\"<span class=sf-dump-public title=\"Runtime added dynamic property\">is_active</span>\": \"<span class=sf-dump-str>1</span>\"
      +\"<span class=sf-dump-public title=\"Runtime added dynamic property\">created_at</span>\": \"<span class=sf-dump-str title=\"23 characters\">2025-10-24 01:41:04.013</span>\"
      +\"<span class=sf-dump-public title=\"Runtime added dynamic property\">updated_at</span>\": \"<span class=sf-dump-str title=\"23 characters\">2025-10-24 01:41:04.013</span>\"
    </samp>}
    <span class=sf-dump-index>19</span> => {<a class=sf-dump-ref>#4507</a><samp data-depth=3 class=sf-dump-compact>
      +\"<span class=sf-dump-public title=\"Runtime added dynamic property\">id</span>\": \"<span class=sf-dump-str title=\"2 characters\">23</span>\"
      +\"<span class=sf-dump-public title=\"Runtime added dynamic property\">name</span>\": \"<span class=sf-dump-str title=\"6 characters\">Doguwa</span>\"
      +\"<span class=sf-dump-public title=\"Runtime added dynamic property\">slug</span>\": \"<span class=sf-dump-str title=\"6 characters\">doguwa</span>\"
      +\"<span class=sf-dump-public title=\"Runtime added dynamic property\">is_active</span>\": \"<span class=sf-dump-str>1</span>\"
      +\"<span class=sf-dump-public title=\"Runtime added dynamic property\">created_at</span>\": \"<span class=sf-dump-str title=\"23 characters\">2025-10-24 01:41:04.013</span>\"
      +\"<span class=sf-dump-public title=\"Runtime added dynamic property\">updated_at</span>\": \"<span class=sf-dump-str title=\"23 characters\">2025-10-30 00:52:32.323</span>\"
    </samp>}
    <span class=sf-dump-index>20</span> => {<a class=sf-dump-ref>#4508</a><samp data-depth=3 class=sf-dump-compact>
      +\"<span class=sf-dump-public title=\"Runtime added dynamic property\">id</span>\": \"<span class=sf-dump-str title=\"2 characters\">24</span>\"
      +\"<span class=sf-dump-public title=\"Runtime added dynamic property\">name</span>\": \"<span class=sf-dump-str title=\"13 characters\">Dorayi Karama</span>\"
      +\"<span class=sf-dump-public title=\"Runtime added dynamic property\">slug</span>\": \"<span class=sf-dump-str title=\"13 characters\">dorayi-karama</span>\"
      +\"<span class=sf-dump-public title=\"Runtime added dynamic property\">is_active</span>\": \"<span class=sf-dump-str>1</span>\"
      +\"<span class=sf-dump-public title=\"Runtime added dynamic property\">created_at</span>\": \"<span class=sf-dump-str title=\"23 characters\">2025-10-24 01:41:04.013</span>\"
      +\"<span class=sf-dump-public title=\"Runtime added dynamic property\">updated_at</span>\": \"<span class=sf-dump-str title=\"23 characters\">2025-10-30 00:52:32.323</span>\"
    </samp>}
    <span class=sf-dump-index>21</span> => {<a class=sf-dump-ref>#4509</a><samp data-depth=3 class=sf-dump-compact>
      +\"<span class=sf-dump-public title=\"Runtime added dynamic property\">id</span>\": \"<span class=sf-dump-str>3</span>\"
      +\"<span class=sf-dump-public title=\"Runtime added dynamic property\">name</span>\": \"<span class=sf-dump-str title=\"5 characters\">Fagge</span>\"
      +\"<span class=sf-dump-public title=\"Runtime added dynamic property\">slug</span>\": \"<span class=sf-dump-str title=\"5 characters\">fagge</span>\"
      +\"<span class=sf-dump-public title=\"Runtime added dynamic property\">is_active</span>\": \"<span class=sf-dump-str>1</span>\"
      +\"<span class=sf-dump-public title=\"Runtime added dynamic property\">created_at</span>\": \"<span class=sf-dump-str title=\"23 characters\">2025-10-24 01:41:04.013</span>\"
      +\"<span class=sf-dump-public title=\"Runtime added dynamic property\">updated_at</span>\": \"<span class=sf-dump-str title=\"23 characters\">2025-10-30 00:52:32.323</span>\"
    </samp>}
    <span class=sf-dump-index>22</span> => {<a class=sf-dump-ref>#4510</a><samp data-depth=3 class=sf-dump-compact>
      +\"<span class=sf-dump-public title=\"Runtime added dynamic property\">id</span>\": \"<span class=sf-dump-str title=\"2 characters\">25</span>\"
      +\"<span class=sf-dump-public title=\"Runtime added dynamic property\">name</span>\": \"<span class=sf-dump-str title=\"8 characters\">Gabasawa</span>\"
      +\"<span class=sf-dump-public title=\"Runtime added dynamic property\">slug</span>\": \"<span class=sf-dump-str title=\"8 characters\">gabasawa</span>\"
      +\"<span class=sf-dump-public title=\"Runtime added dynamic property\">is_active</span>\": \"<span class=sf-dump-str>1</span>\"
      +\"<span class=sf-dump-public title=\"Runtime added dynamic property\">created_at</span>\": \"<span class=sf-dump-str title=\"23 characters\">2025-10-24 01:41:04.013</span>\"
      +\"<span class=sf-dump-public title=\"Runtime added dynamic property\">updated_at</span>\": \"<span class=sf-dump-str title=\"23 characters\">2025-10-30 00:52:32.323</span>\"
    </samp>}
    <span class=sf-dump-index>23</span> => {<a class=sf-dump-ref>#4511</a><samp data-depth=3 class=sf-dump-compact>
      +\"<span class=sf-dump-public title=\"Runtime added dynamic property\">id</span>\": \"<span class=sf-dump-str title=\"2 characters\">26</span>\"
      +\"<span class=sf-dump-public title=\"Runtime added dynamic property\">name</span>\": \"<span class=sf-dump-str title=\"5 characters\">Garko</span>\"
      +\"<span class=sf-dump-public title=\"Runtime added dynamic property\">slug</span>\": \"<span class=sf-dump-str title=\"5 characters\">garko</span>\"
      +\"<span class=sf-dump-public title=\"Runtime added dynamic property\">is_active</span>\": \"<span class=sf-dump-str>1</span>\"
      +\"<span class=sf-dump-public title=\"Runtime added dynamic property\">created_at</span>\": \"<span class=sf-dump-str title=\"23 characters\">2025-10-24 01:41:04.013</span>\"
      +\"<span class=sf-dump-public title=\"Runtime added dynamic property\">updated_at</span>\": \"<span class=sf-dump-str title=\"23 characters\">2025-10-30 00:52:32.323</span>\"
    </samp>}
    <span class=sf-dump-index>24</span> => {<a class=sf-dump-ref>#4512</a><samp data-depth=3 class=sf-dump-compact>
      +\"<span class=sf-dump-public title=\"Runtime added dynamic property\">id</span>\": \"<span class=sf-dump-str title=\"2 characters\">27</span>\"
      +\"<span class=sf-dump-public title=\"Runtime added dynamic property\">name</span>\": \"<span class=sf-dump-str title=\"11 characters\">Garun Malam</span>\"
      +\"<span class=sf-dump-public title=\"Runtime added dynamic property\">slug</span>\": \"<span class=sf-dump-str title=\"11 characters\">garun-malam</span>\"
      +\"<span class=sf-dump-public title=\"Runtime added dynamic property\">is_active</span>\": \"<span class=sf-dump-str>1</span>\"
      +\"<span class=sf-dump-public title=\"Runtime added dynamic property\">created_at</span>\": \"<span class=sf-dump-str title=\"23 characters\">2025-10-24 01:41:04.013</span>\"
      +\"<span class=sf-dump-public title=\"Runtime added dynamic property\">updated_at</span>\": \"<span class=sf-dump-str title=\"23 characters\">2025-10-24 01:41:04.013</span>\"
    </samp>}
    <span class=sf-dump-index>25</span> => {<a class=sf-dump-ref>#4513</a><samp data-depth=3 class=sf-dump-compact>
      +\"<span class=sf-dump-public title=\"Runtime added dynamic property\">id</span>\": \"<span class=sf-dump-str title=\"2 characters\">28</span>\"
      +\"<span class=sf-dump-public title=\"Runtime added dynamic property\">name</span>\": \"<span class=sf-dump-str title=\"12 characters\">Garun Mallam</span>\"
      +\"<span class=sf-dump-public title=\"Runtime added dynamic property\">slug</span>\": \"<span class=sf-dump-str title=\"12 characters\">garun-mallam</span>\"
      +\"<span class=sf-dump-public title=\"Runtime added dynamic property\">is_active</span>\": \"<span class=sf-dump-str>1</span>\"
      +\"<span class=sf-dump-public title=\"Runtime added dynamic property\">created_at</span>\": \"<span class=sf-dump-str title=\"23 characters\">2025-10-24 01:41:04.013</span>\"
      +\"<span class=sf-dump-public title=\"Runtime added dynamic property\">updated_at</span>\": \"<span class=sf-dump-str title=\"23 characters\">2025-10-30 00:52:32.323</span>\"
    </samp>}
    <span class=sf-dump-index>26</span> => {<a class=sf-dump-ref>#4514</a><samp data-depth=3 class=sf-dump-compact>
      +\"<span class=sf-dump-public title=\"Runtime added dynamic property\">id</span>\": \"<span class=sf-dump-str title=\"2 characters\">29</span>\"
      +\"<span class=sf-dump-public title=\"Runtime added dynamic property\">name</span>\": \"<span class=sf-dump-str title=\"4 characters\">Gaya</span>\"
      +\"<span class=sf-dump-public title=\"Runtime added dynamic property\">slug</span>\": \"<span class=sf-dump-str title=\"4 characters\">gaya</span>\"
      +\"<span class=sf-dump-public title=\"Runtime added dynamic property\">is_active</span>\": \"<span class=sf-dump-str>1</span>\"
      +\"<span class=sf-dump-public title=\"Runtime added dynamic property\">created_at</span>\": \"<span class=sf-dump-str title=\"23 characters\">2025-10-24 01:41:04.013</span>\"
      +\"<span class=sf-dump-public title=\"Runtime added dynamic property\">updated_at</span>\": \"<span class=sf-dump-str title=\"23 characters\">2025-10-30 00:52:32.323</span>\"
    </samp>}
    <span class=sf-dump-index>27</span> => {<a class=sf-dump-ref>#4515</a><samp data-depth=3 class=sf-dump-compact>
      +\"<span class=sf-dump-public title=\"Runtime added dynamic property\">id</span>\": \"<span class=sf-dump-str title=\"2 characters\">30</span>\"
      +\"<span class=sf-dump-public title=\"Runtime added dynamic property\">name</span>\": \"<span class=sf-dump-str title=\"6 characters\">Gezawa</span>\"
      +\"<span class=sf-dump-public title=\"Runtime added dynamic property\">slug</span>\": \"<span class=sf-dump-str title=\"6 characters\">gezawa</span>\"
      +\"<span class=sf-dump-public title=\"Runtime added dynamic property\">is_active</span>\": \"<span class=sf-dump-str>1</span>\"
      +\"<span class=sf-dump-public title=\"Runtime added dynamic property\">created_at</span>\": \"<span class=sf-dump-str title=\"23 characters\">2025-10-24 01:41:04.013</span>\"
      +\"<span class=sf-dump-public title=\"Runtime added dynamic property\">updated_at</span>\": \"<span class=sf-dump-str title=\"23 characters\">2025-10-30 00:52:32.323</span>\"
    </samp>}
    <span class=sf-dump-index>28</span> => {<a class=sf-dump-ref>#4516</a><samp data-depth=3 class=sf-dump-compact>
      +\"<span class=sf-dump-public title=\"Runtime added dynamic property\">id</span>\": \"<span class=sf-dump-str title=\"2 characters\">31</span>\"
      +\"<span class=sf-dump-public title=\"Runtime added dynamic property\">name</span>\": \"<span class=sf-dump-str title=\"5 characters\">Gwala</span>\"
      +\"<span class=sf-dump-public title=\"Runtime added dynamic property\">slug</span>\": \"<span class=sf-dump-str title=\"5 characters\">gwala</span>\"
      +\"<span class=sf-dump-public title=\"Runtime added dynamic property\">is_active</span>\": \"<span class=sf-dump-str>1</span>\"
      +\"<span class=sf-dump-public title=\"Runtime added dynamic property\">created_at</span>\": \"<span class=sf-dump-str title=\"23 characters\">2025-10-24 01:41:04.013</span>\"
      +\"<span class=sf-dump-public title=\"Runtime added dynamic property\">updated_at</span>\": \"<span class=sf-dump-str title=\"23 characters\">2025-10-24 01:41:04.013</span>\"
    </samp>}
    <span class=sf-dump-index>29</span> => {<a class=sf-dump-ref>#4517</a><samp data-depth=3 class=sf-dump-compact>
      +\"<span class=sf-dump-public title=\"Runtime added dynamic property\">id</span>\": \"<span class=sf-dump-str>4</span>\"
      +\"<span class=sf-dump-public title=\"Runtime added dynamic property\">name</span>\": \"<span class=sf-dump-str title=\"5 characters\">Gwale</span>\"
      +\"<span class=sf-dump-public title=\"Runtime added dynamic property\">slug</span>\": \"<span class=sf-dump-str title=\"5 characters\">gwale</span>\"
      +\"<span class=sf-dump-public title=\"Runtime added dynamic property\">is_active</span>\": \"<span class=sf-dump-str>1</span>\"
      +\"<span class=sf-dump-public title=\"Runtime added dynamic property\">created_at</span>\": \"<span class=sf-dump-str title=\"23 characters\">2025-10-24 01:41:04.013</span>\"
      +\"<span class=sf-dump-public title=\"Runtime added dynamic property\">updated_at</span>\": \"<span class=sf-dump-str title=\"23 characters\">2025-10-30 00:52:32.323</span>\"
    </samp>}
    <span class=sf-dump-index>30</span> => {<a class=sf-dump-ref>#4518</a><samp data-depth=3 class=sf-dump-compact>
      +\"<span class=sf-dump-public title=\"Runtime added dynamic property\">id</span>\": \"<span class=sf-dump-str title=\"2 characters\">32</span>\"
      +\"<span class=sf-dump-public title=\"Runtime added dynamic property\">name</span>\": \"<span class=sf-dump-str title=\"14 characters\">Gwale District</span>\"
      +\"<span class=sf-dump-public title=\"Runtime added dynamic property\">slug</span>\": \"<span class=sf-dump-str title=\"14 characters\">gwale-district</span>\"
      +\"<span class=sf-dump-public title=\"Runtime added dynamic property\">is_active</span>\": \"<span class=sf-dump-str>1</span>\"
      +\"<span class=sf-dump-public title=\"Runtime added dynamic property\">created_at</span>\": \"<span class=sf-dump-str title=\"23 characters\">2025-10-24 01:41:04.013</span>\"
      +\"<span class=sf-dump-public title=\"Runtime added dynamic property\">updated_at</span>\": \"<span class=sf-dump-str title=\"23 characters\">2025-10-24 01:41:04.013</span>\"
    </samp>}
    <span class=sf-dump-index>31</span> => {<a class=sf-dump-ref>#4519</a><samp data-depth=3 class=sf-dump-compact>
      +\"<span class=sf-dump-public title=\"Runtime added dynamic property\">id</span>\": \"<span class=sf-dump-str title=\"2 characters\">33</span>\"
      +\"<span class=sf-dump-public title=\"Runtime added dynamic property\">name</span>\": \"<span class=sf-dump-str title=\"7 characters\">Gwamaja</span>\"
      +\"<span class=sf-dump-public title=\"Runtime added dynamic property\">slug</span>\": \"<span class=sf-dump-str title=\"7 characters\">gwamaja</span>\"
      +\"<span class=sf-dump-public title=\"Runtime added dynamic property\">is_active</span>\": \"<span class=sf-dump-str>1</span>\"
      +\"<span class=sf-dump-public title=\"Runtime added dynamic property\">created_at</span>\": \"<span class=sf-dump-str title=\"23 characters\">2025-10-24 01:41:04.013</span>\"
      +\"<span class=sf-dump-public title=\"Runtime added dynamic property\">updated_at</span>\": \"<span class=sf-dump-str title=\"23 characters\">2025-10-30 00:52:32.323</span>\"
    </samp>}
    <span class=sf-dump-index>32</span> => {<a class=sf-dump-ref>#4520</a><samp data-depth=3 class=sf-dump-compact>
      +\"<span class=sf-dump-public title=\"Runtime added dynamic property\">id</span>\": \"<span class=sf-dump-str title=\"2 characters\">34</span>\"
      +\"<span class=sf-dump-public title=\"Runtime added dynamic property\">name</span>\": \"<span class=sf-dump-str title=\"6 characters\">Gwarzo</span>\"
      +\"<span class=sf-dump-public title=\"Runtime added dynamic property\">slug</span>\": \"<span class=sf-dump-str title=\"6 characters\">gwarzo</span>\"
      +\"<span class=sf-dump-public title=\"Runtime added dynamic property\">is_active</span>\": \"<span class=sf-dump-str>1</span>\"
      +\"<span class=sf-dump-public title=\"Runtime added dynamic property\">created_at</span>\": \"<span class=sf-dump-str title=\"23 characters\">2025-10-24 01:41:04.013</span>\"
      +\"<span class=sf-dump-public title=\"Runtime added dynamic property\">updated_at</span>\": \"<span class=sf-dump-str title=\"23 characters\">2025-10-30 00:52:32.323</span>\"
    </samp>}
    <span class=sf-dump-index>33</span> => {<a class=sf-dump-ref>#4521</a><samp data-depth=3 class=sf-dump-compact>
      +\"<span class=sf-dump-public title=\"Runtime added dynamic property\">id</span>\": \"<span class=sf-dump-str title=\"2 characters\">35</span>\"
      +\"<span class=sf-dump-public title=\"Runtime added dynamic property\">name</span>\": \"<span class=sf-dump-str title=\"7 characters\">Hausawa</span>\"
      +\"<span class=sf-dump-public title=\"Runtime added dynamic property\">slug</span>\": \"<span class=sf-dump-str title=\"7 characters\">hausawa</span>\"
      +\"<span class=sf-dump-public title=\"Runtime added dynamic property\">is_active</span>\": \"<span class=sf-dump-str>1</span>\"
      +\"<span class=sf-dump-public title=\"Runtime added dynamic property\">created_at</span>\": \"<span class=sf-dump-str title=\"23 characters\">2025-10-24 01:41:04.013</span>\"
      +\"<span class=sf-dump-public title=\"Runtime added dynamic property\">updated_at</span>\": \"<span class=sf-dump-str title=\"23 characters\">2025-10-30 00:52:32.323</span>\"
    </samp>}
    <span class=sf-dump-index>34</span> => {<a class=sf-dump-ref>#4522</a><samp data-depth=3 class=sf-dump-compact>
      +\"<span class=sf-dump-public title=\"Runtime added dynamic property\">id</span>\": \"<span class=sf-dump-str title=\"2 characters\">36</span>\"
      +\"<span class=sf-dump-public title=\"Runtime added dynamic property\">name</span>\": \"<span class=sf-dump-str title=\"7 characters\">Inubawa</span>\"
      +\"<span class=sf-dump-public title=\"Runtime added dynamic property\">slug</span>\": \"<span class=sf-dump-str title=\"7 characters\">inubawa</span>\"
      +\"<span class=sf-dump-public title=\"Runtime added dynamic property\">is_active</span>\": \"<span class=sf-dump-str>1</span>\"
      +\"<span class=sf-dump-public title=\"Runtime added dynamic property\">created_at</span>\": \"<span class=sf-dump-str title=\"23 characters\">2025-10-24 01:41:04.013</span>\"
      +\"<span class=sf-dump-public title=\"Runtime added dynamic property\">updated_at</span>\": \"<span class=sf-dump-str title=\"23 characters\">2025-10-30 00:52:32.323</span>\"
    </samp>}
    <span class=sf-dump-index>35</span> => {<a class=sf-dump-ref>#4523</a><samp data-depth=3 class=sf-dump-compact>
      +\"<span class=sf-dump-public title=\"Runtime added dynamic property\">id</span>\": \"<span class=sf-dump-str title=\"2 characters\">37</span>\"
      +\"<span class=sf-dump-public title=\"Runtime added dynamic property\">name</span>\": \"<span class=sf-dump-str title=\"4 characters\">Kabo</span>\"
      +\"<span class=sf-dump-public title=\"Runtime added dynamic property\">slug</span>\": \"<span class=sf-dump-str title=\"4 characters\">kabo</span>\"
      +\"<span class=sf-dump-public title=\"Runtime added dynamic property\">is_active</span>\": \"<span class=sf-dump-str>1</span>\"
      +\"<span class=sf-dump-public title=\"Runtime added dynamic property\">created_at</span>\": \"<span class=sf-dump-str title=\"23 characters\">2025-10-24 01:41:04.013</span>\"
      +\"<span class=sf-dump-public title=\"Runtime added dynamic property\">updated_at</span>\": \"<span class=sf-dump-str title=\"23 characters\">2025-10-30 00:52:32.323</span>\"
    </samp>}
    <span class=sf-dump-index>36</span> => {<a class=sf-dump-ref>#4524</a><samp data-depth=3 class=sf-dump-compact>
      +\"<span class=sf-dump-public title=\"Runtime added dynamic property\">id</span>\": \"<span class=sf-dump-str title=\"2 characters\">38</span>\"
      +\"<span class=sf-dump-public title=\"Runtime added dynamic property\">name</span>\": \"<span class=sf-dump-str title=\"9 characters\">Kano City</span>\"
      +\"<span class=sf-dump-public title=\"Runtime added dynamic property\">slug</span>\": \"<span class=sf-dump-str title=\"9 characters\">kano-city</span>\"
      +\"<span class=sf-dump-public title=\"Runtime added dynamic property\">is_active</span>\": \"<span class=sf-dump-str>1</span>\"
      +\"<span class=sf-dump-public title=\"Runtime added dynamic property\">created_at</span>\": \"<span class=sf-dump-str title=\"23 characters\">2025-10-24 01:41:04.013</span>\"
      +\"<span class=sf-dump-public title=\"Runtime added dynamic property\">updated_at</span>\": \"<span class=sf-dump-str title=\"23 characters\">2025-10-30 00:52:32.323</span>\"
    </samp>}
    <span class=sf-dump-index>37</span> => {<a class=sf-dump-ref>#4525</a><samp data-depth=3 class=sf-dump-compact>
      +\"<span class=sf-dump-public title=\"Runtime added dynamic property\">id</span>\": \"<span class=sf-dump-str title=\"2 characters\">39</span>\"
      +\"<span class=sf-dump-public title=\"Runtime added dynamic property\">name</span>\": \"<span class=sf-dump-str title=\"14 characters\">Kano Municipal</span>\"
      +\"<span class=sf-dump-public title=\"Runtime added dynamic property\">slug</span>\": \"<span class=sf-dump-str title=\"14 characters\">kano-municipal</span>\"
      +\"<span class=sf-dump-public title=\"Runtime added dynamic property\">is_active</span>\": \"<span class=sf-dump-str>1</span>\"
      +\"<span class=sf-dump-public title=\"Runtime added dynamic property\">created_at</span>\": \"<span class=sf-dump-str title=\"23 characters\">2025-10-24 01:41:04.013</span>\"
      +\"<span class=sf-dump-public title=\"Runtime added dynamic property\">updated_at</span>\": \"<span class=sf-dump-str title=\"23 characters\">2025-10-30 00:52:32.323</span>\"
    </samp>}
    <span class=sf-dump-index>38</span> => {<a class=sf-dump-ref>#4526</a><samp data-depth=3 class=sf-dump-compact>
      +\"<span class=sf-dump-public title=\"Runtime added dynamic property\">id</span>\": \"<span class=sf-dump-str title=\"2 characters\">40</span>\"
      +\"<span class=sf-dump-public title=\"Runtime added dynamic property\">name</span>\": \"<span class=sf-dump-str title=\"19 characters\">Kano Municipal City</span>\"
      +\"<span class=sf-dump-public title=\"Runtime added dynamic property\">slug</span>\": \"<span class=sf-dump-str title=\"19 characters\">kano-municipal-city</span>\"
      +\"<span class=sf-dump-public title=\"Runtime added dynamic property\">is_active</span>\": \"<span class=sf-dump-str>1</span>\"
      +\"<span class=sf-dump-public title=\"Runtime added dynamic property\">created_at</span>\": \"<span class=sf-dump-str title=\"23 characters\">2025-10-24 01:41:04.013</span>\"
      +\"<span class=sf-dump-public title=\"Runtime added dynamic property\">updated_at</span>\": \"<span class=sf-dump-str title=\"23 characters\">2025-10-24 01:41:04.013</span>\"
    </samp>}
    <span class=sf-dump-index>39</span> => {<a class=sf-dump-ref>#4527</a><samp data-depth=3 class=sf-dump-compact>
      +\"<span class=sf-dump-public title=\"Runtime added dynamic property\">id</span>\": \"<span class=sf-dump-str title=\"2 characters\">41</span>\"
      +\"<span class=sf-dump-public title=\"Runtime added dynamic property\">name</span>\": \"<span class=sf-dump-str title=\"10 characters\">Kano State</span>\"
      +\"<span class=sf-dump-public title=\"Runtime added dynamic property\">slug</span>\": \"<span class=sf-dump-str title=\"10 characters\">kano-state</span>\"
      +\"<span class=sf-dump-public title=\"Runtime added dynamic property\">is_active</span>\": \"<span class=sf-dump-str>1</span>\"
      +\"<span class=sf-dump-public title=\"Runtime added dynamic property\">created_at</span>\": \"<span class=sf-dump-str title=\"23 characters\">2025-10-24 01:41:04.013</span>\"
      +\"<span class=sf-dump-public title=\"Runtime added dynamic property\">updated_at</span>\": \"<span class=sf-dump-str title=\"23 characters\">2025-10-24 01:41:04.013</span>\"
    </samp>}
    <span class=sf-dump-index>40</span> => {<a class=sf-dump-ref>#4528</a><samp data-depth=3 class=sf-dump-compact>
      +\"<span class=sf-dump-public title=\"Runtime added dynamic property\">id</span>\": \"<span class=sf-dump-str title=\"2 characters\">42</span>\"
      +\"<span class=sf-dump-public title=\"Runtime added dynamic property\">name</span>\": \"<span class=sf-dump-str title=\"9 characters\">Kano-City</span>\"
      +\"<span class=sf-dump-public title=\"Runtime added dynamic property\">slug</span>\": \"<span class=sf-dump-str title=\"9 characters\">kano-city</span>\"
      +\"<span class=sf-dump-public title=\"Runtime added dynamic property\">is_active</span>\": \"<span class=sf-dump-str>1</span>\"
      +\"<span class=sf-dump-public title=\"Runtime added dynamic property\">created_at</span>\": \"<span class=sf-dump-str title=\"23 characters\">2025-10-24 01:41:04.013</span>\"
      +\"<span class=sf-dump-public title=\"Runtime added dynamic property\">updated_at</span>\": \"<span class=sf-dump-str title=\"23 characters\">2025-10-24 01:41:04.013</span>\"
    </samp>}
    <span class=sf-dump-index>41</span> => {<a class=sf-dump-ref>#4529</a><samp data-depth=3 class=sf-dump-compact>
      +\"<span class=sf-dump-public title=\"Runtime added dynamic property\">id</span>\": \"<span class=sf-dump-str title=\"2 characters\">43</span>\"
      +\"<span class=sf-dump-public title=\"Runtime added dynamic property\">name</span>\": \"<span class=sf-dump-str title=\"6 characters\">Karaye</span>\"
      +\"<span class=sf-dump-public title=\"Runtime added dynamic property\">slug</span>\": \"<span class=sf-dump-str title=\"6 characters\">karaye</span>\"
      +\"<span class=sf-dump-public title=\"Runtime added dynamic property\">is_active</span>\": \"<span class=sf-dump-str>1</span>\"
      +\"<span class=sf-dump-public title=\"Runtime added dynamic property\">created_at</span>\": \"<span class=sf-dump-str title=\"23 characters\">2025-10-24 01:41:04.013</span>\"
      +\"<span class=sf-dump-public title=\"Runtime added dynamic property\">updated_at</span>\": \"<span class=sf-dump-str title=\"23 characters\">2025-10-30 00:52:32.323</span>\"
    </samp>}
    <span class=sf-dump-index>42</span> => {<a class=sf-dump-ref>#4530</a><samp data-depth=3 class=sf-dump-compact>
      +\"<span class=sf-dump-public title=\"Runtime added dynamic property\">id</span>\": \"<span class=sf-dump-str title=\"2 characters\">44</span>\"
      +\"<span class=sf-dump-public title=\"Runtime added dynamic property\">name</span>\": \"<span class=sf-dump-str title=\"6 characters\">Kibiya</span>\"
      +\"<span class=sf-dump-public title=\"Runtime added dynamic property\">slug</span>\": \"<span class=sf-dump-str title=\"6 characters\">kibiya</span>\"
      +\"<span class=sf-dump-public title=\"Runtime added dynamic property\">is_active</span>\": \"<span class=sf-dump-str>1</span>\"
      +\"<span class=sf-dump-public title=\"Runtime added dynamic property\">created_at</span>\": \"<span class=sf-dump-str title=\"23 characters\">2025-10-24 01:41:04.013</span>\"
      +\"<span class=sf-dump-public title=\"Runtime added dynamic property\">updated_at</span>\": \"<span class=sf-dump-str title=\"23 characters\">2025-10-30 00:52:32.323</span>\"
    </samp>}
    <span class=sf-dump-index>43</span> => {<a class=sf-dump-ref>#4531</a><samp data-depth=3 class=sf-dump-compact>
      +\"<span class=sf-dump-public title=\"Runtime added dynamic property\">id</span>\": \"<span class=sf-dump-str title=\"2 characters\">45</span>\"
      +\"<span class=sf-dump-public title=\"Runtime added dynamic property\">name</span>\": \"<span class=sf-dump-str title=\"8 characters\">Kimbotso</span>\"
      +\"<span class=sf-dump-public title=\"Runtime added dynamic property\">slug</span>\": \"<span class=sf-dump-str title=\"8 characters\">kimbotso</span>\"
      +\"<span class=sf-dump-public title=\"Runtime added dynamic property\">is_active</span>\": \"<span class=sf-dump-str>1</span>\"
      +\"<span class=sf-dump-public title=\"Runtime added dynamic property\">created_at</span>\": \"<span class=sf-dump-str title=\"23 characters\">2025-10-24 01:41:04.013</span>\"
      +\"<span class=sf-dump-public title=\"Runtime added dynamic property\">updated_at</span>\": \"<span class=sf-dump-str title=\"23 characters\">2025-10-24 01:41:04.013</span>\"
    </samp>}
    <span class=sf-dump-index>44</span> => {<a class=sf-dump-ref>#4532</a><samp data-depth=3 class=sf-dump-compact>
      +\"<span class=sf-dump-public title=\"Runtime added dynamic property\">id</span>\": \"<span class=sf-dump-str title=\"2 characters\">46</span>\"
      +\"<span class=sf-dump-public title=\"Runtime added dynamic property\">name</span>\": \"<span class=sf-dump-str title=\"4 characters\">Kiru</span>\"
      +\"<span class=sf-dump-public title=\"Runtime added dynamic property\">slug</span>\": \"<span class=sf-dump-str title=\"4 characters\">kiru</span>\"
      +\"<span class=sf-dump-public title=\"Runtime added dynamic property\">is_active</span>\": \"<span class=sf-dump-str>1</span>\"
      +\"<span class=sf-dump-public title=\"Runtime added dynamic property\">created_at</span>\": \"<span class=sf-dump-str title=\"23 characters\">2025-10-24 01:41:04.013</span>\"
      +\"<span class=sf-dump-public title=\"Runtime added dynamic property\">updated_at</span>\": \"<span class=sf-dump-str title=\"23 characters\">2025-10-30 00:52:32.323</span>\"
    </samp>}
    <span class=sf-dump-index>45</span> => {<a class=sf-dump-ref>#4533</a><samp data-depth=3 class=sf-dump-compact>
      +\"<span class=sf-dump-public title=\"Runtime added dynamic property\">id</span>\": \"<span class=sf-dump-str title=\"2 characters\">47</span>\"
      +\"<span class=sf-dump-public title=\"Runtime added dynamic property\">name</span>\": \"<span class=sf-dump-str title=\"14 characters\">Kofar Dawannau</span>\"
      +\"<span class=sf-dump-public title=\"Runtime added dynamic property\">slug</span>\": \"<span class=sf-dump-str title=\"14 characters\">kofar-dawannau</span>\"
      +\"<span class=sf-dump-public title=\"Runtime added dynamic property\">is_active</span>\": \"<span class=sf-dump-str>1</span>\"
      +\"<span class=sf-dump-public title=\"Runtime added dynamic property\">created_at</span>\": \"<span class=sf-dump-str title=\"23 characters\">2025-10-24 01:41:04.013</span>\"
      +\"<span class=sf-dump-public title=\"Runtime added dynamic property\">updated_at</span>\": \"<span class=sf-dump-str title=\"23 characters\">2025-10-24 01:41:04.013</span>\"
    </samp>}
    <span class=sf-dump-index>46</span> => {<a class=sf-dump-ref>#4534</a><samp data-depth=3 class=sf-dump-compact>
      +\"<span class=sf-dump-public title=\"Runtime added dynamic property\">id</span>\": \"<span class=sf-dump-str>5</span>\"
      +\"<span class=sf-dump-public title=\"Runtime added dynamic property\">name</span>\": \"<span class=sf-dump-str title=\"8 characters\">Kumbotso</span>\"
      +\"<span class=sf-dump-public title=\"Runtime added dynamic property\">slug</span>\": \"<span class=sf-dump-str title=\"8 characters\">kumbotso</span>\"
      +\"<span class=sf-dump-public title=\"Runtime added dynamic property\">is_active</span>\": \"<span class=sf-dump-str>1</span>\"
      +\"<span class=sf-dump-public title=\"Runtime added dynamic property\">created_at</span>\": \"<span class=sf-dump-str title=\"23 characters\">2025-10-24 01:41:04.013</span>\"
      +\"<span class=sf-dump-public title=\"Runtime added dynamic property\">updated_at</span>\": \"<span class=sf-dump-str title=\"23 characters\">2025-10-30 00:52:32.323</span>\"
    </samp>}
    <span class=sf-dump-index>47</span> => {<a class=sf-dump-ref>#4535</a><samp data-depth=3 class=sf-dump-compact>
      +\"<span class=sf-dump-public title=\"Runtime added dynamic property\">id</span>\": \"<span class=sf-dump-str title=\"2 characters\">48</span>\"
      +\"<span class=sf-dump-public title=\"Runtime added dynamic property\">name</span>\": \"<span class=sf-dump-str title=\"16 characters\">Kumbotso Village</span>\"
      +\"<span class=sf-dump-public title=\"Runtime added dynamic property\">slug</span>\": \"<span class=sf-dump-str title=\"16 characters\">kumbotso-village</span>\"
      +\"<span class=sf-dump-public title=\"Runtime added dynamic property\">is_active</span>\": \"<span class=sf-dump-str>1</span>\"
      +\"<span class=sf-dump-public title=\"Runtime added dynamic property\">created_at</span>\": \"<span class=sf-dump-str title=\"23 characters\">2025-10-24 01:41:04.013</span>\"
      +\"<span class=sf-dump-public title=\"Runtime added dynamic property\">updated_at</span>\": \"<span class=sf-dump-str title=\"23 characters\">2025-10-24 01:41:04.013</span>\"
    </samp>}
    <span class=sf-dump-index>48</span> => {<a class=sf-dump-ref>#4536</a><samp data-depth=3 class=sf-dump-compact>
      +\"<span class=sf-dump-public title=\"Runtime added dynamic property\">id</span>\": \"<span class=sf-dump-str title=\"2 characters\">49</span>\"
      +\"<span class=sf-dump-public title=\"Runtime added dynamic property\">name</span>\": \"<span class=sf-dump-str title=\"9 characters\">Kumbotsoi</span>\"
      +\"<span class=sf-dump-public title=\"Runtime added dynamic property\">slug</span>\": \"<span class=sf-dump-str title=\"9 characters\">kumbotsoi</span>\"
      +\"<span class=sf-dump-public title=\"Runtime added dynamic property\">is_active</span>\": \"<span class=sf-dump-str>1</span>\"
      +\"<span class=sf-dump-public title=\"Runtime added dynamic property\">created_at</span>\": \"<span class=sf-dump-str title=\"23 characters\">2025-10-24 01:41:04.013</span>\"
      +\"<span class=sf-dump-public title=\"Runtime added dynamic property\">updated_at</span>\": \"<span class=sf-dump-str title=\"23 characters\">2025-10-24 01:41:04.013</span>\"
    </samp>}
    <span class=sf-dump-index>49</span> => {<a class=sf-dump-ref>#4537</a><samp data-depth=3 class=sf-dump-compact>
      +\"<span class=sf-dump-public title=\"Runtime added dynamic property\">id</span>\": \"<span class=sf-dump-str title=\"2 characters\">50</span>\"
      +\"<span class=sf-dump-public title=\"Runtime added dynamic property\">name</span>\": \"<span class=sf-dump-str title=\"6 characters\">Kunchi</span>\"
      +\"<span class=sf-dump-public title=\"Runtime added dynamic property\">slug</span>\": \"<span class=sf-dump-str title=\"6 characters\">kunchi</span>\"
      +\"<span class=sf-dump-public title=\"Runtime added dynamic property\">is_active</span>\": \"<span class=sf-dump-str>1</span>\"
      +\"<span class=sf-dump-public title=\"Runtime added dynamic property\">created_at</span>\": \"<span class=sf-dump-str title=\"23 characters\">2025-10-24 01:41:04.013</span>\"
      +\"<span class=sf-dump-public title=\"Runtime added dynamic property\">updated_at</span>\": \"<span class=sf-dump-str title=\"23 characters\">2025-10-30 00:52:32.323</span>\"
    </samp>}
    <span class=sf-dump-index>50</span> => {<a class=sf-dump-ref>#4538</a><samp data-depth=3 class=sf-dump-compact>
      +\"<span class=sf-dump-public title=\"Runtime added dynamic property\">id</span>\": \"<span class=sf-dump-str title=\"2 characters\">51</span>\"
      +\"<span class=sf-dump-public title=\"Runtime added dynamic property\">name</span>\": \"<span class=sf-dump-str title=\"4 characters\">Kura</span>\"
      +\"<span class=sf-dump-public title=\"Runtime added dynamic property\">slug</span>\": \"<span class=sf-dump-str title=\"4 characters\">kura</span>\"
      +\"<span class=sf-dump-public title=\"Runtime added dynamic property\">is_active</span>\": \"<span class=sf-dump-str>1</span>\"
      +\"<span class=sf-dump-public title=\"Runtime added dynamic property\">created_at</span>\": \"<span class=sf-dump-str title=\"23 characters\">2025-10-24 01:41:04.013</span>\"
      +\"<span class=sf-dump-public title=\"Runtime added dynamic property\">updated_at</span>\": \"<span class=sf-dump-str title=\"23 characters\">2025-10-30 00:52:32.323</span>\"
    </samp>}
    <span class=sf-dump-index>51</span> => {<a class=sf-dump-ref>#4539</a><samp data-depth=3 class=sf-dump-compact>
      +\"<span class=sf-dump-public title=\"Runtime added dynamic property\">id</span>\": \"<span class=sf-dump-str title=\"2 characters\">52</span>\"
      +\"<span class=sf-dump-public title=\"Runtime added dynamic property\">name</span>\": \"<span class=sf-dump-str title=\"6 characters\">Madobi</span>\"
      +\"<span class=sf-dump-public title=\"Runtime added dynamic property\">slug</span>\": \"<span class=sf-dump-str title=\"6 characters\">madobi</span>\"
      +\"<span class=sf-dump-public title=\"Runtime added dynamic property\">is_active</span>\": \"<span class=sf-dump-str>1</span>\"
      +\"<span class=sf-dump-public title=\"Runtime added dynamic property\">created_at</span>\": \"<span class=sf-dump-str title=\"23 characters\">2025-10-24 01:41:04.013</span>\"
      +\"<span class=sf-dump-public title=\"Runtime added dynamic property\">updated_at</span>\": \"<span class=sf-dump-str title=\"23 characters\">2025-10-30 00:52:32.323</span>\"
    </samp>}
    <span class=sf-dump-index>52</span> => {<a class=sf-dump-ref>#4540</a><samp data-depth=3 class=sf-dump-compact>
      +\"<span class=sf-dump-public title=\"Runtime added dynamic property\">id</span>\": \"<span class=sf-dump-str title=\"2 characters\">53</span>\"
      +\"<span class=sf-dump-public title=\"Runtime added dynamic property\">name</span>\": \"<span class=sf-dump-str title=\"6 characters\">Makoda</span>\"
      +\"<span class=sf-dump-public title=\"Runtime added dynamic property\">slug</span>\": \"<span class=sf-dump-str title=\"6 characters\">makoda</span>\"
      +\"<span class=sf-dump-public title=\"Runtime added dynamic property\">is_active</span>\": \"<span class=sf-dump-str>1</span>\"
      +\"<span class=sf-dump-public title=\"Runtime added dynamic property\">created_at</span>\": \"<span class=sf-dump-str title=\"23 characters\">2025-10-24 01:41:04.013</span>\"
      +\"<span class=sf-dump-public title=\"Runtime added dynamic property\">updated_at</span>\": \"<span class=sf-dump-str title=\"23 characters\">2025-10-30 00:52:32.323</span>\"
    </samp>}
    <span class=sf-dump-index>53</span> => {<a class=sf-dump-ref>#4541</a><samp data-depth=3 class=sf-dump-compact>
      +\"<span class=sf-dump-public title=\"Runtime added dynamic property\">id</span>\": \"<span class=sf-dump-str title=\"2 characters\">54</span>\"
      +\"<span class=sf-dump-public title=\"Runtime added dynamic property\">name</span>\": \"<span class=sf-dump-str title=\"8 characters\">Minjibir</span>\"
      +\"<span class=sf-dump-public title=\"Runtime added dynamic property\">slug</span>\": \"<span class=sf-dump-str title=\"8 characters\">minjibir</span>\"
      +\"<span class=sf-dump-public title=\"Runtime added dynamic property\">is_active</span>\": \"<span class=sf-dump-str>1</span>\"
      +\"<span class=sf-dump-public title=\"Runtime added dynamic property\">created_at</span>\": \"<span class=sf-dump-str title=\"23 characters\">2025-10-24 01:41:04.013</span>\"
      +\"<span class=sf-dump-public title=\"Runtime added dynamic property\">updated_at</span>\": \"<span class=sf-dump-str title=\"23 characters\">2025-10-30 00:52:32.323</span>\"
    </samp>}
    <span class=sf-dump-index>54</span> => {<a class=sf-dump-ref>#4542</a><samp data-depth=3 class=sf-dump-compact>
      +\"<span class=sf-dump-public title=\"Runtime added dynamic property\">id</span>\": \"<span class=sf-dump-str title=\"2 characters\">55</span>\"
      +\"<span class=sf-dump-public title=\"Runtime added dynamic property\">name</span>\": \"<span class=sf-dump-str title=\"9 characters\">Municipal</span>\"
      +\"<span class=sf-dump-public title=\"Runtime added dynamic property\">slug</span>\": \"<span class=sf-dump-str title=\"9 characters\">municipal</span>\"
      +\"<span class=sf-dump-public title=\"Runtime added dynamic property\">is_active</span>\": \"<span class=sf-dump-str>1</span>\"
      +\"<span class=sf-dump-public title=\"Runtime added dynamic property\">created_at</span>\": \"<span class=sf-dump-str title=\"23 characters\">2025-10-24 01:41:04.013</span>\"
      +\"<span class=sf-dump-public title=\"Runtime added dynamic property\">updated_at</span>\": \"<span class=sf-dump-str title=\"23 characters\">2025-10-30 00:52:32.323</span>\"
    </samp>}
    <span class=sf-dump-index>55</span> => {<a class=sf-dump-ref>#4543</a><samp data-depth=3 class=sf-dump-compact>
      +\"<span class=sf-dump-public title=\"Runtime added dynamic property\">id</span>\": \"<span class=sf-dump-str title=\"2 characters\">56</span>\"
      +\"<span class=sf-dump-public title=\"Runtime added dynamic property\">name</span>\": \"<span class=sf-dump-str title=\"26 characters\">Municipal Local Government</span>\"
      +\"<span class=sf-dump-public title=\"Runtime added dynamic property\">slug</span>\": \"<span class=sf-dump-str title=\"26 characters\">municipal-local-government</span>\"
      +\"<span class=sf-dump-public title=\"Runtime added dynamic property\">is_active</span>\": \"<span class=sf-dump-str>1</span>\"
      +\"<span class=sf-dump-public title=\"Runtime added dynamic property\">created_at</span>\": \"<span class=sf-dump-str title=\"23 characters\">2025-10-24 01:41:04.013</span>\"
      +\"<span class=sf-dump-public title=\"Runtime added dynamic property\">updated_at</span>\": \"<span class=sf-dump-str title=\"23 characters\">2025-10-24 01:41:04.013</span>\"
    </samp>}
    <span class=sf-dump-index>56</span> => {<a class=sf-dump-ref>#4544</a><samp data-depth=3 class=sf-dump-compact>
      +\"<span class=sf-dump-public title=\"Runtime added dynamic property\">id</span>\": \"<span class=sf-dump-str title=\"2 characters\">57</span>\"
      +\"<span class=sf-dump-public title=\"Runtime added dynamic property\">name</span>\": \"<span class=sf-dump-str title=\"10 characters\">Munnicipal</span>\"
      +\"<span class=sf-dump-public title=\"Runtime added dynamic property\">slug</span>\": \"<span class=sf-dump-str title=\"10 characters\">munnicipal</span>\"
      +\"<span class=sf-dump-public title=\"Runtime added dynamic property\">is_active</span>\": \"<span class=sf-dump-str>1</span>\"
      +\"<span class=sf-dump-public title=\"Runtime added dynamic property\">created_at</span>\": \"<span class=sf-dump-str title=\"23 characters\">2025-10-24 01:41:04.013</span>\"
      +\"<span class=sf-dump-public title=\"Runtime added dynamic property\">updated_at</span>\": \"<span class=sf-dump-str title=\"23 characters\">2025-10-24 01:41:04.013</span>\"
    </samp>}
    <span class=sf-dump-index>57</span> => {<a class=sf-dump-ref>#4545</a><samp data-depth=3 class=sf-dump-compact>
      +\"<span class=sf-dump-public title=\"Runtime added dynamic property\">id</span>\": \"<span class=sf-dump-str title=\"2 characters\">58</span>\"
      +\"<span class=sf-dump-public title=\"Runtime added dynamic property\">name</span>\": \"<span class=sf-dump-str title=\"8 characters\">Nasarawa</span>\"
      +\"<span class=sf-dump-public title=\"Runtime added dynamic property\">slug</span>\": \"<span class=sf-dump-str title=\"8 characters\">nasarawa</span>\"
      +\"<span class=sf-dump-public title=\"Runtime added dynamic property\">is_active</span>\": \"<span class=sf-dump-str>1</span>\"
      +\"<span class=sf-dump-public title=\"Runtime added dynamic property\">created_at</span>\": \"<span class=sf-dump-str title=\"23 characters\">2025-10-24 01:41:04.013</span>\"
      +\"<span class=sf-dump-public title=\"Runtime added dynamic property\">updated_at</span>\": \"<span class=sf-dump-str title=\"23 characters\">2025-10-30 00:52:32.323</span>\"
    </samp>}
    <span class=sf-dump-index>58</span> => {<a class=sf-dump-ref>#4546</a><samp data-depth=3 class=sf-dump-compact>
      +\"<span class=sf-dump-public title=\"Runtime added dynamic property\">id</span>\": \"<span class=sf-dump-str title=\"2 characters\">59</span>\"
      +\"<span class=sf-dump-public title=\"Runtime added dynamic property\">name</span>\": \"<span class=sf-dump-str title=\"9 characters\">Nassarawa</span>\"
      +\"<span class=sf-dump-public title=\"Runtime added dynamic property\">slug</span>\": \"<span class=sf-dump-str title=\"9 characters\">nassarawa</span>\"
      +\"<span class=sf-dump-public title=\"Runtime added dynamic property\">is_active</span>\": \"<span class=sf-dump-str>1</span>\"
      +\"<span class=sf-dump-public title=\"Runtime added dynamic property\">created_at</span>\": \"<span class=sf-dump-str title=\"23 characters\">2025-10-24 01:41:04.013</span>\"
      +\"<span class=sf-dump-public title=\"Runtime added dynamic property\">updated_at</span>\": \"<span class=sf-dump-str title=\"23 characters\">2025-10-24 01:41:04.013</span>\"
    </samp>}
    <span class=sf-dump-index>59</span> => {<a class=sf-dump-ref>#4547</a><samp data-depth=3 class=sf-dump-compact>
      +\"<span class=sf-dump-public title=\"Runtime added dynamic property\">id</span>\": \"<span class=sf-dump-str title=\"5 characters\">10079</span>\"
      +\"<span class=sf-dump-public title=\"Runtime added dynamic property\">name</span>\": \"<span class=sf-dump-str title=\"5 characters\">Other</span>\"
      +\"<span class=sf-dump-public title=\"Runtime added dynamic property\">slug</span>\": \"<span class=sf-dump-str title=\"5 characters\">Other</span>\"
      +\"<span class=sf-dump-public title=\"Runtime added dynamic property\">is_active</span>\": \"<span class=sf-dump-str>1</span>\"
      +\"<span class=sf-dump-public title=\"Runtime added dynamic property\">created_at</span>\": <span class=sf-dump-const>null</span>
      +\"<span class=sf-dump-public title=\"Runtime added dynamic property\">updated_at</span>\": <span class=sf-dump-const>null</span>
    </samp>}
    <span class=sf-dump-index>60</span> => {<a class=sf-dump-ref>#4548</a><samp data-depth=3 class=sf-dump-compact>
      +\"<span class=sf-dump-public title=\"Runtime added dynamic property\">id</span>\": \"<span class=sf-dump-str title=\"2 characters\">60</span>\"
      +\"<span class=sf-dump-public title=\"Runtime added dynamic property\">name</span>\": \"<span class=sf-dump-str title=\"4 characters\">Rano</span>\"
      +\"<span class=sf-dump-public title=\"Runtime added dynamic property\">slug</span>\": \"<span class=sf-dump-str title=\"4 characters\">rano</span>\"
      +\"<span class=sf-dump-public title=\"Runtime added dynamic property\">is_active</span>\": \"<span class=sf-dump-str>1</span>\"
      +\"<span class=sf-dump-public title=\"Runtime added dynamic property\">created_at</span>\": \"<span class=sf-dump-str title=\"23 characters\">2025-10-24 01:41:04.013</span>\"
      +\"<span class=sf-dump-public title=\"Runtime added dynamic property\">updated_at</span>\": \"<span class=sf-dump-str title=\"23 characters\">2025-10-30 00:52:32.323</span>\"
    </samp>}
    <span class=sf-dump-index>61</span> => {<a class=sf-dump-ref>#4549</a><samp data-depth=3 class=sf-dump-compact>
      +\"<span class=sf-dump-public title=\"Runtime added dynamic property\">id</span>\": \"<span class=sf-dump-str title=\"2 characters\">61</span>\"
      +\"<span class=sf-dump-public title=\"Runtime added dynamic property\">name</span>\": \"<span class=sf-dump-str title=\"10 characters\">Rimin Gado</span>\"
      +\"<span class=sf-dump-public title=\"Runtime added dynamic property\">slug</span>\": \"<span class=sf-dump-str title=\"10 characters\">rimin-gado</span>\"
      +\"<span class=sf-dump-public title=\"Runtime added dynamic property\">is_active</span>\": \"<span class=sf-dump-str>1</span>\"
      +\"<span class=sf-dump-public title=\"Runtime added dynamic property\">created_at</span>\": \"<span class=sf-dump-str title=\"23 characters\">2025-10-24 01:41:04.013</span>\"
      +\"<span class=sf-dump-public title=\"Runtime added dynamic property\">updated_at</span>\": \"<span class=sf-dump-str title=\"23 characters\">2025-10-30 00:52:32.323</span>\"
    </samp>}
    <span class=sf-dump-index>62</span> => {<a class=sf-dump-ref>#4550</a><samp data-depth=3 class=sf-dump-compact>
      +\"<span class=sf-dump-public title=\"Runtime added dynamic property\">id</span>\": \"<span class=sf-dump-str title=\"2 characters\">62</span>\"
      +\"<span class=sf-dump-public title=\"Runtime added dynamic property\">name</span>\": \"<span class=sf-dump-str title=\"12 characters\">Rimin Zakara</span>\"
      +\"<span class=sf-dump-public title=\"Runtime added dynamic property\">slug</span>\": \"<span class=sf-dump-str title=\"12 characters\">rimin-zakara</span>\"
      +\"<span class=sf-dump-public title=\"Runtime added dynamic property\">is_active</span>\": \"<span class=sf-dump-str>1</span>\"
      +\"<span class=sf-dump-public title=\"Runtime added dynamic property\">created_at</span>\": \"<span class=sf-dump-str title=\"23 characters\">2025-10-24 01:41:04.013</span>\"
      +\"<span class=sf-dump-public title=\"Runtime added dynamic property\">updated_at</span>\": \"<span class=sf-dump-str title=\"23 characters\">2025-10-30 00:52:32.323</span>\"
    </samp>}
    <span class=sf-dump-index>63</span> => {<a class=sf-dump-ref>#4551</a><samp data-depth=3 class=sf-dump-compact>
      +\"<span class=sf-dump-public title=\"Runtime added dynamic property\">id</span>\": \"<span class=sf-dump-str title=\"2 characters\">63</span>\"
      +\"<span class=sf-dump-public title=\"Runtime added dynamic property\">name</span>\": \"<span class=sf-dump-str title=\"4 characters\">Rogo</span>\"
      +\"<span class=sf-dump-public title=\"Runtime added dynamic property\">slug</span>\": \"<span class=sf-dump-str title=\"4 characters\">rogo</span>\"
      +\"<span class=sf-dump-public title=\"Runtime added dynamic property\">is_active</span>\": \"<span class=sf-dump-str>1</span>\"
      +\"<span class=sf-dump-public title=\"Runtime added dynamic property\">created_at</span>\": \"<span class=sf-dump-str title=\"23 characters\">2025-10-24 01:41:04.013</span>\"
      +\"<span class=sf-dump-public title=\"Runtime added dynamic property\">updated_at</span>\": \"<span class=sf-dump-str title=\"23 characters\">2025-10-30 00:52:32.323</span>\"
    </samp>}
    <span class=sf-dump-index>64</span> => {<a class=sf-dump-ref>#4552</a><samp data-depth=3 class=sf-dump-compact>
      +\"<span class=sf-dump-public title=\"Runtime added dynamic property\">id</span>\": \"<span class=sf-dump-str title=\"2 characters\">78</span>\"
      +\"<span class=sf-dump-public title=\"Runtime added dynamic property\">name</span>\": \"<span class=sf-dump-str title=\"7 characters\">Shanono</span>\"
      +\"<span class=sf-dump-public title=\"Runtime added dynamic property\">slug</span>\": \"<span class=sf-dump-str title=\"7 characters\">shanono</span>\"
      +\"<span class=sf-dump-public title=\"Runtime added dynamic property\">is_active</span>\": \"<span class=sf-dump-str>1</span>\"
      +\"<span class=sf-dump-public title=\"Runtime added dynamic property\">created_at</span>\": \"<span class=sf-dump-str title=\"23 characters\">2025-10-24 02:14:31.217</span>\"
      +\"<span class=sf-dump-public title=\"Runtime added dynamic property\">updated_at</span>\": \"<span class=sf-dump-str title=\"23 characters\">2025-10-30 00:52:32.323</span>\"
    </samp>}
    <span class=sf-dump-index>65</span> => {<a class=sf-dump-ref>#4553</a><samp data-depth=3 class=sf-dump-compact>
      +\"<span class=sf-dump-public title=\"Runtime added dynamic property\">id</span>\": \"<span class=sf-dump-str title=\"2 characters\">64</span>\"
      +\"<span class=sf-dump-public title=\"Runtime added dynamic property\">name</span>\": \"<span class=sf-dump-str title=\"7 characters\">Sumaila</span>\"
      +\"<span class=sf-dump-public title=\"Runtime added dynamic property\">slug</span>\": \"<span class=sf-dump-str title=\"7 characters\">sumaila</span>\"
      +\"<span class=sf-dump-public title=\"Runtime added dynamic property\">is_active</span>\": \"<span class=sf-dump-str>1</span>\"
      +\"<span class=sf-dump-public title=\"Runtime added dynamic property\">created_at</span>\": \"<span class=sf-dump-str title=\"23 characters\">2025-10-24 01:41:04.013</span>\"
      +\"<span class=sf-dump-public title=\"Runtime added dynamic property\">updated_at</span>\": \"<span class=sf-dump-str title=\"23 characters\">2025-10-30 00:52:32.323</span>\"
    </samp>}
    <span class=sf-dump-index>66</span> => {<a class=sf-dump-ref>#4554</a><samp data-depth=3 class=sf-dump-compact>
      +\"<span class=sf-dump-public title=\"Runtime added dynamic property\">id</span>\": \"<span class=sf-dump-str title=\"2 characters\">65</span>\"
      +\"<span class=sf-dump-public title=\"Runtime added dynamic property\">name</span>\": \"<span class=sf-dump-str title=\"5 characters\">Takai</span>\"
      +\"<span class=sf-dump-public title=\"Runtime added dynamic property\">slug</span>\": \"<span class=sf-dump-str title=\"5 characters\">takai</span>\"
      +\"<span class=sf-dump-public title=\"Runtime added dynamic property\">is_active</span>\": \"<span class=sf-dump-str>1</span>\"
      +\"<span class=sf-dump-public title=\"Runtime added dynamic property\">created_at</span>\": \"<span class=sf-dump-str title=\"23 characters\">2025-10-24 01:41:04.013</span>\"
      +\"<span class=sf-dump-public title=\"Runtime added dynamic property\">updated_at</span>\": \"<span class=sf-dump-str title=\"23 characters\">2025-10-30 00:52:32.323</span>\"
    </samp>}
    <span class=sf-dump-index>67</span> => {<a class=sf-dump-ref>#4555</a><samp data-depth=3 class=sf-dump-compact>
      +\"<span class=sf-dump-public title=\"Runtime added dynamic property\">id</span>\": \"<span class=sf-dump-str title=\"2 characters\">66</span>\"
      +\"<span class=sf-dump-public title=\"Runtime added dynamic property\">name</span>\": \"<span class=sf-dump-str title=\"7 characters\">Tarauni</span>\"
      +\"<span class=sf-dump-public title=\"Runtime added dynamic property\">slug</span>\": \"<span class=sf-dump-str title=\"7 characters\">tarauni</span>\"
      +\"<span class=sf-dump-public title=\"Runtime added dynamic property\">is_active</span>\": \"<span class=sf-dump-str>1</span>\"
      +\"<span class=sf-dump-public title=\"Runtime added dynamic property\">created_at</span>\": \"<span class=sf-dump-str title=\"23 characters\">2025-10-24 01:41:04.013</span>\"
      +\"<span class=sf-dump-public title=\"Runtime added dynamic property\">updated_at</span>\": \"<span class=sf-dump-str title=\"23 characters\">2025-10-30 00:52:32.323</span>\"
    </samp>}
    <span class=sf-dump-index>68</span> => {<a class=sf-dump-ref>#4556</a><samp data-depth=3 class=sf-dump-compact>
      +\"<span class=sf-dump-public title=\"Runtime added dynamic property\">id</span>\": \"<span class=sf-dump-str title=\"2 characters\">67</span>\"
      +\"<span class=sf-dump-public title=\"Runtime added dynamic property\">name</span>\": \"<span class=sf-dump-str title=\"16 characters\">Tarauni District</span>\"
      +\"<span class=sf-dump-public title=\"Runtime added dynamic property\">slug</span>\": \"<span class=sf-dump-str title=\"16 characters\">tarauni-district</span>\"
      +\"<span class=sf-dump-public title=\"Runtime added dynamic property\">is_active</span>\": \"<span class=sf-dump-str>1</span>\"
      +\"<span class=sf-dump-public title=\"Runtime added dynamic property\">created_at</span>\": \"<span class=sf-dump-str title=\"23 characters\">2025-10-24 01:41:04.013</span>\"
      +\"<span class=sf-dump-public title=\"Runtime added dynamic property\">updated_at</span>\": \"<span class=sf-dump-str title=\"23 characters\">2025-10-24 01:41:04.013</span>\"
    </samp>}
    <span class=sf-dump-index>69</span> => {<a class=sf-dump-ref>#4557</a><samp data-depth=3 class=sf-dump-compact>
      +\"<span class=sf-dump-public title=\"Runtime added dynamic property\">id</span>\": \"<span class=sf-dump-str title=\"2 characters\">68</span>\"
      +\"<span class=sf-dump-public title=\"Runtime added dynamic property\">name</span>\": \"<span class=sf-dump-str title=\"4 characters\">Tofa</span>\"
      +\"<span class=sf-dump-public title=\"Runtime added dynamic property\">slug</span>\": \"<span class=sf-dump-str title=\"4 characters\">tofa</span>\"
      +\"<span class=sf-dump-public title=\"Runtime added dynamic property\">is_active</span>\": \"<span class=sf-dump-str>1</span>\"
      +\"<span class=sf-dump-public title=\"Runtime added dynamic property\">created_at</span>\": \"<span class=sf-dump-str title=\"23 characters\">2025-10-24 01:41:04.013</span>\"
      +\"<span class=sf-dump-public title=\"Runtime added dynamic property\">updated_at</span>\": \"<span class=sf-dump-str title=\"23 characters\">2025-10-30 00:52:32.323</span>\"
    </samp>}
    <span class=sf-dump-index>70</span> => {<a class=sf-dump-ref>#4558</a><samp data-depth=3 class=sf-dump-compact>
      +\"<span class=sf-dump-public title=\"Runtime added dynamic property\">id</span>\": \"<span class=sf-dump-str title=\"2 characters\">69</span>\"
      +\"<span class=sf-dump-public title=\"Runtime added dynamic property\">name</span>\": \"<span class=sf-dump-str title=\"8 characters\">Tsantawa</span>\"
      +\"<span class=sf-dump-public title=\"Runtime added dynamic property\">slug</span>\": \"<span class=sf-dump-str title=\"8 characters\">tsantawa</span>\"
      +\"<span class=sf-dump-public title=\"Runtime added dynamic property\">is_active</span>\": \"<span class=sf-dump-str>1</span>\"
      +\"<span class=sf-dump-public title=\"Runtime added dynamic property\">created_at</span>\": \"<span class=sf-dump-str title=\"23 characters\">2025-10-24 01:41:04.013</span>\"
      +\"<span class=sf-dump-public title=\"Runtime added dynamic property\">updated_at</span>\": \"<span class=sf-dump-str title=\"23 characters\">2025-10-24 01:41:04.013</span>\"
    </samp>}
    <span class=sf-dump-index>71</span> => {<a class=sf-dump-ref>#4559</a><samp data-depth=3 class=sf-dump-compact>
      +\"<span class=sf-dump-public title=\"Runtime added dynamic property\">id</span>\": \"<span class=sf-dump-str title=\"2 characters\">70</span>\"
      +\"<span class=sf-dump-public title=\"Runtime added dynamic property\">name</span>\": \"<span class=sf-dump-str title=\"8 characters\">Tsanyawa</span>\"
      +\"<span class=sf-dump-public title=\"Runtime added dynamic property\">slug</span>\": \"<span class=sf-dump-str title=\"8 characters\">tsanyawa</span>\"
      +\"<span class=sf-dump-public title=\"Runtime added dynamic property\">is_active</span>\": \"<span class=sf-dump-str>1</span>\"
      +\"<span class=sf-dump-public title=\"Runtime added dynamic property\">created_at</span>\": \"<span class=sf-dump-str title=\"23 characters\">2025-10-24 01:41:04.013</span>\"
      +\"<span class=sf-dump-public title=\"Runtime added dynamic property\">updated_at</span>\": \"<span class=sf-dump-str title=\"23 characters\">2025-10-30 00:52:32.323</span>\"
    </samp>}
    <span class=sf-dump-index>72</span> => {<a class=sf-dump-ref>#4560</a><samp data-depth=3 class=sf-dump-compact>
      +\"<span class=sf-dump-public title=\"Runtime added dynamic property\">id</span>\": \"<span class=sf-dump-str title=\"2 characters\">71</span>\"
      +\"<span class=sf-dump-public title=\"Runtime added dynamic property\">name</span>\": \"<span class=sf-dump-str title=\"10 characters\">Tudun Wada</span>\"
      +\"<span class=sf-dump-public title=\"Runtime added dynamic property\">slug</span>\": \"<span class=sf-dump-str title=\"10 characters\">tudun-wada</span>\"
      +\"<span class=sf-dump-public title=\"Runtime added dynamic property\">is_active</span>\": \"<span class=sf-dump-str>1</span>\"
      +\"<span class=sf-dump-public title=\"Runtime added dynamic property\">created_at</span>\": \"<span class=sf-dump-str title=\"23 characters\">2025-10-24 01:41:04.013</span>\"
      +\"<span class=sf-dump-public title=\"Runtime added dynamic property\">updated_at</span>\": \"<span class=sf-dump-str title=\"23 characters\">2025-10-30 00:52:32.323</span>\"
    </samp>}
    <span class=sf-dump-index>73</span> => {<a class=sf-dump-ref>#4561</a><samp data-depth=3 class=sf-dump-compact>
      +\"<span class=sf-dump-public title=\"Runtime added dynamic property\">id</span>\": \"<span class=sf-dump-str title=\"2 characters\">72</span>\"
      +\"<span class=sf-dump-public title=\"Runtime added dynamic property\">name</span>\": \"<span class=sf-dump-str title=\"7 characters\">Ungoggo</span>\"
      +\"<span class=sf-dump-public title=\"Runtime added dynamic property\">slug</span>\": \"<span class=sf-dump-str title=\"7 characters\">ungoggo</span>\"
      +\"<span class=sf-dump-public title=\"Runtime added dynamic property\">is_active</span>\": \"<span class=sf-dump-str>1</span>\"
      +\"<span class=sf-dump-public title=\"Runtime added dynamic property\">created_at</span>\": \"<span class=sf-dump-str title=\"23 characters\">2025-10-24 01:41:04.013</span>\"
      +\"<span class=sf-dump-public title=\"Runtime added dynamic property\">updated_at</span>\": \"<span class=sf-dump-str title=\"23 characters\">2025-10-24 01:41:04.013</span>\"
    </samp>}
    <span class=sf-dump-index>74</span> => {<a class=sf-dump-ref>#4562</a><samp data-depth=3 class=sf-dump-compact>
      +\"<span class=sf-dump-public title=\"Runtime added dynamic property\">id</span>\": \"<span class=sf-dump-str title=\"2 characters\">73</span>\"
      +\"<span class=sf-dump-public title=\"Runtime added dynamic property\">name</span>\": \"<span class=sf-dump-str title=\"6 characters\">Ungogo</span>\"
      +\"<span class=sf-dump-public title=\"Runtime added dynamic property\">slug</span>\": \"<span class=sf-dump-str title=\"6 characters\">ungogo</span>\"
      +\"<span class=sf-dump-public title=\"Runtime added dynamic property\">is_active</span>\": \"<span class=sf-dump-str>1</span>\"
      +\"<span class=sf-dump-public title=\"Runtime added dynamic property\">created_at</span>\": \"<span class=sf-dump-str title=\"23 characters\">2025-10-24 01:41:04.013</span>\"
      +\"<span class=sf-dump-public title=\"Runtime added dynamic property\">updated_at</span>\": \"<span class=sf-dump-str title=\"23 characters\">2025-10-30 00:52:32.323</span>\"
    </samp>}
    <span class=sf-dump-index>75</span> => {<a class=sf-dump-ref>#4563</a><samp data-depth=3 class=sf-dump-compact>
      +\"<span class=sf-dump-public title=\"Runtime added dynamic property\">id</span>\": \"<span class=sf-dump-str title=\"2 characters\">74</span>\"
      +\"<span class=sf-dump-public title=\"Runtime added dynamic property\">name</span>\": \"<span class=sf-dump-str title=\"4 characters\">Waje</span>\"
      +\"<span class=sf-dump-public title=\"Runtime added dynamic property\">slug</span>\": \"<span class=sf-dump-str title=\"4 characters\">waje</span>\"
      +\"<span class=sf-dump-public title=\"Runtime added dynamic property\">is_active</span>\": \"<span class=sf-dump-str>1</span>\"
      +\"<span class=sf-dump-public title=\"Runtime added dynamic property\">created_at</span>\": \"<span class=sf-dump-str title=\"23 characters\">2025-10-24 01:41:04.013</span>\"
      +\"<span class=sf-dump-public title=\"Runtime added dynamic property\">updated_at</span>\": \"<span class=sf-dump-str title=\"23 characters\">2025-10-30 00:52:32.323</span>\"
    </samp>}
    <span class=sf-dump-index>76</span> => {<a class=sf-dump-ref>#4564</a><samp data-depth=3 class=sf-dump-compact>
      +\"<span class=sf-dump-public title=\"Runtime added dynamic property\">id</span>\": \"<span class=sf-dump-str title=\"2 characters\">75</span>\"
      +\"<span class=sf-dump-public title=\"Runtime added dynamic property\">name</span>\": \"<span class=sf-dump-str title=\"6 characters\">Warawa</span>\"
      +\"<span class=sf-dump-public title=\"Runtime added dynamic property\">slug</span>\": \"<span class=sf-dump-str title=\"6 characters\">warawa</span>\"
      +\"<span class=sf-dump-public title=\"Runtime added dynamic property\">is_active</span>\": \"<span class=sf-dump-str>1</span>\"
      +\"<span class=sf-dump-public title=\"Runtime added dynamic property\">created_at</span>\": \"<span class=sf-dump-str title=\"23 characters\">2025-10-24 01:41:04.013</span>\"
      +\"<span class=sf-dump-public title=\"Runtime added dynamic property\">updated_at</span>\": \"<span class=sf-dump-str title=\"23 characters\">2025-10-30 00:52:32.323</span>\"
    </samp>}
    <span class=sf-dump-index>77</span> => {<a class=sf-dump-ref>#4565</a><samp data-depth=3 class=sf-dump-compact>
      +\"<span class=sf-dump-public title=\"Runtime added dynamic property\">id</span>\": \"<span class=sf-dump-str title=\"5 characters\">10078</span>\"
      +\"<span class=sf-dump-public title=\"Runtime added dynamic property\">name</span>\": \"<span class=sf-dump-str title=\"15 characters\">Western Bypass </span>\"
      +\"<span class=sf-dump-public title=\"Runtime added dynamic property\">slug</span>\": \"<span class=sf-dump-str title=\"15 characters\">Western Bypass </span>\"
      +\"<span class=sf-dump-public title=\"Runtime added dynamic property\">is_active</span>\": \"<span class=sf-dump-str>1</span>\"
      +\"<span class=sf-dump-public title=\"Runtime added dynamic property\">created_at</span>\": <span class=sf-dump-const>null</span>
      +\"<span class=sf-dump-public title=\"Runtime added dynamic property\">updated_at</span>\": <span class=sf-dump-const>null</span>
    </samp>}
    <span class=sf-dump-index>78</span> => {<a class=sf-dump-ref>#4566</a><samp data-depth=3 class=sf-dump-compact>
      +\"<span class=sf-dump-public title=\"Runtime added dynamic property\">id</span>\": \"<span class=sf-dump-str title=\"2 characters\">76</span>\"
      +\"<span class=sf-dump-public title=\"Runtime added dynamic property\">name</span>\": \"<span class=sf-dump-str title=\"5 characters\">Wudil</span>\"
      +\"<span class=sf-dump-public title=\"Runtime added dynamic property\">slug</span>\": \"<span class=sf-dump-str title=\"5 characters\">wudil</span>\"
      +\"<span class=sf-dump-public title=\"Runtime added dynamic property\">is_active</span>\": \"<span class=sf-dump-str>1</span>\"
      +\"<span class=sf-dump-public title=\"Runtime added dynamic property\">created_at</span>\": \"<span class=sf-dump-str title=\"23 characters\">2025-10-24 01:41:04.013</span>\"
      +\"<span class=sf-dump-public title=\"Runtime added dynamic property\">updated_at</span>\": \"<span class=sf-dump-str title=\"23 characters\">2025-10-30 00:52:32.323</span>\"
    </samp>}
    <span class=sf-dump-index>79</span> => {<a class=sf-dump-ref>#4567</a><samp data-depth=3 class=sf-dump-compact>
      +\"<span class=sf-dump-public title=\"Runtime added dynamic property\">id</span>\": \"<span class=sf-dump-str title=\"2 characters\">77</span>\"
      +\"<span class=sf-dump-public title=\"Runtime added dynamic property\">name</span>\": \"<span class=sf-dump-str title=\"9 characters\">Zawachiki</span>\"
      +\"<span class=sf-dump-public title=\"Runtime added dynamic property\">slug</span>\": \"<span class=sf-dump-str title=\"9 characters\">zawachiki</span>\"
      +\"<span class=sf-dump-public title=\"Runtime added dynamic property\">is_active</span>\": \"<span class=sf-dump-str>1</span>\"
      +\"<span class=sf-dump-public title=\"Runtime added dynamic property\">created_at</span>\": \"<span class=sf-dump-str title=\"23 characters\">2025-10-24 01:41:04.013</span>\"
      +\"<span class=sf-dump-public title=\"Runtime added dynamic property\">updated_at</span>\": \"<span class=sf-dump-str title=\"23 characters\">2025-10-30 00:52:32.323</span>\"
    </samp>}
  </samp>]
  #<span class=sf-dump-protected title=\"Protected property\">escapeWhenCastingToString</span>: <span class=sf-dump-const>false</span>
</samp>}
</pre><script>Sfdump(\"sf-dump-1410942219\", {\"maxDepth\":3,\"maxStringLength\":160})</script>
"}},"userId":1,"exception":"[object] (Spatie\\LaravelIgnition\\Exceptions\\ViewException(code: 0): Route [temporary-file.print-recommendation] not defined. at C:\\wamp64\\www\\klaes\\vendor\\laravel\\framework\\src\\Illuminate\\Routing\\UrlGenerator.php:467)
[stacktrace]
#0 C:\\wamp64\\www\\klaes\\vendor\\laravel\\framework\\src\\Illuminate\\Foundation\\helpers.php(826): Illuminate\\Routing\\UrlGenerator->route('temporary-file....', 2, true)
#1 C:\\wamp64\\www\\klaes\\resources\\views\\lands_one_stop_shop\\temporary_file.blade.php(101): route('temporary-file....', 2)
#2 C:\\wamp64\\www\\klaes\\vendor\\laravel\\framework\\src\\Illuminate\\Filesystem\\Filesystem.php(109): require('C:\\\\wamp64\\\\www\\\\k...')
#3 C:\\wamp64\\www\\klaes\\vendor\\laravel\\framework\\src\\Illuminate\\Filesystem\\Filesystem.php(110): Illuminate\\Filesystem\\Filesystem::Illuminate\\Filesystem\\{closure}()
#4 C:\\wamp64\\www\\klaes\\vendor\\laravel\\framework\\src\\Illuminate\\View\\Engines\\PhpEngine.php(58): Illuminate\\Filesystem\\Filesystem->getRequire('C:\\\\wamp64\\\\www\\\\k...', Array)
#5 C:\\wamp64\\www\\klaes\\vendor\\livewire\\livewire\\src\\ComponentConcerns\\RendersLivewireComponents.php(69): Illuminate\\View\\Engines\\PhpEngine->evaluatePath('C:\\\\wamp64\\\\www\\\\k...', Array)
#6 C:\\wamp64\\www\\klaes\\vendor\\laravel\\framework\\src\\Illuminate\\View\\Engines\\CompilerEngine.php(70): Livewire\\LivewireViewCompilerEngine->evaluatePath('C:\\\\wamp64\\\\www\\\\k...', Array)
#7 C:\\wamp64\\www\\klaes\\vendor\\livewire\\livewire\\src\\ComponentConcerns\\RendersLivewireComponents.php(35): Illuminate\\View\\Engines\\CompilerEngine->get('C:\\\\wamp64\\\\www\\\\k...', Array)
#8 C:\\wamp64\\www\\klaes\\vendor\\laravel\\framework\\src\\Illuminate\\View\\View.php(195): Livewire\\LivewireViewCompilerEngine->get('C:\\\\wamp64\\\\www\\\\k...', Array)
#9 C:\\wamp64\\www\\klaes\\vendor\\laravel\\framework\\src\\Illuminate\\View\\View.php(178): Illuminate\\View\\View->getContents()
#10 C:\\wamp64\\www\\klaes\\vendor\\laravel\\framework\\src\\Illuminate\\View\\View.php(147): Illuminate\\View\\View->renderContents()
#11 C:\\wamp64\\www\\klaes\\vendor\\laravel\\framework\\src\\Illuminate\\Http\\Response.php(69): Illuminate\\View\\View->render()
#12 C:\\wamp64\\www\\klaes\\vendor\\laravel\\framework\\src\\Illuminate\\Http\\Response.php(35): Illuminate\\Http\\Response->setContent(Object(Illuminate\\View\\View))
#13 C:\\wamp64\\www\\klaes\\vendor\\laravel\\framework\\src\\Illuminate\\Routing\\Router.php(906): Illuminate\\Http\\Response->__construct(Object(Illuminate\\View\\View), 200, Array)
#14 C:\\wamp64\\www\\klaes\\vendor\\laravel\\framework\\src\\Illuminate\\Routing\\Router.php(875): Illuminate\\Routing\\Router::toResponse(Object(Illuminate\\Http\\Request), Object(Illuminate\\View\\View))
#15 C:\\wamp64\\www\\klaes\\vendor\\laravel\\framework\\src\\Illuminate\\Routing\\Router.php(797): Illuminate\\Routing\\Router->prepareResponse(Object(Illuminate\\Http\\Request), Object(Illuminate\\View\\View))
#16 C:\\wamp64\\www\\klaes\\vendor\\laravel\\framework\\src\\Illuminate\\Pipeline\\Pipeline.php(141): Illuminate\\Routing\\Router->Illuminate\\Routing\\{closure}(Object(Illuminate\\Http\\Request))
#17 C:\\wamp64\\www\\klaes\\app\\Http\\Middleware\\Verify2FA.php(26): Illuminate\\Pipeline\\Pipeline->Illuminate\\Pipeline\\{closure}(Object(Illuminate\\Http\\Request))
#18 C:\\wamp64\\www\\klaes\\vendor\\laravel\\framework\\src\\Illuminate\\Pipeline\\Pipeline.php(180): App\\Http\\Middleware\\Verify2FA->handle(Object(Illuminate\\Http\\Request), Object(Closure))
#19 C:\\wamp64\\www\\klaes\\vendor\\laravel\\framework\\src\\Illuminate\\Routing\\Middleware\\SubstituteBindings.php(50): Illuminate\\Pipeline\\Pipeline->Illuminate\\Pipeline\\{closure}(Object(Illuminate\\Http\\Request))
#20 C:\\wamp64\\www\\klaes\\vendor\\laravel\\framework\\src\\Illuminate\\Pipeline\\Pipeline.php(180): Illuminate\\Routing\\Middleware\\SubstituteBindings->handle(Object(Illuminate\\Http\\Request), Object(Closure))
#21 C:\\wamp64\\www\\klaes\\vendor\\laravel\\framework\\src\\Illuminate\\Auth\\Middleware\\Authenticate.php(44): Illuminate\\Pipeline\\Pipeline->Illuminate\\Pipeline\\{closure}(Object(Illuminate\\Http\\Request))
#22 C:\\wamp64\\www\\klaes\\vendor\\laravel\\framework\\src\\Illuminate\\Pipeline\\Pipeline.php(180): Illuminate\\Auth\\Middleware\\Authenticate->handle(Object(Illuminate\\Http\\Request), Object(Closure))
#23 C:\\wamp64\\www\\klaes\\vendor\\laravel\\framework\\src\\Illuminate\\Foundation\\Http\\Middleware\\VerifyCsrfToken.php(78): Illuminate\\Pipeline\\Pipeline->Illuminate\\Pipeline\\{closure}(Object(Illuminate\\Http\\Request))
#24 C:\\wamp64\\www\\klaes\\vendor\\laravel\\framework\\src\\Illuminate\\Pipeline\\Pipeline.php(180): Illuminate\\Foundation\\Http\\Middleware\\VerifyCsrfToken->handle(Object(Illuminate\\Http\\Request), Object(Closure))
#25 C:\\wamp64\\www\\klaes\\vendor\\laravel\\framework\\src\\Illuminate\\View\\Middleware\\ShareErrorsFromSession.php(49): Illuminate\\Pipeline\\Pipeline->Illuminate\\Pipeline\\{closure}(Object(Illuminate\\Http\\Request))
#26 C:\\wamp64\\www\\klaes\\vendor\\laravel\\framework\\src\\Illuminate\\Pipeline\\Pipeline.php(180): Illuminate\\View\\Middleware\\ShareErrorsFromSession->handle(Object(Illuminate\\Http\\Request), Object(Closure))
#27 C:\\wamp64\\www\\klaes\\vendor\\laravel\\framework\\src\\Illuminate\\Session\\Middleware\\StartSession.php(121): Illuminate\\Pipeline\\Pipeline->Illuminate\\Pipeline\\{closure}(Object(Illuminate\\Http\\Request))
#28 C:\\wamp64\\www\\klaes\\vendor\\laravel\\framework\\src\\Illuminate\\Session\\Middleware\\StartSession.php(64): Illuminate\\Session\\Middleware\\StartSession->handleStatefulRequest(Object(Illuminate\\Http\\Request), Object(Illuminate\\Session\\Store), Object(Closure))
#29 C:\\wamp64\\www\\klaes\\vendor\\laravel\\framework\\src\\Illuminate\\Pipeline\\Pipeline.php(180): Illuminate\\Session\\Middleware\\StartSession->handle(Object(Illuminate\\Http\\Request), Object(Closure))
#30 C:\\wamp64\\www\\klaes\\vendor\\laravel\\framework\\src\\Illuminate\\Cookie\\Middleware\\AddQueuedCookiesToResponse.php(37): Illuminate\\Pipeline\\Pipeline->Illuminate\\Pipeline\\{closure}(Object(Illuminate\\Http\\Request))
#31 C:\\wamp64\\www\\klaes\\vendor\\laravel\\framework\\src\\Illuminate\\Pipeline\\Pipeline.php(180): Illuminate\\Cookie\\Middleware\\AddQueuedCookiesToResponse->handle(Object(Illuminate\\Http\\Request), Object(Closure))
#32 C:\\wamp64\\www\\klaes\\vendor\\laravel\\framework\\src\\Illuminate\\Cookie\\Middleware\\EncryptCookies.php(67): Illuminate\\Pipeline\\Pipeline->Illuminate\\Pipeline\\{closure}(Object(Illuminate\\Http\\Request))
#33 C:\\wamp64\\www\\klaes\\vendor\\laravel\\framework\\src\\Illuminate\\Pipeline\\Pipeline.php(180): Illuminate\\Cookie\\Middleware\\EncryptCookies->handle(Object(Illuminate\\Http\\Request), Object(Closure))
#34 C:\\wamp64\\www\\klaes\\vendor\\laravel\\framework\\src\\Illuminate\\Pipeline\\Pipeline.php(116): Illuminate\\Pipeline\\Pipeline->Illuminate\\Pipeline\\{closure}(Object(Illuminate\\Http\\Request))
#35 C:\\wamp64\\www\\klaes\\vendor\\laravel\\framework\\src\\Illuminate\\Routing\\Router.php(797): Illuminate\\Pipeline\\Pipeline->then(Object(Closure))
#36 C:\\wamp64\\www\\klaes\\vendor\\laravel\\framework\\src\\Illuminate\\Routing\\Router.php(776): Illuminate\\Routing\\Router->runRouteWithinStack(Object(Illuminate\\Routing\\Route), Object(Illuminate\\Http\\Request))
#37 C:\\wamp64\\www\\klaes\\vendor\\laravel\\framework\\src\\Illuminate\\Routing\\Router.php(740): Illuminate\\Routing\\Router->runRoute(Object(Illuminate\\Http\\Request), Object(Illuminate\\Routing\\Route))
#38 C:\\wamp64\\www\\klaes\\vendor\\laravel\\framework\\src\\Illuminate\\Routing\\Router.php(729): Illuminate\\Routing\\Router->dispatchToRoute(Object(Illuminate\\Http\\Request))
#39 C:\\wamp64\\www\\klaes\\vendor\\laravel\\framework\\src\\Illuminate\\Foundation\\Http\\Kernel.php(190): Illuminate\\Routing\\Router->dispatch(Object(Illuminate\\Http\\Request))
#40 C:\\wamp64\\www\\klaes\\vendor\\laravel\\framework\\src\\Illuminate\\Pipeline\\Pipeline.php(141): Illuminate\\Foundation\\Http\\Kernel->Illuminate\\Foundation\\Http\\{closure}(Object(Illuminate\\Http\\Request))
#41 C:\\wamp64\\www\\klaes\\vendor\\livewire\\livewire\\src\\DisableBrowserCache.php(19): Illuminate\\Pipeline\\Pipeline->Illuminate\\Pipeline\\{closure}(Object(Illuminate\\Http\\Request))
#42 C:\\wamp64\\www\\klaes\\vendor\\laravel\\framework\\src\\Illuminate\\Pipeline\\Pipeline.php(180): Livewire\\DisableBrowserCache->handle(Object(Illuminate\\Http\\Request), Object(Closure))
#43 C:\\wamp64\\www\\klaes\\app\\Http\\Middleware\\Cors.php(23): Illuminate\\Pipeline\\Pipeline->Illuminate\\Pipeline\\{closure}(Object(Illuminate\\Http\\Request))
#44 C:\\wamp64\\www\\klaes\\vendor\\laravel\\framework\\src\\Illuminate\\Pipeline\\Pipeline.php(180): App\\Http\\Middleware\\Cors->handle(Object(Illuminate\\Http\\Request), Object(Closure))
#45 C:\\wamp64\\www\\klaes\\vendor\\laravel\\framework\\src\\Illuminate\\Foundation\\Http\\Middleware\\TransformsRequest.php(21): Illuminate\\Pipeline\\Pipeline->Illuminate\\Pipeline\\{closure}(Object(Illuminate\\Http\\Request))
#46 C:\\wamp64\\www\\klaes\\vendor\\laravel\\framework\\src\\Illuminate\\Foundation\\Http\\Middleware\\ConvertEmptyStringsToNull.php(31): Illuminate\\Foundation\\Http\\Middleware\\TransformsRequest->handle(Object(Illuminate\\Http\\Request), Object(Closure))
#47 C:\\wamp64\\www\\klaes\\vendor\\laravel\\framework\\src\\Illuminate\\Pipeline\\Pipeline.php(180): Illuminate\\Foundation\\Http\\Middleware\\ConvertEmptyStringsToNull->handle(Object(Illuminate\\Http\\Request), Object(Closure))
#48 C:\\wamp64\\www\\klaes\\vendor\\laravel\\framework\\src\\Illuminate\\Foundation\\Http\\Middleware\\TransformsRequest.php(21): Illuminate\\Pipeline\\Pipeline->Illuminate\\Pipeline\\{closure}(Object(Illuminate\\Http\\Request))
#49 C:\\wamp64\\www\\klaes\\vendor\\laravel\\framework\\src\\Illuminate\\Foundation\\Http\\Middleware\\TrimStrings.php(40): Illuminate\\Foundation\\Http\\Middleware\\TransformsRequest->handle(Object(Illuminate\\Http\\Request), Object(Closure))
#50 C:\\wamp64\\www\\klaes\\vendor\\laravel\\framework\\src\\Illuminate\\Pipeline\\Pipeline.php(180): Illuminate\\Foundation\\Http\\Middleware\\TrimStrings->handle(Object(Illuminate\\Http\\Request), Object(Closure))
#51 C:\\wamp64\\www\\klaes\\vendor\\laravel\\framework\\src\\Illuminate\\Foundation\\Http\\Middleware\\ValidatePostSize.php(27): Illuminate\\Pipeline\\Pipeline->Illuminate\\Pipeline\\{closure}(Object(Illuminate\\Http\\Request))
#52 C:\\wamp64\\www\\klaes\\vendor\\laravel\\framework\\src\\Illuminate\\Pipeline\\Pipeline.php(180): Illuminate\\Foundation\\Http\\Middleware\\ValidatePostSize->handle(Object(Illuminate\\Http\\Request), Object(Closure))
#53 C:\\wamp64\\www\\klaes\\vendor\\laravel\\framework\\src\\Illuminate\\Foundation\\Http\\Middleware\\PreventRequestsDuringMaintenance.php(86): Illuminate\\Pipeline\\Pipeline->Illuminate\\Pipeline\\{closure}(Object(Illuminate\\Http\\Request))
#54 C:\\wamp64\\www\\klaes\\vendor\\laravel\\framework\\src\\Illuminate\\Pipeline\\Pipeline.php(180): Illuminate\\Foundation\\Http\\Middleware\\PreventRequestsDuringMaintenance->handle(Object(Illuminate\\Http\\Request), Object(Closure))
#55 C:\\wamp64\\www\\klaes\\vendor\\laravel\\framework\\src\\Illuminate\\Http\\Middleware\\HandleCors.php(49): Illuminate\\Pipeline\\Pipeline->Illuminate\\Pipeline\\{closure}(Object(Illuminate\\Http\\Request))
#56 C:\\wamp64\\www\\klaes\\vendor\\laravel\\framework\\src\\Illuminate\\Pipeline\\Pipeline.php(180): Illuminate\\Http\\Middleware\\HandleCors->handle(Object(Illuminate\\Http\\Request), Object(Closure))
#57 C:\\wamp64\\www\\klaes\\vendor\\laravel\\framework\\src\\Illuminate\\Http\\Middleware\\TrustProxies.php(39): Illuminate\\Pipeline\\Pipeline->Illuminate\\Pipeline\\{closure}(Object(Illuminate\\Http\\Request))
#58 C:\\wamp64\\www\\klaes\\vendor\\laravel\\framework\\src\\Illuminate\\Pipeline\\Pipeline.php(180): Illuminate\\Http\\Middleware\\TrustProxies->handle(Object(Illuminate\\Http\\Request), Object(Closure))
#59 C:\\wamp64\\www\\klaes\\vendor\\laravel\\framework\\src\\Illuminate\\Pipeline\\Pipeline.php(116): Illuminate\\Pipeline\\Pipeline->Illuminate\\Pipeline\\{closure}(Object(Illuminate\\Http\\Request))
#60 C:\\wamp64\\www\\klaes\\vendor\\laravel\\framework\\src\\Illuminate\\Foundation\\Http\\Kernel.php(165): Illuminate\\Pipeline\\Pipeline->then(Object(Closure))
#61 C:\\wamp64\\www\\klaes\\vendor\\laravel\\framework\\src\\Illuminate\\Foundation\\Http\\Kernel.php(134): Illuminate\\Foundation\\Http\\Kernel->sendRequestThroughRouter(Object(Illuminate\\Http\\Request))
#62 C:\\wamp64\\www\\klaes\\public\\index.php(54): Illuminate\\Foundation\\Http\\Kernel->handle(Object(Illuminate\\Http\\Request))
#63 C:\\wamp64\\www\\klaes\\vendor\\laravel\\framework\\src\\Illuminate\\Foundation\\resources\\server.php(16): require_once('C:\\\\wamp64\\\\www\\\\k...')
#64 {main}

[previous exception] [object] (Symfony\\Component\\Routing\\Exception\\RouteNotFoundException(code: 0): Route [temporary-file.print-recommendation] not defined. at C:\\wamp64\\www\\klaes\\vendor\\laravel\\framework\\src\\Illuminate\\Routing\\UrlGenerator.php:467)
[stacktrace]
#0 C:\\wamp64\\www\\klaes\\vendor\\laravel\\framework\\src\\Illuminate\\Foundation\\helpers.php(826): Illuminate\\Routing\\UrlGenerator->route('temporary-file....', 2, true)
#1 C:\\wamp64\\www\\klaes\\storage\\framework\\views\\f93918a37c874f9ca355e70f1a3beb7fd9213ac5.php(102): route('temporary-file....', 2)
#2 C:\\wamp64\\www\\klaes\\vendor\\laravel\\framework\\src\\Illuminate\\Filesystem\\Filesystem.php(109): require('C:\\\\wamp64\\\\www\\\\k...')
#3 C:\\wamp64\\www\\klaes\\vendor\\laravel\\framework\\src\\Illuminate\\Filesystem\\Filesystem.php(110): Illuminate\\Filesystem\\Filesystem::Illuminate\\Filesystem\\{closure}()
#4 C:\\wamp64\\www\\klaes\\vendor\\laravel\\framework\\src\\Illuminate\\View\\Engines\\PhpEngine.php(58): Illuminate\\Filesystem\\Filesystem->getRequire('C:\\\\wamp64\\\\www\\\\k...', Array)
#5 C:\\wamp64\\www\\klaes\\vendor\\livewire\\livewire\\src\\ComponentConcerns\\RendersLivewireComponents.php(69): Illuminate\\View\\Engines\\PhpEngine->evaluatePath('C:\\\\wamp64\\\\www\\\\k...', Array)
#6 C:\\wamp64\\www\\klaes\\vendor\\laravel\\framework\\src\\Illuminate\\View\\Engines\\CompilerEngine.php(70): Livewire\\LivewireViewCompilerEngine->evaluatePath('C:\\\\wamp64\\\\www\\\\k...', Array)
#7 C:\\wamp64\\www\\klaes\\vendor\\livewire\\livewire\\src\\ComponentConcerns\\RendersLivewireComponents.php(35): Illuminate\\View\\Engines\\CompilerEngine->get('C:\\\\wamp64\\\\www\\\\k...', Array)
#8 C:\\wamp64\\www\\klaes\\vendor\\laravel\\framework\\src\\Illuminate\\View\\View.php(195): Livewire\\LivewireViewCompilerEngine->get('C:\\\\wamp64\\\\www\\\\k...', Array)
#9 C:\\wamp64\\www\\klaes\\vendor\\laravel\\framework\\src\\Illuminate\\View\\View.php(178): Illuminate\\View\\View->getContents()
#10 C:\\wamp64\\www\\klaes\\vendor\\laravel\\framework\\src\\Illuminate\\View\\View.php(147): Illuminate\\View\\View->renderContents()
#11 C:\\wamp64\\www\\klaes\\vendor\\laravel\\framework\\src\\Illuminate\\Http\\Response.php(69): Illuminate\\View\\View->render()
#12 C:\\wamp64\\www\\klaes\\vendor\\laravel\\framework\\src\\Illuminate\\Http\\Response.php(35): Illuminate\\Http\\Response->setContent(Object(Illuminate\\View\\View))
#13 C:\\wamp64\\www\\klaes\\vendor\\laravel\\framework\\src\\Illuminate\\Routing\\Router.php(906): Illuminate\\Http\\Response->__construct(Object(Illuminate\\View\\View), 200, Array)
#14 C:\\wamp64\\www\\klaes\\vendor\\laravel\\framework\\src\\Illuminate\\Routing\\Router.php(875): Illuminate\\Routing\\Router::toResponse(Object(Illuminate\\Http\\Request), Object(Illuminate\\View\\View))
#15 C:\\wamp64\\www\\klaes\\vendor\\laravel\\framework\\src\\Illuminate\\Routing\\Router.php(797): Illuminate\\Routing\\Router->prepareResponse(Object(Illuminate\\Http\\Request), Object(Illuminate\\View\\View))
#16 C:\\wamp64\\www\\klaes\\vendor\\laravel\\framework\\src\\Illuminate\\Pipeline\\Pipeline.php(141): Illuminate\\Routing\\Router->Illuminate\\Routing\\{closure}(Object(Illuminate\\Http\\Request))
#17 C:\\wamp64\\www\\klaes\\app\\Http\\Middleware\\Verify2FA.php(26): Illuminate\\Pipeline\\Pipeline->Illuminate\\Pipeline\\{closure}(Object(Illuminate\\Http\\Request))
#18 C:\\wamp64\\www\\klaes\\vendor\\laravel\\framework\\src\\Illuminate\\Pipeline\\Pipeline.php(180): App\\Http\\Middleware\\Verify2FA->handle(Object(Illuminate\\Http\\Request), Object(Closure))
#19 C:\\wamp64\\www\\klaes\\vendor\\laravel\\framework\\src\\Illuminate\\Routing\\Middleware\\SubstituteBindings.php(50): Illuminate\\Pipeline\\Pipeline->Illuminate\\Pipeline\\{closure}(Object(Illuminate\\Http\\Request))
#20 C:\\wamp64\\www\\klaes\\vendor\\laravel\\framework\\src\\Illuminate\\Pipeline\\Pipeline.php(180): Illuminate\\Routing\\Middleware\\SubstituteBindings->handle(Object(Illuminate\\Http\\Request), Object(Closure))
#21 C:\\wamp64\\www\\klaes\\vendor\\laravel\\framework\\src\\Illuminate\\Auth\\Middleware\\Authenticate.php(44): Illuminate\\Pipeline\\Pipeline->Illuminate\\Pipeline\\{closure}(Object(Illuminate\\Http\\Request))
#22 C:\\wamp64\\www\\klaes\\vendor\\laravel\\framework\\src\\Illuminate\\Pipeline\\Pipeline.php(180): Illuminate\\Auth\\Middleware\\Authenticate->handle(Object(Illuminate\\Http\\Request), Object(Closure))
#23 C:\\wamp64\\www\\klaes\\vendor\\laravel\\framework\\src\\Illuminate\\Foundation\\Http\\Middleware\\VerifyCsrfToken.php(78): Illuminate\\Pipeline\\Pipeline->Illuminate\\Pipeline\\{closure}(Object(Illuminate\\Http\\Request))
#24 C:\\wamp64\\www\\klaes\\vendor\\laravel\\framework\\src\\Illuminate\\Pipeline\\Pipeline.php(180): Illuminate\\Foundation\\Http\\Middleware\\VerifyCsrfToken->handle(Object(Illuminate\\Http\\Request), Object(Closure))
#25 C:\\wamp64\\www\\klaes\\vendor\\laravel\\framework\\src\\Illuminate\\View\\Middleware\\ShareErrorsFromSession.php(49): Illuminate\\Pipeline\\Pipeline->Illuminate\\Pipeline\\{closure}(Object(Illuminate\\Http\\Request))
#26 C:\\wamp64\\www\\klaes\\vendor\\laravel\\framework\\src\\Illuminate\\Pipeline\\Pipeline.php(180): Illuminate\\View\\Middleware\\ShareErrorsFromSession->handle(Object(Illuminate\\Http\\Request), Object(Closure))
#27 C:\\wamp64\\www\\klaes\\vendor\\laravel\\framework\\src\\Illuminate\\Session\\Middleware\\StartSession.php(121): Illuminate\\Pipeline\\Pipeline->Illuminate\\Pipeline\\{closure}(Object(Illuminate\\Http\\Request))
#28 C:\\wamp64\\www\\klaes\\vendor\\laravel\\framework\\src\\Illuminate\\Session\\Middleware\\StartSession.php(64): Illuminate\\Session\\Middleware\\StartSession->handleStatefulRequest(Object(Illuminate\\Http\\Request), Object(Illuminate\\Session\\Store), Object(Closure))
#29 C:\\wamp64\\www\\klaes\\vendor\\laravel\\framework\\src\\Illuminate\\Pipeline\\Pipeline.php(180): Illuminate\\Session\\Middleware\\StartSession->handle(Object(Illuminate\\Http\\Request), Object(Closure))
#30 C:\\wamp64\\www\\klaes\\vendor\\laravel\\framework\\src\\Illuminate\\Cookie\\Middleware\\AddQueuedCookiesToResponse.php(37): Illuminate\\Pipeline\\Pipeline->Illuminate\\Pipeline\\{closure}(Object(Illuminate\\Http\\Request))
#31 C:\\wamp64\\www\\klaes\\vendor\\laravel\\framework\\src\\Illuminate\\Pipeline\\Pipeline.php(180): Illuminate\\Cookie\\Middleware\\AddQueuedCookiesToResponse->handle(Object(Illuminate\\Http\\Request), Object(Closure))
#32 C:\\wamp64\\www\\klaes\\vendor\\laravel\\framework\\src\\Illuminate\\Cookie\\Middleware\\EncryptCookies.php(67): Illuminate\\Pipeline\\Pipeline->Illuminate\\Pipeline\\{closure}(Object(Illuminate\\Http\\Request))
#33 C:\\wamp64\\www\\klaes\\vendor\\laravel\\framework\\src\\Illuminate\\Pipeline\\Pipeline.php(180): Illuminate\\Cookie\\Middleware\\EncryptCookies->handle(Object(Illuminate\\Http\\Request), Object(Closure))
#34 C:\\wamp64\\www\\klaes\\vendor\\laravel\\framework\\src\\Illuminate\\Pipeline\\Pipeline.php(116): Illuminate\\Pipeline\\Pipeline->Illuminate\\Pipeline\\{closure}(Object(Illuminate\\Http\\Request))
#35 C:\\wamp64\\www\\klaes\\vendor\\laravel\\framework\\src\\Illuminate\\Routing\\Router.php(797): Illuminate\\Pipeline\\Pipeline->then(Object(Closure))
#36 C:\\wamp64\\www\\klaes\\vendor\\laravel\\framework\\src\\Illuminate\\Routing\\Router.php(776): Illuminate\\Routing\\Router->runRouteWithinStack(Object(Illuminate\\Routing\\Route), Object(Illuminate\\Http\\Request))
#37 C:\\wamp64\\www\\klaes\\vendor\\laravel\\framework\\src\\Illuminate\\Routing\\Router.php(740): Illuminate\\Routing\\Router->runRoute(Object(Illuminate\\Http\\Request), Object(Illuminate\\Routing\\Route))
#38 C:\\wamp64\\www\\klaes\\vendor\\laravel\\framework\\src\\Illuminate\\Routing\\Router.php(729): Illuminate\\Routing\\Router->dispatchToRoute(Object(Illuminate\\Http\\Request))
#39 C:\\wamp64\\www\\klaes\\vendor\\laravel\\framework\\src\\Illuminate\\Foundation\\Http\\Kernel.php(190): Illuminate\\Routing\\Router->dispatch(Object(Illuminate\\Http\\Request))
#40 C:\\wamp64\\www\\klaes\\vendor\\laravel\\framework\\src\\Illuminate\\Pipeline\\Pipeline.php(141): Illuminate\\Foundation\\Http\\Kernel->Illuminate\\Foundation\\Http\\{closure}(Object(Illuminate\\Http\\Request))
#41 C:\\wamp64\\www\\klaes\\vendor\\livewire\\livewire\\src\\DisableBrowserCache.php(19): Illuminate\\Pipeline\\Pipeline->Illuminate\\Pipeline\\{closure}(Object(Illuminate\\Http\\Request))
#42 C:\\wamp64\\www\\klaes\\vendor\\laravel\\framework\\src\\Illuminate\\Pipeline\\Pipeline.php(180): Livewire\\DisableBrowserCache->handle(Object(Illuminate\\Http\\Request), Object(Closure))
#43 C:\\wamp64\\www\\klaes\\app\\Http\\Middleware\\Cors.php(23): Illuminate\\Pipeline\\Pipeline->Illuminate\\Pipeline\\{closure}(Object(Illuminate\\Http\\Request))
#44 C:\\wamp64\\www\\klaes\\vendor\\laravel\\framework\\src\\Illuminate\\Pipeline\\Pipeline.php(180): App\\Http\\Middleware\\Cors->handle(Object(Illuminate\\Http\\Request), Object(Closure))
#45 C:\\wamp64\\www\\klaes\\vendor\\laravel\\framework\\src\\Illuminate\\Foundation\\Http\\Middleware\\TransformsRequest.php(21): Illuminate\\Pipeline\\Pipeline->Illuminate\\Pipeline\\{closure}(Object(Illuminate\\Http\\Request))
#46 C:\\wamp64\\www\\klaes\\vendor\\laravel\\framework\\src\\Illuminate\\Foundation\\Http\\Middleware\\ConvertEmptyStringsToNull.php(31): Illuminate\\Foundation\\Http\\Middleware\\TransformsRequest->handle(Object(Illuminate\\Http\\Request), Object(Closure))
#47 C:\\wamp64\\www\\klaes\\vendor\\laravel\\framework\\src\\Illuminate\\Pipeline\\Pipeline.php(180): Illuminate\\Foundation\\Http\\Middleware\\ConvertEmptyStringsToNull->handle(Object(Illuminate\\Http\\Request), Object(Closure))
#48 C:\\wamp64\\www\\klaes\\vendor\\laravel\\framework\\src\\Illuminate\\Foundation\\Http\\Middleware\\TransformsRequest.php(21): Illuminate\\Pipeline\\Pipeline->Illuminate\\Pipeline\\{closure}(Object(Illuminate\\Http\\Request))
#49 C:\\wamp64\\www\\klaes\\vendor\\laravel\\framework\\src\\Illuminate\\Foundation\\Http\\Middleware\\TrimStrings.php(40): Illuminate\\Foundation\\Http\\Middleware\\TransformsRequest->handle(Object(Illuminate\\Http\\Request), Object(Closure))
#50 C:\\wamp64\\www\\klaes\\vendor\\laravel\\framework\\src\\Illuminate\\Pipeline\\Pipeline.php(180): Illuminate\\Foundation\\Http\\Middleware\\TrimStrings->handle(Object(Illuminate\\Http\\Request), Object(Closure))
#51 C:\\wamp64\\www\\klaes\\vendor\\laravel\\framework\\src\\Illuminate\\Foundation\\Http\\Middleware\\ValidatePostSize.php(27): Illuminate\\Pipeline\\Pipeline->Illuminate\\Pipeline\\{closure}(Object(Illuminate\\Http\\Request))
#52 C:\\wamp64\\www\\klaes\\vendor\\laravel\\framework\\src\\Illuminate\\Pipeline\\Pipeline.php(180): Illuminate\\Foundation\\Http\\Middleware\\ValidatePostSize->handle(Object(Illuminate\\Http\\Request), Object(Closure))
#53 C:\\wamp64\\www\\klaes\\vendor\\laravel\\framework\\src\\Illuminate\\Foundation\\Http\\Middleware\\PreventRequestsDuringMaintenance.php(86): Illuminate\\Pipeline\\Pipeline->Illuminate\\Pipeline\\{closure}(Object(Illuminate\\Http\\Request))
#54 C:\\wamp64\\www\\klaes\\vendor\\laravel\\framework\\src\\Illuminate\\Pipeline\\Pipeline.php(180): Illuminate\\Foundation\\Http\\Middleware\\PreventRequestsDuringMaintenance->handle(Object(Illuminate\\Http\\Request), Object(Closure))
#55 C:\\wamp64\\www\\klaes\\vendor\\laravel\\framework\\src\\Illuminate\\Http\\Middleware\\HandleCors.php(49): Illuminate\\Pipeline\\Pipeline->Illuminate\\Pipeline\\{closure}(Object(Illuminate\\Http\\Request))
#56 C:\\wamp64\\www\\klaes\\vendor\\laravel\\framework\\src\\Illuminate\\Pipeline\\Pipeline.php(180): Illuminate\\Http\\Middleware\\HandleCors->handle(Object(Illuminate\\Http\\Request), Object(Closure))
#57 C:\\wamp64\\www\\klaes\\vendor\\laravel\\framework\\src\\Illuminate\\Http\\Middleware\\TrustProxies.php(39): Illuminate\\Pipeline\\Pipeline->Illuminate\\Pipeline\\{closure}(Object(Illuminate\\Http\\Request))
#58 C:\\wamp64\\www\\klaes\\vendor\\laravel\\framework\\src\\Illuminate\\Pipeline\\Pipeline.php(180): Illuminate\\Http\\Middleware\\TrustProxies->handle(Object(Illuminate\\Http\\Request), Object(Closure))
#59 C:\\wamp64\\www\\klaes\\vendor\\laravel\\framework\\src\\Illuminate\\Pipeline\\Pipeline.php(116): Illuminate\\Pipeline\\Pipeline->Illuminate\\Pipeline\\{closure}(Object(Illuminate\\Http\\Request))
#60 C:\\wamp64\\www\\klaes\\vendor\\laravel\\framework\\src\\Illuminate\\Foundation\\Http\\Kernel.php(165): Illuminate\\Pipeline\\Pipeline->then(Object(Closure))
#61 C:\\wamp64\\www\\klaes\\vendor\\laravel\\framework\\src\\Illuminate\\Foundation\\Http\\Kernel.php(134): Illuminate\\Foundation\\Http\\Kernel->sendRequestThroughRouter(Object(Illuminate\\Http\\Request))
#62 C:\\wamp64\\www\\klaes\\public\\index.php(54): Illuminate\\Foundation\\Http\\Kernel->handle(Object(Illuminate\\Http\\Request))
#63 C:\\wamp64\\www\\klaes\\vendor\\laravel\\framework\\src\\Illuminate\\Foundation\\resources\\server.php(16): require_once('C:\\\\wamp64\\\\www\\\\k...')
#64 {main}
"} 
[2026-05-19 16:11:10] local.ERROR: Route [temporary-file.print-recommendation] not defined. {"view":{"view":"C:\\wamp64\\www\\klaes\\resources\\views\\lands_one_stop_shop\\temporary_file.blade.php","data":{"errors":"<pre class=sf-dump id=sf-dump-1145131957 data-indent-pad=\"  \"><span class=sf-dump-note>Illuminate\\Support\\ViewErrorBag</span> {<a class=sf-dump-ref>#4416</a><samp data-depth=1 class=sf-dump-expanded>
  #<span class=sf-dump-protected title=\"Protected property\">bags</span>: []
</samp>}
</pre><script>Sfdump(\"sf-dump-1145131957\", {\"maxDepth\":3,\"maxStringLength\":160})</script>
","records":"<pre class=sf-dump id=sf-dump-1941958905 data-indent-pad=\"  \"><span class=sf-dump-note>Illuminate\\Database\\Eloquent\\Collection</span> {<a class=sf-dump-ref>#4440</a><samp data-depth=1 class=sf-dump-expanded>
  #<span class=sf-dump-protected title=\"Protected property\">items</span>: <span class=sf-dump-note>array:1</span> [<samp data-depth=2 class=sf-dump-compact>
    <span class=sf-dump-index>0</span> => <span class=sf-dump-note title=\"App\\Models\\LandsOneStopShop\\LandTemporaryFileNumber
\"><span class=\"sf-dump-ellipsis sf-dump-ellipsis-note\">App\\Models\\LandsOneStopShop</span><span class=\"sf-dump-ellipsis sf-dump-ellipsis-note\">\\</span>LandTemporaryFileNumber</span> {<a class=sf-dump-ref>#4443</a><samp data-depth=3 class=sf-dump-compact>
      #<span class=sf-dump-protected title=\"Protected property\">connection</span>: \"<span class=sf-dump-str title=\"6 characters\">sqlsrv</span>\"
      #<span class=sf-dump-protected title=\"Protected property\">table</span>: \"<span class=sf-dump-str title=\"27 characters\">land_temporary_file_numbers</span>\"
      #<span class=sf-dump-protected title=\"Protected property\">primaryKey</span>: \"<span class=sf-dump-str title=\"2 characters\">id</span>\"
      #<span class=sf-dump-protected title=\"Protected property\">keyType</span>: \"<span class=sf-dump-str title=\"3 characters\">int</span>\"
      +<span class=sf-dump-public title=\"Public property\">incrementing</span>: <span class=sf-dump-const>true</span>
      #<span class=sf-dump-protected title=\"Protected property\">with</span>: []
      #<span class=sf-dump-protected title=\"Protected property\">withCount</span>: []
      +<span class=sf-dump-public title=\"Public property\">preventsLazyLoading</span>: <span class=sf-dump-const>false</span>
      #<span class=sf-dump-protected title=\"Protected property\">perPage</span>: <span class=sf-dump-num>15</span>
      +<span class=sf-dump-public title=\"Public property\">exists</span>: <span class=sf-dump-const>true</span>
      +<span class=sf-dump-public title=\"Public property\">wasRecentlyCreated</span>: <span class=sf-dump-const>false</span>
      #<span class=sf-dump-protected title=\"Protected property\">escapeWhenCastingToString</span>: <span class=sf-dump-const>false</span>
      #<span class=sf-dump-protected title=\"Protected property\">attributes</span>: <span class=sf-dump-note>array:15</span> [ &#8230;15]
      #<span class=sf-dump-protected title=\"Protected property\">original</span>: <span class=sf-dump-note>array:15</span> [ &#8230;15]
      #<span class=sf-dump-protected title=\"Protected property\">changes</span>: []
      #<span class=sf-dump-protected title=\"Protected property\">casts</span>: <span class=sf-dump-note>array:3</span> [ &#8230;3]
      #<span class=sf-dump-protected title=\"Protected property\">classCastCache</span>: []
      #<span class=sf-dump-protected title=\"Protected property\">attributeCastCache</span>: []
      #<span class=sf-dump-protected title=\"Protected property\">dates</span>: []
      #<span class=sf-dump-protected title=\"Protected property\">dateFormat</span>: <span class=sf-dump-const>null</span>
      #<span class=sf-dump-protected title=\"Protected property\">appends</span>: []
      #<span class=sf-dump-protected title=\"Protected property\">dispatchesEvents</span>: []
      #<span class=sf-dump-protected title=\"Protected property\">observables</span>: []
      #<span class=sf-dump-protected title=\"Protected property\">relations</span>: []
      #<span class=sf-dump-protected title=\"Protected property\">touches</span>: []
      +<span class=sf-dump-public title=\"Public property\">timestamps</span>: <span class=sf-dump-const>true</span>
      #<span class=sf-dump-protected title=\"Protected property\">hidden</span>: []
      #<span class=sf-dump-protected title=\"Protected property\">visible</span>: []
      #<span class=sf-dump-protected title=\"Protected property\">fillable</span>: <span class=sf-dump-note>array:12</span> [ &#8230;12]
      #<span class=sf-dump-protected title=\"Protected property\">guarded</span>: <span class=sf-dump-note>array:1</span> [ &#8230;1]
    </samp>}
  </samp>]
  #<span class=sf-dump-protected title=\"Protected property\">escapeWhenCastingToString</span>: <span class=sf-dump-const>false</span>
</samp>}
</pre><script>Sfdump(\"sf-dump-1941958905\", {\"maxDepth\":3,\"maxStringLength\":160})</script>
","limit":"<pre class=sf-dump id=sf-dump-499365703 data-indent-pad=\"  \"><span class=sf-dump-num>50</span>
</pre><script>Sfdump(\"sf-dump-499365703\", {\"maxDepth\":3,\"maxStringLength\":160})</script>
","search":"<pre class=sf-dump id=sf-dump-1854915330 data-indent-pad=\"  \">\"\"
</pre><script>Sfdump(\"sf-dump-1854915330\", {\"maxDepth\":3,\"maxStringLength\":160})</script>
","lgas":"<pre class=sf-dump id=sf-dump-12624683 data-indent-pad=\"  \"><span class=sf-dump-note>Illuminate\\Support\\Collection</span> {<a class=sf-dump-ref>#4431</a><samp data-depth=1 class=sf-dump-expanded>
  #<span class=sf-dump-protected title=\"Protected property\">items</span>: <span class=sf-dump-note>array:45</span> [<samp data-depth=2 class=sf-dump-compact>
    <span class=sf-dump-index>0</span> => {<a class=sf-dump-ref>#4435</a><samp data-depth=3 class=sf-dump-compact>
      +\"<span class=sf-dump-public title=\"Runtime added dynamic property\">id</span>\": \"<span class=sf-dump-str>1</span>\"
      +\"<span class=sf-dump-public title=\"Runtime added dynamic property\">name</span>\": \"<span class=sf-dump-str title=\"6 characters\">Ajingi</span>\"
      +\"<span class=sf-dump-public title=\"Runtime added dynamic property\">code</span>\": \"<span class=sf-dump-str title=\"6 characters\">AJINGI</span>\"
      +\"<span class=sf-dump-public title=\"Runtime added dynamic property\">slug</span>\": \"<span class=sf-dump-str title=\"6 characters\">ajingi</span>\"
      +\"<span class=sf-dump-public title=\"Runtime added dynamic property\">is_active</span>\": \"<span class=sf-dump-str>1</span>\"
      +\"<span class=sf-dump-public title=\"Runtime added dynamic property\">created_at</span>\": \"<span class=sf-dump-str title=\"23 characters\">2025-10-24 01:41:04.013</span>\"
      +\"<span class=sf-dump-public title=\"Runtime added dynamic property\">updated_at</span>\": \"<span class=sf-dump-str title=\"23 characters\">2025-10-30 00:52:32.323</span>\"
    </samp>}
    <span class=sf-dump-index>1</span> => {<a class=sf-dump-ref>#4433</a><samp data-depth=3 class=sf-dump-compact>
      +\"<span class=sf-dump-public title=\"Runtime added dynamic property\">id</span>\": \"<span class=sf-dump-str>2</span>\"
      +\"<span class=sf-dump-public title=\"Runtime added dynamic property\">name</span>\": \"<span class=sf-dump-str title=\"6 characters\">Albasu</span>\"
      +\"<span class=sf-dump-public title=\"Runtime added dynamic property\">code</span>\": \"<span class=sf-dump-str title=\"6 characters\">ALBASU</span>\"
      +\"<span class=sf-dump-public title=\"Runtime added dynamic property\">slug</span>\": \"<span class=sf-dump-str title=\"6 characters\">albasu</span>\"
      +\"<span class=sf-dump-public title=\"Runtime added dynamic property\">is_active</span>\": \"<span class=sf-dump-str>1</span>\"
      +\"<span class=sf-dump-public title=\"Runtime added dynamic property\">created_at</span>\": \"<span class=sf-dump-str title=\"23 characters\">2025-10-24 01:41:04.013</span>\"
      +\"<span class=sf-dump-public title=\"Runtime added dynamic property\">updated_at</span>\": \"<span class=sf-dump-str title=\"23 characters\">2025-10-30 00:52:32.323</span>\"
    </samp>}
    <span class=sf-dump-index>2</span> => {<a class=sf-dump-ref>#4434</a><samp data-depth=3 class=sf-dump-compact>
      +\"<span class=sf-dump-public title=\"Runtime added dynamic property\">id</span>\": \"<span class=sf-dump-str>3</span>\"
      +\"<span class=sf-dump-public title=\"Runtime added dynamic property\">name</span>\": \"<span class=sf-dump-str title=\"6 characters\">Bagwai</span>\"
      +\"<span class=sf-dump-public title=\"Runtime added dynamic property\">code</span>\": \"<span class=sf-dump-str title=\"6 characters\">BAGWAI</span>\"
      +\"<span class=sf-dump-public title=\"Runtime added dynamic property\">slug</span>\": \"<span class=sf-dump-str title=\"6 characters\">bagwai</span>\"
      +\"<span class=sf-dump-public title=\"Runtime added dynamic property\">is_active</span>\": \"<span class=sf-dump-str>1</span>\"
      +\"<span class=sf-dump-public title=\"Runtime added dynamic property\">created_at</span>\": \"<span class=sf-dump-str title=\"23 characters\">2025-10-24 01:41:04.013</span>\"
      +\"<span class=sf-dump-public title=\"Runtime added dynamic property\">updated_at</span>\": \"<span class=sf-dump-str title=\"23 characters\">2025-10-30 00:52:32.323</span>\"
    </samp>}
    <span class=sf-dump-index>3</span> => {<a class=sf-dump-ref>#4441</a><samp data-depth=3 class=sf-dump-compact>
      +\"<span class=sf-dump-public title=\"Runtime added dynamic property\">id</span>\": \"<span class=sf-dump-str>4</span>\"
      +\"<span class=sf-dump-public title=\"Runtime added dynamic property\">name</span>\": \"<span class=sf-dump-str title=\"6 characters\">Bebeji</span>\"
      +\"<span class=sf-dump-public title=\"Runtime added dynamic property\">code</span>\": \"<span class=sf-dump-str title=\"6 characters\">BEBEJI</span>\"
      +\"<span class=sf-dump-public title=\"Runtime added dynamic property\">slug</span>\": \"<span class=sf-dump-str title=\"6 characters\">bebeji</span>\"
      +\"<span class=sf-dump-public title=\"Runtime added dynamic property\">is_active</span>\": \"<span class=sf-dump-str>1</span>\"
      +\"<span class=sf-dump-public title=\"Runtime added dynamic property\">created_at</span>\": \"<span class=sf-dump-str title=\"23 characters\">2025-10-24 01:41:04.013</span>\"
      +\"<span class=sf-dump-public title=\"Runtime added dynamic property\">updated_at</span>\": \"<span class=sf-dump-str title=\"23 characters\">2025-10-30 00:52:32.323</span>\"
    </samp>}
    <span class=sf-dump-index>4</span> => {<a class=sf-dump-ref>#4445</a><samp data-depth=3 class=sf-dump-compact>
      +\"<span class=sf-dump-public title=\"Runtime added dynamic property\">id</span>\": \"<span class=sf-dump-str>5</span>\"
      +\"<span class=sf-dump-public title=\"Runtime added dynamic property\">name</span>\": \"<span class=sf-dump-str title=\"5 characters\">Bichi</span>\"
      +\"<span class=sf-dump-public title=\"Runtime added dynamic property\">code</span>\": \"<span class=sf-dump-str title=\"5 characters\">BICHI</span>\"
      +\"<span class=sf-dump-public title=\"Runtime added dynamic property\">slug</span>\": \"<span class=sf-dump-str title=\"5 characters\">bichi</span>\"
      +\"<span class=sf-dump-public title=\"Runtime added dynamic property\">is_active</span>\": \"<span class=sf-dump-str>1</span>\"
      +\"<span class=sf-dump-public title=\"Runtime added dynamic property\">created_at</span>\": \"<span class=sf-dump-str title=\"23 characters\">2025-10-24 01:41:04.013</span>\"
      +\"<span class=sf-dump-public title=\"Runtime added dynamic property\">updated_at</span>\": \"<span class=sf-dump-str title=\"23 characters\">2025-10-30 00:52:32.323</span>\"
    </samp>}
    <span class=sf-dump-index>5</span> => {<a class=sf-dump-ref>#4446</a><samp data-depth=3 class=sf-dump-compact>
      +\"<span class=sf-dump-public title=\"Runtime added dynamic property\">id</span>\": \"<span class=sf-dump-str>6</span>\"
      +\"<span class=sf-dump-public title=\"Runtime added dynamic property\">name</span>\": \"<span class=sf-dump-str title=\"7 characters\">Bunkure</span>\"
      +\"<span class=sf-dump-public title=\"Runtime added dynamic property\">code</span>\": \"<span class=sf-dump-str title=\"7 characters\">BUNKURE</span>\"
      +\"<span class=sf-dump-public title=\"Runtime added dynamic property\">slug</span>\": \"<span class=sf-dump-str title=\"7 characters\">bunkure</span>\"
      +\"<span class=sf-dump-public title=\"Runtime added dynamic property\">is_active</span>\": \"<span class=sf-dump-str>1</span>\"
      +\"<span class=sf-dump-public title=\"Runtime added dynamic property\">created_at</span>\": \"<span class=sf-dump-str title=\"23 characters\">2025-10-24 01:41:04.013</span>\"
      +\"<span class=sf-dump-public title=\"Runtime added dynamic property\">updated_at</span>\": \"<span class=sf-dump-str title=\"23 characters\">2025-10-30 00:52:32.323</span>\"
    </samp>}
    <span class=sf-dump-index>6</span> => {<a class=sf-dump-ref>#4447</a><samp data-depth=3 class=sf-dump-compact>
      +\"<span class=sf-dump-public title=\"Runtime added dynamic property\">id</span>\": \"<span class=sf-dump-str>7</span>\"
      +\"<span class=sf-dump-public title=\"Runtime added dynamic property\">name</span>\": \"<span class=sf-dump-str title=\"4 characters\">Dala</span>\"
      +\"<span class=sf-dump-public title=\"Runtime added dynamic property\">code</span>\": \"<span class=sf-dump-str title=\"4 characters\">DALA</span>\"
      +\"<span class=sf-dump-public title=\"Runtime added dynamic property\">slug</span>\": \"<span class=sf-dump-str title=\"4 characters\">dala</span>\"
      +\"<span class=sf-dump-public title=\"Runtime added dynamic property\">is_active</span>\": \"<span class=sf-dump-str>1</span>\"
      +\"<span class=sf-dump-public title=\"Runtime added dynamic property\">created_at</span>\": \"<span class=sf-dump-str title=\"23 characters\">2025-10-24 01:41:04.013</span>\"
      +\"<span class=sf-dump-public title=\"Runtime added dynamic property\">updated_at</span>\": \"<span class=sf-dump-str title=\"23 characters\">2025-10-30 00:52:32.323</span>\"
    </samp>}
    <span class=sf-dump-index>7</span> => {<a class=sf-dump-ref>#4448</a><samp data-depth=3 class=sf-dump-compact>
      +\"<span class=sf-dump-public title=\"Runtime added dynamic property\">id</span>\": \"<span class=sf-dump-str>8</span>\"
      +\"<span class=sf-dump-public title=\"Runtime added dynamic property\">name</span>\": \"<span class=sf-dump-str title=\"8 characters\">Dambatta</span>\"
      +\"<span class=sf-dump-public title=\"Runtime added dynamic property\">code</span>\": \"<span class=sf-dump-str title=\"8 characters\">DAMBATTA</span>\"
      +\"<span class=sf-dump-public title=\"Runtime added dynamic property\">slug</span>\": \"<span class=sf-dump-str title=\"8 characters\">dambatta</span>\"
      +\"<span class=sf-dump-public title=\"Runtime added dynamic property\">is_active</span>\": \"<span class=sf-dump-str>1</span>\"
      +\"<span class=sf-dump-public title=\"Runtime added dynamic property\">created_at</span>\": \"<span class=sf-dump-str title=\"23 characters\">2025-10-24 01:41:04.013</span>\"
      +\"<span class=sf-dump-public title=\"Runtime added dynamic property\">updated_at</span>\": \"<span class=sf-dump-str title=\"23 characters\">2025-10-30 00:52:32.323</span>\"
    </samp>}
    <span class=sf-dump-index>8</span> => {<a class=sf-dump-ref>#4449</a><samp data-depth=3 class=sf-dump-compact>
      +\"<span class=sf-dump-public title=\"Runtime added dynamic property\">id</span>\": \"<span class=sf-dump-str>9</span>\"
      +\"<span class=sf-dump-public title=\"Runtime added dynamic property\">name</span>\": \"<span class=sf-dump-str title=\"12 characters\">Dawakin Kudu</span>\"
      +\"<span class=sf-dump-public title=\"Runtime added dynamic property\">code</span>\": \"<span class=sf-dump-str title=\"12 characters\">DAWAKIN_KUDU</span>\"
      +\"<span class=sf-dump-public title=\"Runtime added dynamic property\">slug</span>\": \"<span class=sf-dump-str title=\"12 characters\">dawakin-kudu</span>\"
      +\"<span class=sf-dump-public title=\"Runtime added dynamic property\">is_active</span>\": \"<span class=sf-dump-str>1</span>\"
      +\"<span class=sf-dump-public title=\"Runtime added dynamic property\">created_at</span>\": \"<span class=sf-dump-str title=\"23 characters\">2025-10-24 01:41:04.013</span>\"
      +\"<span class=sf-dump-public title=\"Runtime added dynamic property\">updated_at</span>\": \"<span class=sf-dump-str title=\"23 characters\">2025-10-30 00:52:32.323</span>\"
    </samp>}
    <span class=sf-dump-index>9</span> => {<a class=sf-dump-ref>#4450</a><samp data-depth=3 class=sf-dump-compact>
      +\"<span class=sf-dump-public title=\"Runtime added dynamic property\">id</span>\": \"<span class=sf-dump-str title=\"2 characters\">10</span>\"
      +\"<span class=sf-dump-public title=\"Runtime added dynamic property\">name</span>\": \"<span class=sf-dump-str title=\"12 characters\">Dawakin Tofa</span>\"
      +\"<span class=sf-dump-public title=\"Runtime added dynamic property\">code</span>\": \"<span class=sf-dump-str title=\"12 characters\">DAWAKIN_TOFA</span>\"
      +\"<span class=sf-dump-public title=\"Runtime added dynamic property\">slug</span>\": \"<span class=sf-dump-str title=\"12 characters\">dawakin-tofa</span>\"
      +\"<span class=sf-dump-public title=\"Runtime added dynamic property\">is_active</span>\": \"<span class=sf-dump-str>1</span>\"
      +\"<span class=sf-dump-public title=\"Runtime added dynamic property\">created_at</span>\": \"<span class=sf-dump-str title=\"23 characters\">2025-10-24 01:41:04.013</span>\"
      +\"<span class=sf-dump-public title=\"Runtime added dynamic property\">updated_at</span>\": \"<span class=sf-dump-str title=\"23 characters\">2025-10-30 00:52:32.323</span>\"
    </samp>}
    <span class=sf-dump-index>10</span> => {<a class=sf-dump-ref>#4451</a><samp data-depth=3 class=sf-dump-compact>
      +\"<span class=sf-dump-public title=\"Runtime added dynamic property\">id</span>\": \"<span class=sf-dump-str title=\"2 characters\">11</span>\"
      +\"<span class=sf-dump-public title=\"Runtime added dynamic property\">name</span>\": \"<span class=sf-dump-str title=\"6 characters\">Doguwa</span>\"
      +\"<span class=sf-dump-public title=\"Runtime added dynamic property\">code</span>\": \"<span class=sf-dump-str title=\"6 characters\">DOGUWA</span>\"
      +\"<span class=sf-dump-public title=\"Runtime added dynamic property\">slug</span>\": \"<span class=sf-dump-str title=\"6 characters\">doguwa</span>\"
      +\"<span class=sf-dump-public title=\"Runtime added dynamic property\">is_active</span>\": \"<span class=sf-dump-str>1</span>\"
      +\"<span class=sf-dump-public title=\"Runtime added dynamic property\">created_at</span>\": \"<span class=sf-dump-str title=\"23 characters\">2025-10-24 01:41:04.013</span>\"
      +\"<span class=sf-dump-public title=\"Runtime added dynamic property\">updated_at</span>\": \"<span class=sf-dump-str title=\"23 characters\">2025-10-30 00:52:32.323</span>\"
    </samp>}
    <span class=sf-dump-index>11</span> => {<a class=sf-dump-ref>#4452</a><samp data-depth=3 class=sf-dump-compact>
      +\"<span class=sf-dump-public title=\"Runtime added dynamic property\">id</span>\": \"<span class=sf-dump-str title=\"2 characters\">12</span>\"
      +\"<span class=sf-dump-public title=\"Runtime added dynamic property\">name</span>\": \"<span class=sf-dump-str title=\"5 characters\">Fagge</span>\"
      +\"<span class=sf-dump-public title=\"Runtime added dynamic property\">code</span>\": \"<span class=sf-dump-str title=\"5 characters\">FAGGE</span>\"
      +\"<span class=sf-dump-public title=\"Runtime added dynamic property\">slug</span>\": \"<span class=sf-dump-str title=\"5 characters\">fagge</span>\"
      +\"<span class=sf-dump-public title=\"Runtime added dynamic property\">is_active</span>\": \"<span class=sf-dump-str>1</span>\"
      +\"<span class=sf-dump-public title=\"Runtime added dynamic property\">created_at</span>\": \"<span class=sf-dump-str title=\"23 characters\">2025-10-24 01:41:04.013</span>\"
      +\"<span class=sf-dump-public title=\"Runtime added dynamic property\">updated_at</span>\": \"<span class=sf-dump-str title=\"23 characters\">2025-10-30 00:52:32.323</span>\"
    </samp>}
    <span class=sf-dump-index>12</span> => {<a class=sf-dump-ref>#4453</a><samp data-depth=3 class=sf-dump-compact>
      +\"<span class=sf-dump-public title=\"Runtime added dynamic property\">id</span>\": \"<span class=sf-dump-str title=\"2 characters\">13</span>\"
      +\"<span class=sf-dump-public title=\"Runtime added dynamic property\">name</span>\": \"<span class=sf-dump-str title=\"8 characters\">Gabasawa</span>\"
      +\"<span class=sf-dump-public title=\"Runtime added dynamic property\">code</span>\": \"<span class=sf-dump-str title=\"8 characters\">GABASAWA</span>\"
      +\"<span class=sf-dump-public title=\"Runtime added dynamic property\">slug</span>\": \"<span class=sf-dump-str title=\"8 characters\">gabasawa</span>\"
      +\"<span class=sf-dump-public title=\"Runtime added dynamic property\">is_active</span>\": \"<span class=sf-dump-str>1</span>\"
      +\"<span class=sf-dump-public title=\"Runtime added dynamic property\">created_at</span>\": \"<span class=sf-dump-str title=\"23 characters\">2025-10-24 01:41:04.013</span>\"
      +\"<span class=sf-dump-public title=\"Runtime added dynamic property\">updated_at</span>\": \"<span class=sf-dump-str title=\"23 characters\">2025-10-30 00:52:32.323</span>\"
    </samp>}
    <span class=sf-dump-index>13</span> => {<a class=sf-dump-ref>#4454</a><samp data-depth=3 class=sf-dump-compact>
      +\"<span class=sf-dump-public title=\"Runtime added dynamic property\">id</span>\": \"<span class=sf-dump-str title=\"2 characters\">14</span>\"
      +\"<span class=sf-dump-public title=\"Runtime added dynamic property\">name</span>\": \"<span class=sf-dump-str title=\"5 characters\">Garko</span>\"
      +\"<span class=sf-dump-public title=\"Runtime added dynamic property\">code</span>\": \"<span class=sf-dump-str title=\"5 characters\">GARKO</span>\"
      +\"<span class=sf-dump-public title=\"Runtime added dynamic property\">slug</span>\": \"<span class=sf-dump-str title=\"5 characters\">garko</span>\"
      +\"<span class=sf-dump-public title=\"Runtime added dynamic property\">is_active</span>\": \"<span class=sf-dump-str>1</span>\"
      +\"<span class=sf-dump-public title=\"Runtime added dynamic property\">created_at</span>\": \"<span class=sf-dump-str title=\"23 characters\">2025-10-24 01:41:04.013</span>\"
      +\"<span class=sf-dump-public title=\"Runtime added dynamic property\">updated_at</span>\": \"<span class=sf-dump-str title=\"23 characters\">2025-10-30 00:52:32.323</span>\"
    </samp>}
    <span class=sf-dump-index>14</span> => {<a class=sf-dump-ref>#4455</a><samp data-depth=3 class=sf-dump-compact>
      +\"<span class=sf-dump-public title=\"Runtime added dynamic property\">id</span>\": \"<span class=sf-dump-str title=\"2 characters\">15</span>\"
      +\"<span class=sf-dump-public title=\"Runtime added dynamic property\">name</span>\": \"<span class=sf-dump-str title=\"12 characters\">Garun Mallam</span>\"
      +\"<span class=sf-dump-public title=\"Runtime added dynamic property\">code</span>\": \"<span class=sf-dump-str title=\"12 characters\">GARUN_MALLAM</span>\"
      +\"<span class=sf-dump-public title=\"Runtime added dynamic property\">slug</span>\": \"<span class=sf-dump-str title=\"12 characters\">garun-mallam</span>\"
      +\"<span class=sf-dump-public title=\"Runtime added dynamic property\">is_active</span>\": \"<span class=sf-dump-str>1</span>\"
      +\"<span class=sf-dump-public title=\"Runtime added dynamic property\">created_at</span>\": \"<span class=sf-dump-str title=\"23 characters\">2025-10-24 01:41:04.013</span>\"
      +\"<span class=sf-dump-public title=\"Runtime added dynamic property\">updated_at</span>\": \"<span class=sf-dump-str title=\"23 characters\">2025-10-30 00:52:32.323</span>\"
    </samp>}
    <span class=sf-dump-index>15</span> => {<a class=sf-dump-ref>#4456</a><samp data-depth=3 class=sf-dump-compact>
      +\"<span class=sf-dump-public title=\"Runtime added dynamic property\">id</span>\": \"<span class=sf-dump-str title=\"2 characters\">16</span>\"
      +\"<span class=sf-dump-public title=\"Runtime added dynamic property\">name</span>\": \"<span class=sf-dump-str title=\"4 characters\">Gaya</span>\"
      +\"<span class=sf-dump-public title=\"Runtime added dynamic property\">code</span>\": \"<span class=sf-dump-str title=\"4 characters\">GAYA</span>\"
      +\"<span class=sf-dump-public title=\"Runtime added dynamic property\">slug</span>\": \"<span class=sf-dump-str title=\"4 characters\">gaya</span>\"
      +\"<span class=sf-dump-public title=\"Runtime added dynamic property\">is_active</span>\": \"<span class=sf-dump-str>1</span>\"
      +\"<span class=sf-dump-public title=\"Runtime added dynamic property\">created_at</span>\": \"<span class=sf-dump-str title=\"23 characters\">2025-10-24 01:41:04.013</span>\"
      +\"<span class=sf-dump-public title=\"Runtime added dynamic property\">updated_at</span>\": \"<span class=sf-dump-str title=\"23 characters\">2025-10-30 00:52:32.323</span>\"
    </samp>}
    <span class=sf-dump-index>16</span> => {<a class=sf-dump-ref>#4457</a><samp data-depth=3 class=sf-dump-compact>
      +\"<span class=sf-dump-public title=\"Runtime added dynamic property\">id</span>\": \"<span class=sf-dump-str title=\"2 characters\">17</span>\"
      +\"<span class=sf-dump-public title=\"Runtime added dynamic property\">name</span>\": \"<span class=sf-dump-str title=\"6 characters\">Gezawa</span>\"
      +\"<span class=sf-dump-public title=\"Runtime added dynamic property\">code</span>\": \"<span class=sf-dump-str title=\"6 characters\">GEZAWA</span>\"
      +\"<span class=sf-dump-public title=\"Runtime added dynamic property\">slug</span>\": \"<span class=sf-dump-str title=\"6 characters\">gezawa</span>\"
      +\"<span class=sf-dump-public title=\"Runtime added dynamic property\">is_active</span>\": \"<span class=sf-dump-str>1</span>\"
      +\"<span class=sf-dump-public title=\"Runtime added dynamic property\">created_at</span>\": \"<span class=sf-dump-str title=\"23 characters\">2025-10-24 01:41:04.013</span>\"
      +\"<span class=sf-dump-public title=\"Runtime added dynamic property\">updated_at</span>\": \"<span class=sf-dump-str title=\"23 characters\">2025-10-30 00:52:32.323</span>\"
    </samp>}
    <span class=sf-dump-index>17</span> => {<a class=sf-dump-ref>#4458</a><samp data-depth=3 class=sf-dump-compact>
      +\"<span class=sf-dump-public title=\"Runtime added dynamic property\">id</span>\": \"<span class=sf-dump-str title=\"2 characters\">26</span>\"
      +\"<span class=sf-dump-public title=\"Runtime added dynamic property\">name</span>\": \"<span class=sf-dump-str title=\"5 characters\">Ghari</span>\"
      +\"<span class=sf-dump-public title=\"Runtime added dynamic property\">code</span>\": \"<span class=sf-dump-str title=\"5 characters\">GHARI</span>\"
      +\"<span class=sf-dump-public title=\"Runtime added dynamic property\">slug</span>\": \"<span class=sf-dump-str title=\"5 characters\">Ghari</span>\"
      +\"<span class=sf-dump-public title=\"Runtime added dynamic property\">is_active</span>\": \"<span class=sf-dump-str>1</span>\"
      +\"<span class=sf-dump-public title=\"Runtime added dynamic property\">created_at</span>\": \"<span class=sf-dump-str title=\"23 characters\">2025-10-24 01:41:04.013</span>\"
      +\"<span class=sf-dump-public title=\"Runtime added dynamic property\">updated_at</span>\": \"<span class=sf-dump-str title=\"23 characters\">2025-10-30 00:52:32.323</span>\"
    </samp>}
    <span class=sf-dump-index>18</span> => {<a class=sf-dump-ref>#4459</a><samp data-depth=3 class=sf-dump-compact>
      +\"<span class=sf-dump-public title=\"Runtime added dynamic property\">id</span>\": \"<span class=sf-dump-str title=\"2 characters\">18</span>\"
      +\"<span class=sf-dump-public title=\"Runtime added dynamic property\">name</span>\": \"<span class=sf-dump-str title=\"5 characters\">Gwale</span>\"
      +\"<span class=sf-dump-public title=\"Runtime added dynamic property\">code</span>\": \"<span class=sf-dump-str title=\"5 characters\">GWALE</span>\"
      +\"<span class=sf-dump-public title=\"Runtime added dynamic property\">slug</span>\": \"<span class=sf-dump-str title=\"5 characters\">gwale</span>\"
      +\"<span class=sf-dump-public title=\"Runtime added dynamic property\">is_active</span>\": \"<span class=sf-dump-str>1</span>\"
      +\"<span class=sf-dump-public title=\"Runtime added dynamic property\">created_at</span>\": \"<span class=sf-dump-str title=\"23 characters\">2025-10-24 01:41:04.013</span>\"
      +\"<span class=sf-dump-public title=\"Runtime added dynamic property\">updated_at</span>\": \"<span class=sf-dump-str title=\"23 characters\">2025-10-30 00:52:32.323</span>\"
    </samp>}
    <span class=sf-dump-index>19</span> => {<a class=sf-dump-ref>#4460</a><samp data-depth=3 class=sf-dump-compact>
      +\"<span class=sf-dump-public title=\"Runtime added dynamic property\">id</span>\": \"<span class=sf-dump-str title=\"2 characters\">19</span>\"
      +\"<span class=sf-dump-public title=\"Runtime added dynamic property\">name</span>\": \"<span class=sf-dump-str title=\"6 characters\">Gwarzo</span>\"
      +\"<span class=sf-dump-public title=\"Runtime added dynamic property\">code</span>\": \"<span class=sf-dump-str title=\"6 characters\">GWARZO</span>\"
      +\"<span class=sf-dump-public title=\"Runtime added dynamic property\">slug</span>\": \"<span class=sf-dump-str title=\"6 characters\">gwarzo</span>\"
      +\"<span class=sf-dump-public title=\"Runtime added dynamic property\">is_active</span>\": \"<span class=sf-dump-str>1</span>\"
      +\"<span class=sf-dump-public title=\"Runtime added dynamic property\">created_at</span>\": \"<span class=sf-dump-str title=\"23 characters\">2025-10-24 01:41:04.013</span>\"
      +\"<span class=sf-dump-public title=\"Runtime added dynamic property\">updated_at</span>\": \"<span class=sf-dump-str title=\"23 characters\">2025-10-30 00:52:32.323</span>\"
    </samp>}
    <span class=sf-dump-index>20</span> => {<a class=sf-dump-ref>#4461</a><samp data-depth=3 class=sf-dump-compact>
      +\"<span class=sf-dump-public title=\"Runtime added dynamic property\">id</span>\": \"<span class=sf-dump-str title=\"2 characters\">20</span>\"
      +\"<span class=sf-dump-public title=\"Runtime added dynamic property\">name</span>\": \"<span class=sf-dump-str title=\"4 characters\">Kabo</span>\"
      +\"<span class=sf-dump-public title=\"Runtime added dynamic property\">code</span>\": \"<span class=sf-dump-str title=\"4 characters\">KABO</span>\"
      +\"<span class=sf-dump-public title=\"Runtime added dynamic property\">slug</span>\": \"<span class=sf-dump-str title=\"4 characters\">kabo</span>\"
      +\"<span class=sf-dump-public title=\"Runtime added dynamic property\">is_active</span>\": \"<span class=sf-dump-str>1</span>\"
      +\"<span class=sf-dump-public title=\"Runtime added dynamic property\">created_at</span>\": \"<span class=sf-dump-str title=\"23 characters\">2025-10-24 01:41:04.013</span>\"
      +\"<span class=sf-dump-public title=\"Runtime added dynamic property\">updated_at</span>\": \"<span class=sf-dump-str title=\"23 characters\">2025-10-30 00:52:32.323</span>\"
    </samp>}
    <span class=sf-dump-index>21</span> => {<a class=sf-dump-ref>#4462</a><samp data-depth=3 class=sf-dump-compact>
      +\"<span class=sf-dump-public title=\"Runtime added dynamic property\">id</span>\": \"<span class=sf-dump-str title=\"2 characters\">21</span>\"
      +\"<span class=sf-dump-public title=\"Runtime added dynamic property\">name</span>\": \"<span class=sf-dump-str title=\"14 characters\">Kano Municipal</span>\"
      +\"<span class=sf-dump-public title=\"Runtime added dynamic property\">code</span>\": \"<span class=sf-dump-str title=\"14 characters\">KANO_MUNICIPAL</span>\"
      +\"<span class=sf-dump-public title=\"Runtime added dynamic property\">slug</span>\": \"<span class=sf-dump-str title=\"14 characters\">kano-municipal</span>\"
      +\"<span class=sf-dump-public title=\"Runtime added dynamic property\">is_active</span>\": \"<span class=sf-dump-str>1</span>\"
      +\"<span class=sf-dump-public title=\"Runtime added dynamic property\">created_at</span>\": \"<span class=sf-dump-str title=\"23 characters\">2025-10-24 01:41:04.013</span>\"
      +\"<span class=sf-dump-public title=\"Runtime added dynamic property\">updated_at</span>\": \"<span class=sf-dump-str title=\"23 characters\">2025-10-30 00:52:32.323</span>\"
    </samp>}
    <span class=sf-dump-index>22</span> => {<a class=sf-dump-ref>#4463</a><samp data-depth=3 class=sf-dump-compact>
      +\"<span class=sf-dump-public title=\"Runtime added dynamic property\">id</span>\": \"<span class=sf-dump-str title=\"2 characters\">22</span>\"
      +\"<span class=sf-dump-public title=\"Runtime added dynamic property\">name</span>\": \"<span class=sf-dump-str title=\"6 characters\">Karaye</span>\"
      +\"<span class=sf-dump-public title=\"Runtime added dynamic property\">code</span>\": \"<span class=sf-dump-str title=\"6 characters\">KARAYE</span>\"
      +\"<span class=sf-dump-public title=\"Runtime added dynamic property\">slug</span>\": \"<span class=sf-dump-str title=\"6 characters\">karaye</span>\"
      +\"<span class=sf-dump-public title=\"Runtime added dynamic property\">is_active</span>\": \"<span class=sf-dump-str>1</span>\"
      +\"<span class=sf-dump-public title=\"Runtime added dynamic property\">created_at</span>\": \"<span class=sf-dump-str title=\"23 characters\">2025-10-24 01:41:04.013</span>\"
      +\"<span class=sf-dump-public title=\"Runtime added dynamic property\">updated_at</span>\": \"<span class=sf-dump-str title=\"23 characters\">2025-10-30 00:52:32.323</span>\"
    </samp>}
    <span class=sf-dump-index>23</span> => {<a class=sf-dump-ref>#4464</a><samp data-depth=3 class=sf-dump-compact>
      +\"<span class=sf-dump-public title=\"Runtime added dynamic property\">id</span>\": \"<span class=sf-dump-str title=\"2 characters\">23</span>\"
      +\"<span class=sf-dump-public title=\"Runtime added dynamic property\">name</span>\": \"<span class=sf-dump-str title=\"6 characters\">Kibiya</span>\"
      +\"<span class=sf-dump-public title=\"Runtime added dynamic property\">code</span>\": \"<span class=sf-dump-str title=\"6 characters\">KIBIYA</span>\"
      +\"<span class=sf-dump-public title=\"Runtime added dynamic property\">slug</span>\": \"<span class=sf-dump-str title=\"6 characters\">kibiya</span>\"
      +\"<span class=sf-dump-public title=\"Runtime added dynamic property\">is_active</span>\": \"<span class=sf-dump-str>1</span>\"
      +\"<span class=sf-dump-public title=\"Runtime added dynamic property\">created_at</span>\": \"<span class=sf-dump-str title=\"23 characters\">2025-10-24 01:41:04.013</span>\"
      +\"<span class=sf-dump-public title=\"Runtime added dynamic property\">updated_at</span>\": \"<span class=sf-dump-str title=\"23 characters\">2025-10-30 00:52:32.323</span>\"
    </samp>}
    <span class=sf-dump-index>24</span> => {<a class=sf-dump-ref>#4465</a><samp data-depth=3 class=sf-dump-compact>
      +\"<span class=sf-dump-public title=\"Runtime added dynamic property\">id</span>\": \"<span class=sf-dump-str title=\"2 characters\">24</span>\"
      +\"<span class=sf-dump-public title=\"Runtime added dynamic property\">name</span>\": \"<span class=sf-dump-str title=\"4 characters\">Kiru</span>\"
      +\"<span class=sf-dump-public title=\"Runtime added dynamic property\">code</span>\": \"<span class=sf-dump-str title=\"4 characters\">KIRU</span>\"
      +\"<span class=sf-dump-public title=\"Runtime added dynamic property\">slug</span>\": \"<span class=sf-dump-str title=\"4 characters\">kiru</span>\"
      +\"<span class=sf-dump-public title=\"Runtime added dynamic property\">is_active</span>\": \"<span class=sf-dump-str>1</span>\"
      +\"<span class=sf-dump-public title=\"Runtime added dynamic property\">created_at</span>\": \"<span class=sf-dump-str title=\"23 characters\">2025-10-24 01:41:04.013</span>\"
      +\"<span class=sf-dump-public title=\"Runtime added dynamic property\">updated_at</span>\": \"<span class=sf-dump-str title=\"23 characters\">2025-10-30 00:52:32.323</span>\"
    </samp>}
    <span class=sf-dump-index>25</span> => {<a class=sf-dump-ref>#4466</a><samp data-depth=3 class=sf-dump-compact>
      +\"<span class=sf-dump-public title=\"Runtime added dynamic property\">id</span>\": \"<span class=sf-dump-str title=\"2 characters\">25</span>\"
      +\"<span class=sf-dump-public title=\"Runtime added dynamic property\">name</span>\": \"<span class=sf-dump-str title=\"8 characters\">Kumbotso</span>\"
      +\"<span class=sf-dump-public title=\"Runtime added dynamic property\">code</span>\": \"<span class=sf-dump-str title=\"8 characters\">KUMBOTSO</span>\"
      +\"<span class=sf-dump-public title=\"Runtime added dynamic property\">slug</span>\": \"<span class=sf-dump-str title=\"8 characters\">kumbotso</span>\"
      +\"<span class=sf-dump-public title=\"Runtime added dynamic property\">is_active</span>\": \"<span class=sf-dump-str>1</span>\"
      +\"<span class=sf-dump-public title=\"Runtime added dynamic property\">created_at</span>\": \"<span class=sf-dump-str title=\"23 characters\">2025-10-24 01:41:04.013</span>\"
      +\"<span class=sf-dump-public title=\"Runtime added dynamic property\">updated_at</span>\": \"<span class=sf-dump-str title=\"23 characters\">2025-10-30 00:52:32.323</span>\"
    </samp>}
    <span class=sf-dump-index>26</span> => {<a class=sf-dump-ref>#4467</a><samp data-depth=3 class=sf-dump-compact>
      +\"<span class=sf-dump-public title=\"Runtime added dynamic property\">id</span>\": \"<span class=sf-dump-str title=\"2 characters\">27</span>\"
      +\"<span class=sf-dump-public title=\"Runtime added dynamic property\">name</span>\": \"<span class=sf-dump-str title=\"4 characters\">Kura</span>\"
      +\"<span class=sf-dump-public title=\"Runtime added dynamic property\">code</span>\": \"<span class=sf-dump-str title=\"4 characters\">KURA</span>\"
      +\"<span class=sf-dump-public title=\"Runtime added dynamic property\">slug</span>\": \"<span class=sf-dump-str title=\"4 characters\">kura</span>\"
      +\"<span class=sf-dump-public title=\"Runtime added dynamic property\">is_active</span>\": \"<span class=sf-dump-str>1</span>\"
      +\"<span class=sf-dump-public title=\"Runtime added dynamic property\">created_at</span>\": \"<span class=sf-dump-str title=\"23 characters\">2025-10-24 01:41:04.013</span>\"
      +\"<span class=sf-dump-public title=\"Runtime added dynamic property\">updated_at</span>\": \"<span class=sf-dump-str title=\"23 characters\">2025-10-30 00:52:32.323</span>\"
    </samp>}
    <span class=sf-dump-index>27</span> => {<a class=sf-dump-ref>#4468</a><samp data-depth=3 class=sf-dump-compact>
      +\"<span class=sf-dump-public title=\"Runtime added dynamic property\">id</span>\": \"<span class=sf-dump-str title=\"2 characters\">28</span>\"
      +\"<span class=sf-dump-public title=\"Runtime added dynamic property\">name</span>\": \"<span class=sf-dump-str title=\"6 characters\">Madobi</span>\"
      +\"<span class=sf-dump-public title=\"Runtime added dynamic property\">code</span>\": \"<span class=sf-dump-str title=\"6 characters\">MADOBI</span>\"
      +\"<span class=sf-dump-public title=\"Runtime added dynamic property\">slug</span>\": \"<span class=sf-dump-str title=\"6 characters\">madobi</span>\"
      +\"<span class=sf-dump-public title=\"Runtime added dynamic property\">is_active</span>\": \"<span class=sf-dump-str>1</span>\"
      +\"<span class=sf-dump-public title=\"Runtime added dynamic property\">created_at</span>\": \"<span class=sf-dump-str title=\"23 characters\">2025-10-24 01:41:04.013</span>\"
      +\"<span class=sf-dump-public title=\"Runtime added dynamic property\">updated_at</span>\": \"<span class=sf-dump-str title=\"23 characters\">2025-10-30 00:52:32.323</span>\"
    </samp>}
    <span class=sf-dump-index>28</span> => {<a class=sf-dump-ref>#4469</a><samp data-depth=3 class=sf-dump-compact>
      +\"<span class=sf-dump-public title=\"Runtime added dynamic property\">id</span>\": \"<span class=sf-dump-str title=\"2 characters\">29</span>\"
      +\"<span class=sf-dump-public title=\"Runtime added dynamic property\">name</span>\": \"<span class=sf-dump-str title=\"6 characters\">Makoda</span>\"
      +\"<span class=sf-dump-public title=\"Runtime added dynamic property\">code</span>\": \"<span class=sf-dump-str title=\"6 characters\">MAKODA</span>\"
      +\"<span class=sf-dump-public title=\"Runtime added dynamic property\">slug</span>\": \"<span class=sf-dump-str title=\"6 characters\">makoda</span>\"
      +\"<span class=sf-dump-public title=\"Runtime added dynamic property\">is_active</span>\": \"<span class=sf-dump-str>1</span>\"
      +\"<span class=sf-dump-public title=\"Runtime added dynamic property\">created_at</span>\": \"<span class=sf-dump-str title=\"23 characters\">2025-10-24 01:41:04.013</span>\"
      +\"<span class=sf-dump-public title=\"Runtime added dynamic property\">updated_at</span>\": \"<span class=sf-dump-str title=\"23 characters\">2025-10-30 00:52:32.323</span>\"
    </samp>}
    <span class=sf-dump-index>29</span> => {<a class=sf-dump-ref>#4470</a><samp data-depth=3 class=sf-dump-compact>
      +\"<span class=sf-dump-public title=\"Runtime added dynamic property\">id</span>\": \"<span class=sf-dump-str title=\"2 characters\">30</span>\"
      +\"<span class=sf-dump-public title=\"Runtime added dynamic property\">name</span>\": \"<span class=sf-dump-str title=\"8 characters\">Minjibir</span>\"
      +\"<span class=sf-dump-public title=\"Runtime added dynamic property\">code</span>\": \"<span class=sf-dump-str title=\"8 characters\">MINJIBIR</span>\"
      +\"<span class=sf-dump-public title=\"Runtime added dynamic property\">slug</span>\": \"<span class=sf-dump-str title=\"8 characters\">minjibir</span>\"
      +\"<span class=sf-dump-public title=\"Runtime added dynamic property\">is_active</span>\": \"<span class=sf-dump-str>1</span>\"
      +\"<span class=sf-dump-public title=\"Runtime added dynamic property\">created_at</span>\": \"<span class=sf-dump-str title=\"23 characters\">2025-10-24 01:41:04.013</span>\"
      +\"<span class=sf-dump-public title=\"Runtime added dynamic property\">updated_at</span>\": \"<span class=sf-dump-str title=\"23 characters\">2025-10-30 00:52:32.323</span>\"
    </samp>}
    <span class=sf-dump-index>30</span> => {<a class=sf-dump-ref>#4471</a><samp data-depth=3 class=sf-dump-compact>
      +\"<span class=sf-dump-public title=\"Runtime added dynamic property\">id</span>\": \"<span class=sf-dump-str title=\"2 characters\">31</span>\"
      +\"<span class=sf-dump-public title=\"Runtime added dynamic property\">name</span>\": \"<span class=sf-dump-str title=\"8 characters\">Nasarawa</span>\"
      +\"<span class=sf-dump-public title=\"Runtime added dynamic property\">code</span>\": \"<span class=sf-dump-str title=\"8 characters\">NASARAWA</span>\"
      +\"<span class=sf-dump-public title=\"Runtime added dynamic property\">slug</span>\": \"<span class=sf-dump-str title=\"8 characters\">nasarawa</span>\"
      +\"<span class=sf-dump-public title=\"Runtime added dynamic property\">is_active</span>\": \"<span class=sf-dump-str>1</span>\"
      +\"<span class=sf-dump-public title=\"Runtime added dynamic property\">created_at</span>\": \"<span class=sf-dump-str title=\"23 characters\">2025-10-24 01:41:04.013</span>\"
      +\"<span class=sf-dump-public title=\"Runtime added dynamic property\">updated_at</span>\": \"<span class=sf-dump-str title=\"23 characters\">2025-10-30 00:52:32.323</span>\"
    </samp>}
    <span class=sf-dump-index>31</span> => {<a class=sf-dump-ref>#4472</a><samp data-depth=3 class=sf-dump-compact>
      +\"<span class=sf-dump-public title=\"Runtime added dynamic property\">id</span>\": \"<span class=sf-dump-str title=\"2 characters\">32</span>\"
      +\"<span class=sf-dump-public title=\"Runtime added dynamic property\">name</span>\": \"<span class=sf-dump-str title=\"4 characters\">Rano</span>\"
      +\"<span class=sf-dump-public title=\"Runtime added dynamic property\">code</span>\": \"<span class=sf-dump-str title=\"4 characters\">RANO</span>\"
      +\"<span class=sf-dump-public title=\"Runtime added dynamic property\">slug</span>\": \"<span class=sf-dump-str title=\"4 characters\">rano</span>\"
      +\"<span class=sf-dump-public title=\"Runtime added dynamic property\">is_active</span>\": \"<span class=sf-dump-str>1</span>\"
      +\"<span class=sf-dump-public title=\"Runtime added dynamic property\">created_at</span>\": \"<span class=sf-dump-str title=\"23 characters\">2025-10-24 01:41:04.013</span>\"
      +\"<span class=sf-dump-public title=\"Runtime added dynamic property\">updated_at</span>\": \"<span class=sf-dump-str title=\"23 characters\">2025-10-30 00:52:32.323</span>\"
    </samp>}
    <span class=sf-dump-index>32</span> => {<a class=sf-dump-ref>#4473</a><samp data-depth=3 class=sf-dump-compact>
      +\"<span class=sf-dump-public title=\"Runtime added dynamic property\">id</span>\": \"<span class=sf-dump-str title=\"2 characters\">33</span>\"
      +\"<span class=sf-dump-public title=\"Runtime added dynamic property\">name</span>\": \"<span class=sf-dump-str title=\"10 characters\">Rimin Gado</span>\"
      +\"<span class=sf-dump-public title=\"Runtime added dynamic property\">code</span>\": \"<span class=sf-dump-str title=\"10 characters\">RIMIN_GADO</span>\"
      +\"<span class=sf-dump-public title=\"Runtime added dynamic property\">slug</span>\": \"<span class=sf-dump-str title=\"10 characters\">rimin-gado</span>\"
      +\"<span class=sf-dump-public title=\"Runtime added dynamic property\">is_active</span>\": \"<span class=sf-dump-str>1</span>\"
      +\"<span class=sf-dump-public title=\"Runtime added dynamic property\">created_at</span>\": \"<span class=sf-dump-str title=\"23 characters\">2025-10-24 01:41:04.013</span>\"
      +\"<span class=sf-dump-public title=\"Runtime added dynamic property\">updated_at</span>\": \"<span class=sf-dump-str title=\"23 characters\">2025-10-30 00:52:32.323</span>\"
    </samp>}
    <span class=sf-dump-index>33</span> => {<a class=sf-dump-ref>#4474</a><samp data-depth=3 class=sf-dump-compact>
      +\"<span class=sf-dump-public title=\"Runtime added dynamic property\">id</span>\": \"<span class=sf-dump-str title=\"2 characters\">34</span>\"
      +\"<span class=sf-dump-public title=\"Runtime added dynamic property\">name</span>\": \"<span class=sf-dump-str title=\"4 characters\">Rogo</span>\"
      +\"<span class=sf-dump-public title=\"Runtime added dynamic property\">code</span>\": \"<span class=sf-dump-str title=\"4 characters\">ROGO</span>\"
      +\"<span class=sf-dump-public title=\"Runtime added dynamic property\">slug</span>\": \"<span class=sf-dump-str title=\"4 characters\">rogo</span>\"
      +\"<span class=sf-dump-public title=\"Runtime added dynamic property\">is_active</span>\": \"<span class=sf-dump-str>1</span>\"
      +\"<span class=sf-dump-public title=\"Runtime added dynamic property\">created_at</span>\": \"<span class=sf-dump-str title=\"23 characters\">2025-10-24 01:41:04.013</span>\"
      +\"<span class=sf-dump-public title=\"Runtime added dynamic property\">updated_at</span>\": \"<span class=sf-dump-str title=\"23 characters\">2025-10-30 00:52:32.323</span>\"
    </samp>}
    <span class=sf-dump-index>34</span> => {<a class=sf-dump-ref>#4475</a><samp data-depth=3 class=sf-dump-compact>
      +\"<span class=sf-dump-public title=\"Runtime added dynamic property\">id</span>\": \"<span class=sf-dump-str title=\"2 characters\">35</span>\"
      +\"<span class=sf-dump-public title=\"Runtime added dynamic property\">name</span>\": \"<span class=sf-dump-str title=\"7 characters\">Shanono</span>\"
      +\"<span class=sf-dump-public title=\"Runtime added dynamic property\">code</span>\": \"<span class=sf-dump-str title=\"7 characters\">SHANONO</span>\"
      +\"<span class=sf-dump-public title=\"Runtime added dynamic property\">slug</span>\": \"<span class=sf-dump-str title=\"7 characters\">shanono</span>\"
      +\"<span class=sf-dump-public title=\"Runtime added dynamic property\">is_active</span>\": \"<span class=sf-dump-str>1</span>\"
      +\"<span class=sf-dump-public title=\"Runtime added dynamic property\">created_at</span>\": \"<span class=sf-dump-str title=\"23 characters\">2025-10-24 01:41:04.013</span>\"
      +\"<span class=sf-dump-public title=\"Runtime added dynamic property\">updated_at</span>\": \"<span class=sf-dump-str title=\"23 characters\">2025-10-30 00:52:32.323</span>\"
    </samp>}
    <span class=sf-dump-index>35</span> => {<a class=sf-dump-ref>#4476</a><samp data-depth=3 class=sf-dump-compact>
      +\"<span class=sf-dump-public title=\"Runtime added dynamic property\">id</span>\": \"<span class=sf-dump-str title=\"2 characters\">36</span>\"
      +\"<span class=sf-dump-public title=\"Runtime added dynamic property\">name</span>\": \"<span class=sf-dump-str title=\"7 characters\">Sumaila</span>\"
      +\"<span class=sf-dump-public title=\"Runtime added dynamic property\">code</span>\": \"<span class=sf-dump-str title=\"7 characters\">SUMAILA</span>\"
      +\"<span class=sf-dump-public title=\"Runtime added dynamic property\">slug</span>\": \"<span class=sf-dump-str title=\"7 characters\">sumaila</span>\"
      +\"<span class=sf-dump-public title=\"Runtime added dynamic property\">is_active</span>\": \"<span class=sf-dump-str>1</span>\"
      +\"<span class=sf-dump-public title=\"Runtime added dynamic property\">created_at</span>\": \"<span class=sf-dump-str title=\"23 characters\">2025-10-24 01:41:04.013</span>\"
      +\"<span class=sf-dump-public title=\"Runtime added dynamic property\">updated_at</span>\": \"<span class=sf-dump-str title=\"23 characters\">2025-10-30 00:52:32.323</span>\"
    </samp>}
    <span class=sf-dump-index>36</span> => {<a class=sf-dump-ref>#4477</a><samp data-depth=3 class=sf-dump-compact>
      +\"<span class=sf-dump-public title=\"Runtime added dynamic property\">id</span>\": \"<span class=sf-dump-str title=\"2 characters\">37</span>\"
      +\"<span class=sf-dump-public title=\"Runtime added dynamic property\">name</span>\": \"<span class=sf-dump-str title=\"5 characters\">Takai</span>\"
      +\"<span class=sf-dump-public title=\"Runtime added dynamic property\">code</span>\": \"<span class=sf-dump-str title=\"5 characters\">TAKAI</span>\"
      +\"<span class=sf-dump-public title=\"Runtime added dynamic property\">slug</span>\": \"<span class=sf-dump-str title=\"5 characters\">takai</span>\"
      +\"<span class=sf-dump-public title=\"Runtime added dynamic property\">is_active</span>\": \"<span class=sf-dump-str>1</span>\"
      +\"<span class=sf-dump-public title=\"Runtime added dynamic property\">created_at</span>\": \"<span class=sf-dump-str title=\"23 characters\">2025-10-24 01:41:04.013</span>\"
      +\"<span class=sf-dump-public title=\"Runtime added dynamic property\">updated_at</span>\": \"<span class=sf-dump-str title=\"23 characters\">2025-10-30 00:52:32.323</span>\"
    </samp>}
    <span class=sf-dump-index>37</span> => {<a class=sf-dump-ref>#4478</a><samp data-depth=3 class=sf-dump-compact>
      +\"<span class=sf-dump-public title=\"Runtime added dynamic property\">id</span>\": \"<span class=sf-dump-str title=\"2 characters\">38</span>\"
      +\"<span class=sf-dump-public title=\"Runtime added dynamic property\">name</span>\": \"<span class=sf-dump-str title=\"7 characters\">Tarauni</span>\"
      +\"<span class=sf-dump-public title=\"Runtime added dynamic property\">code</span>\": \"<span class=sf-dump-str title=\"7 characters\">TARAUNI</span>\"
      +\"<span class=sf-dump-public title=\"Runtime added dynamic property\">slug</span>\": \"<span class=sf-dump-str title=\"7 characters\">tarauni</span>\"
      +\"<span class=sf-dump-public title=\"Runtime added dynamic property\">is_active</span>\": \"<span class=sf-dump-str>1</span>\"
      +\"<span class=sf-dump-public title=\"Runtime added dynamic property\">created_at</span>\": \"<span class=sf-dump-str title=\"23 characters\">2025-10-24 01:41:04.013</span>\"
      +\"<span class=sf-dump-public title=\"Runtime added dynamic property\">updated_at</span>\": \"<span class=sf-dump-str title=\"23 characters\">2025-10-30 00:52:32.323</span>\"
    </samp>}
    <span class=sf-dump-index>38</span> => {<a class=sf-dump-ref>#4479</a><samp data-depth=3 class=sf-dump-compact>
      +\"<span class=sf-dump-public title=\"Runtime added dynamic property\">id</span>\": \"<span class=sf-dump-str title=\"2 characters\">39</span>\"
      +\"<span class=sf-dump-public title=\"Runtime added dynamic property\">name</span>\": \"<span class=sf-dump-str title=\"4 characters\">Tofa</span>\"
      +\"<span class=sf-dump-public title=\"Runtime added dynamic property\">code</span>\": \"<span class=sf-dump-str title=\"4 characters\">TOFA</span>\"
      +\"<span class=sf-dump-public title=\"Runtime added dynamic property\">slug</span>\": \"<span class=sf-dump-str title=\"4 characters\">tofa</span>\"
      +\"<span class=sf-dump-public title=\"Runtime added dynamic property\">is_active</span>\": \"<span class=sf-dump-str>1</span>\"
      +\"<span class=sf-dump-public title=\"Runtime added dynamic property\">created_at</span>\": \"<span class=sf-dump-str title=\"23 characters\">2025-10-24 01:41:04.013</span>\"
      +\"<span class=sf-dump-public title=\"Runtime added dynamic property\">updated_at</span>\": \"<span class=sf-dump-str title=\"23 characters\">2025-10-30 00:52:32.323</span>\"
    </samp>}
    <span class=sf-dump-index>39</span> => {<a class=sf-dump-ref>#4480</a><samp data-depth=3 class=sf-dump-compact>
      +\"<span class=sf-dump-public title=\"Runtime added dynamic property\">id</span>\": \"<span class=sf-dump-str title=\"2 characters\">40</span>\"
      +\"<span class=sf-dump-public title=\"Runtime added dynamic property\">name</span>\": \"<span class=sf-dump-str title=\"8 characters\">Tsanyawa</span>\"
      +\"<span class=sf-dump-public title=\"Runtime added dynamic property\">code</span>\": \"<span class=sf-dump-str title=\"8 characters\">TSANYAWA</span>\"
      +\"<span class=sf-dump-public title=\"Runtime added dynamic property\">slug</span>\": \"<span class=sf-dump-str title=\"8 characters\">tsanyawa</span>\"
      +\"<span class=sf-dump-public title=\"Runtime added dynamic property\">is_active</span>\": \"<span class=sf-dump-str>1</span>\"
      +\"<span class=sf-dump-public title=\"Runtime added dynamic property\">created_at</span>\": \"<span class=sf-dump-str title=\"23 characters\">2025-10-24 01:41:04.013</span>\"
      +\"<span class=sf-dump-public title=\"Runtime added dynamic property\">updated_at</span>\": \"<span class=sf-dump-str title=\"23 characters\">2025-10-30 00:52:32.323</span>\"
    </samp>}
    <span class=sf-dump-index>40</span> => {<a class=sf-dump-ref>#4481</a><samp data-depth=3 class=sf-dump-compact>
      +\"<span class=sf-dump-public title=\"Runtime added dynamic property\">id</span>\": \"<span class=sf-dump-str title=\"2 characters\">41</span>\"
      +\"<span class=sf-dump-public title=\"Runtime added dynamic property\">name</span>\": \"<span class=sf-dump-str title=\"10 characters\">Tudun Wada</span>\"
      +\"<span class=sf-dump-public title=\"Runtime added dynamic property\">code</span>\": \"<span class=sf-dump-str title=\"10 characters\">TUDUN_WADA</span>\"
      +\"<span class=sf-dump-public title=\"Runtime added dynamic property\">slug</span>\": \"<span class=sf-dump-str title=\"10 characters\">tudun-wada</span>\"
      +\"<span class=sf-dump-public title=\"Runtime added dynamic property\">is_active</span>\": \"<span class=sf-dump-str>1</span>\"
      +\"<span class=sf-dump-public title=\"Runtime added dynamic property\">created_at</span>\": \"<span class=sf-dump-str title=\"23 characters\">2025-10-24 01:41:04.013</span>\"
      +\"<span class=sf-dump-public title=\"Runtime added dynamic property\">updated_at</span>\": \"<span class=sf-dump-str title=\"23 characters\">2025-10-30 00:52:32.323</span>\"
    </samp>}
    <span class=sf-dump-index>41</span> => {<a class=sf-dump-ref>#4482</a><samp data-depth=3 class=sf-dump-compact>
      +\"<span class=sf-dump-public title=\"Runtime added dynamic property\">id</span>\": \"<span class=sf-dump-str title=\"2 characters\">42</span>\"
      +\"<span class=sf-dump-public title=\"Runtime added dynamic property\">name</span>\": \"<span class=sf-dump-str title=\"6 characters\">Ungogo</span>\"
      +\"<span class=sf-dump-public title=\"Runtime added dynamic property\">code</span>\": \"<span class=sf-dump-str title=\"6 characters\">UNGOGO</span>\"
      +\"<span class=sf-dump-public title=\"Runtime added dynamic property\">slug</span>\": \"<span class=sf-dump-str title=\"6 characters\">ungogo</span>\"
      +\"<span class=sf-dump-public title=\"Runtime added dynamic property\">is_active</span>\": \"<span class=sf-dump-str>1</span>\"
      +\"<span class=sf-dump-public title=\"Runtime added dynamic property\">created_at</span>\": \"<span class=sf-dump-str title=\"23 characters\">2025-10-24 01:41:04.013</span>\"
      +\"<span class=sf-dump-public title=\"Runtime added dynamic property\">updated_at</span>\": \"<span class=sf-dump-str title=\"23 characters\">2025-10-30 00:52:32.323</span>\"
    </samp>}
    <span class=sf-dump-index>42</span> => {<a class=sf-dump-ref>#4483</a><samp data-depth=3 class=sf-dump-compact>
      +\"<span class=sf-dump-public title=\"Runtime added dynamic property\">id</span>\": \"<span class=sf-dump-str title=\"2 characters\">45</span>\"
      +\"<span class=sf-dump-public title=\"Runtime added dynamic property\">name</span>\": \"<span class=sf-dump-str title=\"7 characters\">Unknown</span>\"
      +\"<span class=sf-dump-public title=\"Runtime added dynamic property\">code</span>\": \"<span class=sf-dump-str title=\"7 characters\">UNKNOWN</span>\"
      +\"<span class=sf-dump-public title=\"Runtime added dynamic property\">slug</span>\": \"<span class=sf-dump-str title=\"7 characters\">Unknown</span>\"
      +\"<span class=sf-dump-public title=\"Runtime added dynamic property\">is_active</span>\": \"<span class=sf-dump-str>1</span>\"
      +\"<span class=sf-dump-public title=\"Runtime added dynamic property\">created_at</span>\": <span class=sf-dump-const>null</span>
      +\"<span class=sf-dump-public title=\"Runtime added dynamic property\">updated_at</span>\": <span class=sf-dump-const>null</span>
    </samp>}
    <span class=sf-dump-index>43</span> => {<a class=sf-dump-ref>#4484</a><samp data-depth=3 class=sf-dump-compact>
      +\"<span class=sf-dump-public title=\"Runtime added dynamic property\">id</span>\": \"<span class=sf-dump-str title=\"2 characters\">43</span>\"
      +\"<span class=sf-dump-public title=\"Runtime added dynamic property\">name</span>\": \"<span class=sf-dump-str title=\"6 characters\">Warawa</span>\"
      +\"<span class=sf-dump-public title=\"Runtime added dynamic property\">code</span>\": \"<span class=sf-dump-str title=\"6 characters\">WARAWA</span>\"
      +\"<span class=sf-dump-public title=\"Runtime added dynamic property\">slug</span>\": \"<span class=sf-dump-str title=\"6 characters\">warawa</span>\"
      +\"<span class=sf-dump-public title=\"Runtime added dynamic property\">is_active</span>\": \"<span class=sf-dump-str>1</span>\"
      +\"<span class=sf-dump-public title=\"Runtime added dynamic property\">created_at</span>\": \"<span class=sf-dump-str title=\"23 characters\">2025-10-24 01:41:04.013</span>\"
      +\"<span class=sf-dump-public title=\"Runtime added dynamic property\">updated_at</span>\": \"<span class=sf-dump-str title=\"23 characters\">2025-10-30 00:52:32.323</span>\"
    </samp>}
    <span class=sf-dump-index>44</span> => {<a class=sf-dump-ref>#4485</a><samp data-depth=3 class=sf-dump-compact>
      +\"<span class=sf-dump-public title=\"Runtime added dynamic property\">id</span>\": \"<span class=sf-dump-str title=\"2 characters\">44</span>\"
      +\"<span class=sf-dump-public title=\"Runtime added dynamic property\">name</span>\": \"<span class=sf-dump-str title=\"5 characters\">Wudil</span>\"
      +\"<span class=sf-dump-public title=\"Runtime added dynamic property\">code</span>\": \"<span class=sf-dump-str title=\"5 characters\">WUDIL</span>\"
      +\"<span class=sf-dump-public title=\"Runtime added dynamic property\">slug</span>\": \"<span class=sf-dump-str title=\"5 characters\">wudil</span>\"
      +\"<span class=sf-dump-public title=\"Runtime added dynamic property\">is_active</span>\": \"<span class=sf-dump-str>1</span>\"
      +\"<span class=sf-dump-public title=\"Runtime added dynamic property\">created_at</span>\": \"<span class=sf-dump-str title=\"23 characters\">2025-10-24 01:41:04.013</span>\"
      +\"<span class=sf-dump-public title=\"Runtime added dynamic property\">updated_at</span>\": \"<span class=sf-dump-str title=\"23 characters\">2025-10-30 00:52:32.323</span>\"
    </samp>}
  </samp>]
  #<span class=sf-dump-protected title=\"Protected property\">escapeWhenCastingToString</span>: <span class=sf-dump-const>false</span>
</samp>}
</pre><script>Sfdump(\"sf-dump-12624683\", {\"maxDepth\":3,\"maxStringLength\":160})</script>
","districts":"<pre class=sf-dump id=sf-dump-518550101 data-indent-pad=\"  \"><span class=sf-dump-note>Illuminate\\Support\\Collection</span> {<a class=sf-dump-ref>#4436</a><samp data-depth=1 class=sf-dump-expanded>
  #<span class=sf-dump-protected title=\"Protected property\">items</span>: <span class=sf-dump-note>array:80</span> [<samp data-depth=2 class=sf-dump-compact>
    <span class=sf-dump-index>0</span> => {<a class=sf-dump-ref>#4486</a><samp data-depth=3 class=sf-dump-compact>
      +\"<span class=sf-dump-public title=\"Runtime added dynamic property\">id</span>\": \"<span class=sf-dump-str>6</span>\"
      +\"<span class=sf-dump-public title=\"Runtime added dynamic property\">name</span>\": \"<span class=sf-dump-str title=\"6 characters\">Ajingi</span>\"
      +\"<span class=sf-dump-public title=\"Runtime added dynamic property\">slug</span>\": \"<span class=sf-dump-str title=\"6 characters\">ajingi</span>\"
      +\"<span class=sf-dump-public title=\"Runtime added dynamic property\">is_active</span>\": \"<span class=sf-dump-str>1</span>\"
      +\"<span class=sf-dump-public title=\"Runtime added dynamic property\">created_at</span>\": \"<span class=sf-dump-str title=\"23 characters\">2025-10-24 01:41:04.013</span>\"
      +\"<span class=sf-dump-public title=\"Runtime added dynamic property\">updated_at</span>\": \"<span class=sf-dump-str title=\"23 characters\">2025-10-30 00:52:32.323</span>\"
    </samp>}
    <span class=sf-dump-index>1</span> => {<a class=sf-dump-ref>#4488</a><samp data-depth=3 class=sf-dump-compact>
      +\"<span class=sf-dump-public title=\"Runtime added dynamic property\">id</span>\": \"<span class=sf-dump-str>7</span>\"
      +\"<span class=sf-dump-public title=\"Runtime added dynamic property\">name</span>\": \"<span class=sf-dump-str title=\"6 characters\">Albasu</span>\"
      +\"<span class=sf-dump-public title=\"Runtime added dynamic property\">slug</span>\": \"<span class=sf-dump-str title=\"6 characters\">albasu</span>\"
      +\"<span class=sf-dump-public title=\"Runtime added dynamic property\">is_active</span>\": \"<span class=sf-dump-str>1</span>\"
      +\"<span class=sf-dump-public title=\"Runtime added dynamic property\">created_at</span>\": \"<span class=sf-dump-str title=\"23 characters\">2025-10-24 01:41:04.013</span>\"
      +\"<span class=sf-dump-public title=\"Runtime added dynamic property\">updated_at</span>\": \"<span class=sf-dump-str title=\"23 characters\">2025-10-30 00:52:32.323</span>\"
    </samp>}
    <span class=sf-dump-index>2</span> => {<a class=sf-dump-ref>#4489</a><samp data-depth=3 class=sf-dump-compact>
      +\"<span class=sf-dump-public title=\"Runtime added dynamic property\">id</span>\": \"<span class=sf-dump-str>8</span>\"
      +\"<span class=sf-dump-public title=\"Runtime added dynamic property\">name</span>\": \"<span class=sf-dump-str title=\"6 characters\">Bagwai</span>\"
      +\"<span class=sf-dump-public title=\"Runtime added dynamic property\">slug</span>\": \"<span class=sf-dump-str title=\"6 characters\">bagwai</span>\"
      +\"<span class=sf-dump-public title=\"Runtime added dynamic property\">is_active</span>\": \"<span class=sf-dump-str>1</span>\"
      +\"<span class=sf-dump-public title=\"Runtime added dynamic property\">created_at</span>\": \"<span class=sf-dump-str title=\"23 characters\">2025-10-24 01:41:04.013</span>\"
      +\"<span class=sf-dump-public title=\"Runtime added dynamic property\">updated_at</span>\": \"<span class=sf-dump-str title=\"23 characters\">2025-10-30 00:52:32.323</span>\"
    </samp>}
    <span class=sf-dump-index>3</span> => {<a class=sf-dump-ref>#4490</a><samp data-depth=3 class=sf-dump-compact>
      +\"<span class=sf-dump-public title=\"Runtime added dynamic property\">id</span>\": \"<span class=sf-dump-str>9</span>\"
      +\"<span class=sf-dump-public title=\"Runtime added dynamic property\">name</span>\": \"<span class=sf-dump-str title=\"6 characters\">Bebeji</span>\"
      +\"<span class=sf-dump-public title=\"Runtime added dynamic property\">slug</span>\": \"<span class=sf-dump-str title=\"6 characters\">bebeji</span>\"
      +\"<span class=sf-dump-public title=\"Runtime added dynamic property\">is_active</span>\": \"<span class=sf-dump-str>1</span>\"
      +\"<span class=sf-dump-public title=\"Runtime added dynamic property\">created_at</span>\": \"<span class=sf-dump-str title=\"23 characters\">2025-10-24 01:41:04.013</span>\"
      +\"<span class=sf-dump-public title=\"Runtime added dynamic property\">updated_at</span>\": \"<span class=sf-dump-str title=\"23 characters\">2025-10-30 00:52:32.323</span>\"
    </samp>}
    <span class=sf-dump-index>4</span> => {<a class=sf-dump-ref>#4492</a><samp data-depth=3 class=sf-dump-compact>
      +\"<span class=sf-dump-public title=\"Runtime added dynamic property\">id</span>\": \"<span class=sf-dump-str title=\"2 characters\">10</span>\"
      +\"<span class=sf-dump-public title=\"Runtime added dynamic property\">name</span>\": \"<span class=sf-dump-str title=\"5 characters\">Bichi</span>\"
      +\"<span class=sf-dump-public title=\"Runtime added dynamic property\">slug</span>\": \"<span class=sf-dump-str title=\"5 characters\">bichi</span>\"
      +\"<span class=sf-dump-public title=\"Runtime added dynamic property\">is_active</span>\": \"<span class=sf-dump-str>1</span>\"
      +\"<span class=sf-dump-public title=\"Runtime added dynamic property\">created_at</span>\": \"<span class=sf-dump-str title=\"23 characters\">2025-10-24 01:41:04.013</span>\"
      +\"<span class=sf-dump-public title=\"Runtime added dynamic property\">updated_at</span>\": \"<span class=sf-dump-str title=\"23 characters\">2025-10-30 00:52:32.323</span>\"
    </samp>}
    <span class=sf-dump-index>5</span> => {<a class=sf-dump-ref>#4493</a><samp data-depth=3 class=sf-dump-compact>
      +\"<span class=sf-dump-public title=\"Runtime added dynamic property\">id</span>\": \"<span class=sf-dump-str title=\"2 characters\">11</span>\"
      +\"<span class=sf-dump-public title=\"Runtime added dynamic property\">name</span>\": \"<span class=sf-dump-str title=\"7 characters\">Bunkure</span>\"
      +\"<span class=sf-dump-public title=\"Runtime added dynamic property\">slug</span>\": \"<span class=sf-dump-str title=\"7 characters\">bunkure</span>\"
      +\"<span class=sf-dump-public title=\"Runtime added dynamic property\">is_active</span>\": \"<span class=sf-dump-str>1</span>\"
      +\"<span class=sf-dump-public title=\"Runtime added dynamic property\">created_at</span>\": \"<span class=sf-dump-str title=\"23 characters\">2025-10-24 01:41:04.013</span>\"
      +\"<span class=sf-dump-public title=\"Runtime added dynamic property\">updated_at</span>\": \"<span class=sf-dump-str title=\"23 characters\">2025-10-30 00:52:32.323</span>\"
    </samp>}
    <span class=sf-dump-index>6</span> => {<a class=sf-dump-ref>#4494</a><samp data-depth=3 class=sf-dump-compact>
      +\"<span class=sf-dump-public title=\"Runtime added dynamic property\">id</span>\": \"<span class=sf-dump-str title=\"2 characters\">12</span>\"
      +\"<span class=sf-dump-public title=\"Runtime added dynamic property\">name</span>\": \"<span class=sf-dump-str title=\"4 characters\">City</span>\"
      +\"<span class=sf-dump-public title=\"Runtime added dynamic property\">slug</span>\": \"<span class=sf-dump-str title=\"4 characters\">city</span>\"
      +\"<span class=sf-dump-public title=\"Runtime added dynamic property\">is_active</span>\": \"<span class=sf-dump-str>1</span>\"
      +\"<span class=sf-dump-public title=\"Runtime added dynamic property\">created_at</span>\": \"<span class=sf-dump-str title=\"23 characters\">2025-10-24 01:41:04.013</span>\"
      +\"<span class=sf-dump-public title=\"Runtime added dynamic property\">updated_at</span>\": \"<span class=sf-dump-str title=\"23 characters\">2025-10-30 00:52:32.323</span>\"
    </samp>}
    <span class=sf-dump-index>7</span> => {<a class=sf-dump-ref>#4495</a><samp data-depth=3 class=sf-dump-compact>
      +\"<span class=sf-dump-public title=\"Runtime added dynamic property\">id</span>\": \"<span class=sf-dump-str title=\"2 characters\">13</span>\"
      +\"<span class=sf-dump-public title=\"Runtime added dynamic property\">name</span>\": \"<span class=sf-dump-str title=\"13 characters\">City District</span>\"
      +\"<span class=sf-dump-public title=\"Runtime added dynamic property\">slug</span>\": \"<span class=sf-dump-str title=\"13 characters\">city-district</span>\"
      +\"<span class=sf-dump-public title=\"Runtime added dynamic property\">is_active</span>\": \"<span class=sf-dump-str>1</span>\"
      +\"<span class=sf-dump-public title=\"Runtime added dynamic property\">created_at</span>\": \"<span class=sf-dump-str title=\"23 characters\">2025-10-24 01:41:04.013</span>\"
      +\"<span class=sf-dump-public title=\"Runtime added dynamic property\">updated_at</span>\": \"<span class=sf-dump-str title=\"23 characters\">2025-10-30 00:52:32.323</span>\"
    </samp>}
    <span class=sf-dump-index>8</span> => {<a class=sf-dump-ref>#4496</a><samp data-depth=3 class=sf-dump-compact>
      +\"<span class=sf-dump-public title=\"Runtime added dynamic property\">id</span>\": \"<span class=sf-dump-str title=\"2 characters\">14</span>\"
      +\"<span class=sf-dump-public title=\"Runtime added dynamic property\">name</span>\": \"<span class=sf-dump-str title=\"6 characters\">D/Kudu</span>\"
      +\"<span class=sf-dump-public title=\"Runtime added dynamic property\">slug</span>\": \"<span class=sf-dump-str title=\"5 characters\">dkudu</span>\"
      +\"<span class=sf-dump-public title=\"Runtime added dynamic property\">is_active</span>\": \"<span class=sf-dump-str>1</span>\"
      +\"<span class=sf-dump-public title=\"Runtime added dynamic property\">created_at</span>\": \"<span class=sf-dump-str title=\"23 characters\">2025-10-24 01:41:04.013</span>\"
      +\"<span class=sf-dump-public title=\"Runtime added dynamic property\">updated_at</span>\": \"<span class=sf-dump-str title=\"23 characters\">2025-10-24 01:41:04.013</span>\"
    </samp>}
    <span class=sf-dump-index>9</span> => {<a class=sf-dump-ref>#4497</a><samp data-depth=3 class=sf-dump-compact>
      +\"<span class=sf-dump-public title=\"Runtime added dynamic property\">id</span>\": \"<span class=sf-dump-str>1</span>\"
      +\"<span class=sf-dump-public title=\"Runtime added dynamic property\">name</span>\": \"<span class=sf-dump-str title=\"4 characters\">Dala</span>\"
      +\"<span class=sf-dump-public title=\"Runtime added dynamic property\">slug</span>\": \"<span class=sf-dump-str title=\"4 characters\">dala</span>\"
      +\"<span class=sf-dump-public title=\"Runtime added dynamic property\">is_active</span>\": \"<span class=sf-dump-str>1</span>\"
      +\"<span class=sf-dump-public title=\"Runtime added dynamic property\">created_at</span>\": \"<span class=sf-dump-str title=\"23 characters\">2025-10-24 01:41:04.013</span>\"
      +\"<span class=sf-dump-public title=\"Runtime added dynamic property\">updated_at</span>\": \"<span class=sf-dump-str title=\"23 characters\">2025-10-30 00:52:32.323</span>\"
    </samp>}
    <span class=sf-dump-index>10</span> => {<a class=sf-dump-ref>#4498</a><samp data-depth=3 class=sf-dump-compact>
      +\"<span class=sf-dump-public title=\"Runtime added dynamic property\">id</span>\": \"<span class=sf-dump-str title=\"2 characters\">15</span>\"
      +\"<span class=sf-dump-public title=\"Runtime added dynamic property\">name</span>\": \"<span class=sf-dump-str title=\"8 characters\">Dambatta</span>\"
      +\"<span class=sf-dump-public title=\"Runtime added dynamic property\">slug</span>\": \"<span class=sf-dump-str title=\"8 characters\">dambatta</span>\"
      +\"<span class=sf-dump-public title=\"Runtime added dynamic property\">is_active</span>\": \"<span class=sf-dump-str>1</span>\"
      +\"<span class=sf-dump-public title=\"Runtime added dynamic property\">created_at</span>\": \"<span class=sf-dump-str title=\"23 characters\">2025-10-24 01:41:04.013</span>\"
      +\"<span class=sf-dump-public title=\"Runtime added dynamic property\">updated_at</span>\": \"<span class=sf-dump-str title=\"23 characters\">2025-10-30 00:52:32.323</span>\"
    </samp>}
    <span class=sf-dump-index>11</span> => {<a class=sf-dump-ref>#4499</a><samp data-depth=3 class=sf-dump-compact>
      +\"<span class=sf-dump-public title=\"Runtime added dynamic property\">id</span>\": \"<span class=sf-dump-str title=\"2 characters\">16</span>\"
      +\"<span class=sf-dump-public title=\"Runtime added dynamic property\">name</span>\": \"<span class=sf-dump-str title=\"25 characters\">Dan Dinshe Kofar Dawannau</span>\"
      +\"<span class=sf-dump-public title=\"Runtime added dynamic property\">slug</span>\": \"<span class=sf-dump-str title=\"25 characters\">dan-dinshe-kofar-dawannau</span>\"
      +\"<span class=sf-dump-public title=\"Runtime added dynamic property\">is_active</span>\": \"<span class=sf-dump-str>1</span>\"
      +\"<span class=sf-dump-public title=\"Runtime added dynamic property\">created_at</span>\": \"<span class=sf-dump-str title=\"23 characters\">2025-10-24 01:41:04.013</span>\"
      +\"<span class=sf-dump-public title=\"Runtime added dynamic property\">updated_at</span>\": \"<span class=sf-dump-str title=\"23 characters\">2025-10-24 01:41:04.013</span>\"
    </samp>}
    <span class=sf-dump-index>12</span> => {<a class=sf-dump-ref>#4500</a><samp data-depth=3 class=sf-dump-compact>
      +\"<span class=sf-dump-public title=\"Runtime added dynamic property\">id</span>\": \"<span class=sf-dump-str title=\"2 characters\">17</span>\"
      +\"<span class=sf-dump-public title=\"Runtime added dynamic property\">name</span>\": \"<span class=sf-dump-str title=\"8 characters\">Danbatta</span>\"
      +\"<span class=sf-dump-public title=\"Runtime added dynamic property\">slug</span>\": \"<span class=sf-dump-str title=\"8 characters\">danbatta</span>\"
      +\"<span class=sf-dump-public title=\"Runtime added dynamic property\">is_active</span>\": \"<span class=sf-dump-str>1</span>\"
      +\"<span class=sf-dump-public title=\"Runtime added dynamic property\">created_at</span>\": \"<span class=sf-dump-str title=\"23 characters\">2025-10-24 01:41:04.013</span>\"
      +\"<span class=sf-dump-public title=\"Runtime added dynamic property\">updated_at</span>\": \"<span class=sf-dump-str title=\"23 characters\">2025-10-24 01:41:04.013</span>\"
    </samp>}
    <span class=sf-dump-index>13</span> => {<a class=sf-dump-ref>#4501</a><samp data-depth=3 class=sf-dump-compact>
      +\"<span class=sf-dump-public title=\"Runtime added dynamic property\">id</span>\": \"<span class=sf-dump-str>2</span>\"
      +\"<span class=sf-dump-public title=\"Runtime added dynamic property\">name</span>\": \"<span class=sf-dump-str title=\"12 characters\">Dawakin Kudu</span>\"
      +\"<span class=sf-dump-public title=\"Runtime added dynamic property\">slug</span>\": \"<span class=sf-dump-str title=\"12 characters\">dawakin-kudu</span>\"
      +\"<span class=sf-dump-public title=\"Runtime added dynamic property\">is_active</span>\": \"<span class=sf-dump-str>1</span>\"
      +\"<span class=sf-dump-public title=\"Runtime added dynamic property\">created_at</span>\": \"<span class=sf-dump-str title=\"23 characters\">2025-10-24 01:41:04.013</span>\"
      +\"<span class=sf-dump-public title=\"Runtime added dynamic property\">updated_at</span>\": \"<span class=sf-dump-str title=\"23 characters\">2025-10-30 00:52:32.323</span>\"
    </samp>}
    <span class=sf-dump-index>14</span> => {<a class=sf-dump-ref>#4502</a><samp data-depth=3 class=sf-dump-compact>
      +\"<span class=sf-dump-public title=\"Runtime added dynamic property\">id</span>\": \"<span class=sf-dump-str title=\"2 characters\">18</span>\"
      +\"<span class=sf-dump-public title=\"Runtime added dynamic property\">name</span>\": \"<span class=sf-dump-str title=\"21 characters\">Dawakin Kudu District</span>\"
      +\"<span class=sf-dump-public title=\"Runtime added dynamic property\">slug</span>\": \"<span class=sf-dump-str title=\"21 characters\">dawakin-kudu-district</span>\"
      +\"<span class=sf-dump-public title=\"Runtime added dynamic property\">is_active</span>\": \"<span class=sf-dump-str>1</span>\"
      +\"<span class=sf-dump-public title=\"Runtime added dynamic property\">created_at</span>\": \"<span class=sf-dump-str title=\"23 characters\">2025-10-24 01:41:04.013</span>\"
      +\"<span class=sf-dump-public title=\"Runtime added dynamic property\">updated_at</span>\": \"<span class=sf-dump-str title=\"23 characters\">2025-10-24 01:41:04.013</span>\"
    </samp>}
    <span class=sf-dump-index>15</span> => {<a class=sf-dump-ref>#4503</a><samp data-depth=3 class=sf-dump-compact>
      +\"<span class=sf-dump-public title=\"Runtime added dynamic property\">id</span>\": \"<span class=sf-dump-str title=\"2 characters\">19</span>\"
      +\"<span class=sf-dump-public title=\"Runtime added dynamic property\">name</span>\": \"<span class=sf-dump-str title=\"12 characters\">Dawakin Tofa</span>\"
      +\"<span class=sf-dump-public title=\"Runtime added dynamic property\">slug</span>\": \"<span class=sf-dump-str title=\"12 characters\">dawakin-tofa</span>\"
      +\"<span class=sf-dump-public title=\"Runtime added dynamic property\">is_active</span>\": \"<span class=sf-dump-str>1</span>\"
      +\"<span class=sf-dump-public title=\"Runtime added dynamic property\">created_at</span>\": \"<span class=sf-dump-str title=\"23 characters\">2025-10-24 01:41:04.013</span>\"
      +\"<span class=sf-dump-public title=\"Runtime added dynamic property\">updated_at</span>\": \"<span class=sf-dump-str title=\"23 characters\">2025-10-30 00:52:32.323</span>\"
    </samp>}
    <span class=sf-dump-index>16</span> => {<a class=sf-dump-ref>#4504</a><samp data-depth=3 class=sf-dump-compact>
      +\"<span class=sf-dump-public title=\"Runtime added dynamic property\">id</span>\": \"<span class=sf-dump-str title=\"2 characters\">20</span>\"
      +\"<span class=sf-dump-public title=\"Runtime added dynamic property\">name</span>\": \"<span class=sf-dump-str title=\"12 characters\">Dawakin-Kudu</span>\"
      +\"<span class=sf-dump-public title=\"Runtime added dynamic property\">slug</span>\": \"<span class=sf-dump-str title=\"12 characters\">dawakin-kudu</span>\"
      +\"<span class=sf-dump-public title=\"Runtime added dynamic property\">is_active</span>\": \"<span class=sf-dump-str>1</span>\"
      +\"<span class=sf-dump-public title=\"Runtime added dynamic property\">created_at</span>\": \"<span class=sf-dump-str title=\"23 characters\">2025-10-24 01:41:04.013</span>\"
      +\"<span class=sf-dump-public title=\"Runtime added dynamic property\">updated_at</span>\": \"<span class=sf-dump-str title=\"23 characters\">2025-10-24 01:41:04.013</span>\"
    </samp>}
    <span class=sf-dump-index>17</span> => {<a class=sf-dump-ref>#4505</a><samp data-depth=3 class=sf-dump-compact>
      +\"<span class=sf-dump-public title=\"Runtime added dynamic property\">id</span>\": \"<span class=sf-dump-str title=\"2 characters\">21</span>\"
      +\"<span class=sf-dump-public title=\"Runtime added dynamic property\">name</span>\": \"<span class=sf-dump-str title=\"12 characters\">Dawakin-Tofa</span>\"
      +\"<span class=sf-dump-public title=\"Runtime added dynamic property\">slug</span>\": \"<span class=sf-dump-str title=\"12 characters\">dawakin-tofa</span>\"
      +\"<span class=sf-dump-public title=\"Runtime added dynamic property\">is_active</span>\": \"<span class=sf-dump-str>1</span>\"
      +\"<span class=sf-dump-public title=\"Runtime added dynamic property\">created_at</span>\": \"<span class=sf-dump-str title=\"23 characters\">2025-10-24 01:41:04.013</span>\"
      +\"<span class=sf-dump-public title=\"Runtime added dynamic property\">updated_at</span>\": \"<span class=sf-dump-str title=\"23 characters\">2025-10-24 01:41:04.013</span>\"
    </samp>}
    <span class=sf-dump-index>18</span> => {<a class=sf-dump-ref>#4506</a><samp data-depth=3 class=sf-dump-compact>
      +\"<span class=sf-dump-public title=\"Runtime added dynamic property\">id</span>\": \"<span class=sf-dump-str title=\"2 characters\">22</span>\"
      +\"<span class=sf-dump-public title=\"Runtime added dynamic property\">name</span>\": \"<span class=sf-dump-str title=\"12 characters\">Dawanau Tofa</span>\"
      +\"<span class=sf-dump-public title=\"Runtime added dynamic property\">slug</span>\": \"<span class=sf-dump-str title=\"12 characters\">dawanau-tofa</span>\"
      +\"<span class=sf-dump-public title=\"Runtime added dynamic property\">is_active</span>\": \"<span class=sf-dump-str>1</span>\"
      +\"<span class=sf-dump-public title=\"Runtime added dynamic property\">created_at</span>\": \"<span class=sf-dump-str title=\"23 characters\">2025-10-24 01:41:04.013</span>\"
      +\"<span class=sf-dump-public title=\"Runtime added dynamic property\">updated_at</span>\": \"<span class=sf-dump-str title=\"23 characters\">2025-10-24 01:41:04.013</span>\"
    </samp>}
    <span class=sf-dump-index>19</span> => {<a class=sf-dump-ref>#4507</a><samp data-depth=3 class=sf-dump-compact>
      +\"<span class=sf-dump-public title=\"Runtime added dynamic property\">id</span>\": \"<span class=sf-dump-str title=\"2 characters\">23</span>\"
      +\"<span class=sf-dump-public title=\"Runtime added dynamic property\">name</span>\": \"<span class=sf-dump-str title=\"6 characters\">Doguwa</span>\"
      +\"<span class=sf-dump-public title=\"Runtime added dynamic property\">slug</span>\": \"<span class=sf-dump-str title=\"6 characters\">doguwa</span>\"
      +\"<span class=sf-dump-public title=\"Runtime added dynamic property\">is_active</span>\": \"<span class=sf-dump-str>1</span>\"
      +\"<span class=sf-dump-public title=\"Runtime added dynamic property\">created_at</span>\": \"<span class=sf-dump-str title=\"23 characters\">2025-10-24 01:41:04.013</span>\"
      +\"<span class=sf-dump-public title=\"Runtime added dynamic property\">updated_at</span>\": \"<span class=sf-dump-str title=\"23 characters\">2025-10-30 00:52:32.323</span>\"
    </samp>}
    <span class=sf-dump-index>20</span> => {<a class=sf-dump-ref>#4508</a><samp data-depth=3 class=sf-dump-compact>
      +\"<span class=sf-dump-public title=\"Runtime added dynamic property\">id</span>\": \"<span class=sf-dump-str title=\"2 characters\">24</span>\"
      +\"<span class=sf-dump-public title=\"Runtime added dynamic property\">name</span>\": \"<span class=sf-dump-str title=\"13 characters\">Dorayi Karama</span>\"
      +\"<span class=sf-dump-public title=\"Runtime added dynamic property\">slug</span>\": \"<span class=sf-dump-str title=\"13 characters\">dorayi-karama</span>\"
      +\"<span class=sf-dump-public title=\"Runtime added dynamic property\">is_active</span>\": \"<span class=sf-dump-str>1</span>\"
      +\"<span class=sf-dump-public title=\"Runtime added dynamic property\">created_at</span>\": \"<span class=sf-dump-str title=\"23 characters\">2025-10-24 01:41:04.013</span>\"
      +\"<span class=sf-dump-public title=\"Runtime added dynamic property\">updated_at</span>\": \"<span class=sf-dump-str title=\"23 characters\">2025-10-30 00:52:32.323</span>\"
    </samp>}
    <span class=sf-dump-index>21</span> => {<a class=sf-dump-ref>#4509</a><samp data-depth=3 class=sf-dump-compact>
      +\"<span class=sf-dump-public title=\"Runtime added dynamic property\">id</span>\": \"<span class=sf-dump-str>3</span>\"
      +\"<span class=sf-dump-public title=\"Runtime added dynamic property\">name</span>\": \"<span class=sf-dump-str title=\"5 characters\">Fagge</span>\"
      +\"<span class=sf-dump-public title=\"Runtime added dynamic property\">slug</span>\": \"<span class=sf-dump-str title=\"5 characters\">fagge</span>\"
      +\"<span class=sf-dump-public title=\"Runtime added dynamic property\">is_active</span>\": \"<span class=sf-dump-str>1</span>\"
      +\"<span class=sf-dump-public title=\"Runtime added dynamic property\">created_at</span>\": \"<span class=sf-dump-str title=\"23 characters\">2025-10-24 01:41:04.013</span>\"
      +\"<span class=sf-dump-public title=\"Runtime added dynamic property\">updated_at</span>\": \"<span class=sf-dump-str title=\"23 characters\">2025-10-30 00:52:32.323</span>\"
    </samp>}
    <span class=sf-dump-index>22</span> => {<a class=sf-dump-ref>#4510</a><samp data-depth=3 class=sf-dump-compact>
      +\"<span class=sf-dump-public title=\"Runtime added dynamic property\">id</span>\": \"<span class=sf-dump-str title=\"2 characters\">25</span>\"
      +\"<span class=sf-dump-public title=\"Runtime added dynamic property\">name</span>\": \"<span class=sf-dump-str title=\"8 characters\">Gabasawa</span>\"
      +\"<span class=sf-dump-public title=\"Runtime added dynamic property\">slug</span>\": \"<span class=sf-dump-str title=\"8 characters\">gabasawa</span>\"
      +\"<span class=sf-dump-public title=\"Runtime added dynamic property\">is_active</span>\": \"<span class=sf-dump-str>1</span>\"
      +\"<span class=sf-dump-public title=\"Runtime added dynamic property\">created_at</span>\": \"<span class=sf-dump-str title=\"23 characters\">2025-10-24 01:41:04.013</span>\"
      +\"<span class=sf-dump-public title=\"Runtime added dynamic property\">updated_at</span>\": \"<span class=sf-dump-str title=\"23 characters\">2025-10-30 00:52:32.323</span>\"
    </samp>}
    <span class=sf-dump-index>23</span> => {<a class=sf-dump-ref>#4511</a><samp data-depth=3 class=sf-dump-compact>
      +\"<span class=sf-dump-public title=\"Runtime added dynamic property\">id</span>\": \"<span class=sf-dump-str title=\"2 characters\">26</span>\"
      +\"<span class=sf-dump-public title=\"Runtime added dynamic property\">name</span>\": \"<span class=sf-dump-str title=\"5 characters\">Garko</span>\"
      +\"<span class=sf-dump-public title=\"Runtime added dynamic property\">slug</span>\": \"<span class=sf-dump-str title=\"5 characters\">garko</span>\"
      +\"<span class=sf-dump-public title=\"Runtime added dynamic property\">is_active</span>\": \"<span class=sf-dump-str>1</span>\"
      +\"<span class=sf-dump-public title=\"Runtime added dynamic property\">created_at</span>\": \"<span class=sf-dump-str title=\"23 characters\">2025-10-24 01:41:04.013</span>\"
      +\"<span class=sf-dump-public title=\"Runtime added dynamic property\">updated_at</span>\": \"<span class=sf-dump-str title=\"23 characters\">2025-10-30 00:52:32.323</span>\"
    </samp>}
    <span class=sf-dump-index>24</span> => {<a class=sf-dump-ref>#4512</a><samp data-depth=3 class=sf-dump-compact>
      +\"<span class=sf-dump-public title=\"Runtime added dynamic property\">id</span>\": \"<span class=sf-dump-str title=\"2 characters\">27</span>\"
      +\"<span class=sf-dump-public title=\"Runtime added dynamic property\">name</span>\": \"<span class=sf-dump-str title=\"11 characters\">Garun Malam</span>\"
      +\"<span class=sf-dump-public title=\"Runtime added dynamic property\">slug</span>\": \"<span class=sf-dump-str title=\"11 characters\">garun-malam</span>\"
      +\"<span class=sf-dump-public title=\"Runtime added dynamic property\">is_active</span>\": \"<span class=sf-dump-str>1</span>\"
      +\"<span class=sf-dump-public title=\"Runtime added dynamic property\">created_at</span>\": \"<span class=sf-dump-str title=\"23 characters\">2025-10-24 01:41:04.013</span>\"
      +\"<span class=sf-dump-public title=\"Runtime added dynamic property\">updated_at</span>\": \"<span class=sf-dump-str title=\"23 characters\">2025-10-24 01:41:04.013</span>\"
    </samp>}
    <span class=sf-dump-index>25</span> => {<a class=sf-dump-ref>#4513</a><samp data-depth=3 class=sf-dump-compact>
      +\"<span class=sf-dump-public title=\"Runtime added dynamic property\">id</span>\": \"<span class=sf-dump-str title=\"2 characters\">28</span>\"
      +\"<span class=sf-dump-public title=\"Runtime added dynamic property\">name</span>\": \"<span class=sf-dump-str title=\"12 characters\">Garun Mallam</span>\"
      +\"<span class=sf-dump-public title=\"Runtime added dynamic property\">slug</span>\": \"<span class=sf-dump-str title=\"12 characters\">garun-mallam</span>\"
      +\"<span class=sf-dump-public title=\"Runtime added dynamic property\">is_active</span>\": \"<span class=sf-dump-str>1</span>\"
      +\"<span class=sf-dump-public title=\"Runtime added dynamic property\">created_at</span>\": \"<span class=sf-dump-str title=\"23 characters\">2025-10-24 01:41:04.013</span>\"
      +\"<span class=sf-dump-public title=\"Runtime added dynamic property\">updated_at</span>\": \"<span class=sf-dump-str title=\"23 characters\">2025-10-30 00:52:32.323</span>\"
    </samp>}
    <span class=sf-dump-index>26</span> => {<a class=sf-dump-ref>#4514</a><samp data-depth=3 class=sf-dump-compact>
      +\"<span class=sf-dump-public title=\"Runtime added dynamic property\">id</span>\": \"<span class=sf-dump-str title=\"2 characters\">29</span>\"
      +\"<span class=sf-dump-public title=\"Runtime added dynamic property\">name</span>\": \"<span class=sf-dump-str title=\"4 characters\">Gaya</span>\"
      +\"<span class=sf-dump-public title=\"Runtime added dynamic property\">slug</span>\": \"<span class=sf-dump-str title=\"4 characters\">gaya</span>\"
      +\"<span class=sf-dump-public title=\"Runtime added dynamic property\">is_active</span>\": \"<span class=sf-dump-str>1</span>\"
      +\"<span class=sf-dump-public title=\"Runtime added dynamic property\">created_at</span>\": \"<span class=sf-dump-str title=\"23 characters\">2025-10-24 01:41:04.013</span>\"
      +\"<span class=sf-dump-public title=\"Runtime added dynamic property\">updated_at</span>\": \"<span class=sf-dump-str title=\"23 characters\">2025-10-30 00:52:32.323</span>\"
    </samp>}
    <span class=sf-dump-index>27</span> => {<a class=sf-dump-ref>#4515</a><samp data-depth=3 class=sf-dump-compact>
      +\"<span class=sf-dump-public title=\"Runtime added dynamic property\">id</span>\": \"<span class=sf-dump-str title=\"2 characters\">30</span>\"
      +\"<span class=sf-dump-public title=\"Runtime added dynamic property\">name</span>\": \"<span class=sf-dump-str title=\"6 characters\">Gezawa</span>\"
      +\"<span class=sf-dump-public title=\"Runtime added dynamic property\">slug</span>\": \"<span class=sf-dump-str title=\"6 characters\">gezawa</span>\"
      +\"<span class=sf-dump-public title=\"Runtime added dynamic property\">is_active</span>\": \"<span class=sf-dump-str>1</span>\"
      +\"<span class=sf-dump-public title=\"Runtime added dynamic property\">created_at</span>\": \"<span class=sf-dump-str title=\"23 characters\">2025-10-24 01:41:04.013</span>\"
      +\"<span class=sf-dump-public title=\"Runtime added dynamic property\">updated_at</span>\": \"<span class=sf-dump-str title=\"23 characters\">2025-10-30 00:52:32.323</span>\"
    </samp>}
    <span class=sf-dump-index>28</span> => {<a class=sf-dump-ref>#4516</a><samp data-depth=3 class=sf-dump-compact>
      +\"<span class=sf-dump-public title=\"Runtime added dynamic property\">id</span>\": \"<span class=sf-dump-str title=\"2 characters\">31</span>\"
      +\"<span class=sf-dump-public title=\"Runtime added dynamic property\">name</span>\": \"<span class=sf-dump-str title=\"5 characters\">Gwala</span>\"
      +\"<span class=sf-dump-public title=\"Runtime added dynamic property\">slug</span>\": \"<span class=sf-dump-str title=\"5 characters\">gwala</span>\"
      +\"<span class=sf-dump-public title=\"Runtime added dynamic property\">is_active</span>\": \"<span class=sf-dump-str>1</span>\"
      +\"<span class=sf-dump-public title=\"Runtime added dynamic property\">created_at</span>\": \"<span class=sf-dump-str title=\"23 characters\">2025-10-24 01:41:04.013</span>\"
      +\"<span class=sf-dump-public title=\"Runtime added dynamic property\">updated_at</span>\": \"<span class=sf-dump-str title=\"23 characters\">2025-10-24 01:41:04.013</span>\"
    </samp>}
    <span class=sf-dump-index>29</span> => {<a class=sf-dump-ref>#4517</a><samp data-depth=3 class=sf-dump-compact>
      +\"<span class=sf-dump-public title=\"Runtime added dynamic property\">id</span>\": \"<span class=sf-dump-str>4</span>\"
      +\"<span class=sf-dump-public title=\"Runtime added dynamic property\">name</span>\": \"<span class=sf-dump-str title=\"5 characters\">Gwale</span>\"
      +\"<span class=sf-dump-public title=\"Runtime added dynamic property\">slug</span>\": \"<span class=sf-dump-str title=\"5 characters\">gwale</span>\"
      +\"<span class=sf-dump-public title=\"Runtime added dynamic property\">is_active</span>\": \"<span class=sf-dump-str>1</span>\"
      +\"<span class=sf-dump-public title=\"Runtime added dynamic property\">created_at</span>\": \"<span class=sf-dump-str title=\"23 characters\">2025-10-24 01:41:04.013</span>\"
      +\"<span class=sf-dump-public title=\"Runtime added dynamic property\">updated_at</span>\": \"<span class=sf-dump-str title=\"23 characters\">2025-10-30 00:52:32.323</span>\"
    </samp>}
    <span class=sf-dump-index>30</span> => {<a class=sf-dump-ref>#4518</a><samp data-depth=3 class=sf-dump-compact>
      +\"<span class=sf-dump-public title=\"Runtime added dynamic property\">id</span>\": \"<span class=sf-dump-str title=\"2 characters\">32</span>\"
      +\"<span class=sf-dump-public title=\"Runtime added dynamic property\">name</span>\": \"<span class=sf-dump-str title=\"14 characters\">Gwale District</span>\"
      +\"<span class=sf-dump-public title=\"Runtime added dynamic property\">slug</span>\": \"<span class=sf-dump-str title=\"14 characters\">gwale-district</span>\"
      +\"<span class=sf-dump-public title=\"Runtime added dynamic property\">is_active</span>\": \"<span class=sf-dump-str>1</span>\"
      +\"<span class=sf-dump-public title=\"Runtime added dynamic property\">created_at</span>\": \"<span class=sf-dump-str title=\"23 characters\">2025-10-24 01:41:04.013</span>\"
      +\"<span class=sf-dump-public title=\"Runtime added dynamic property\">updated_at</span>\": \"<span class=sf-dump-str title=\"23 characters\">2025-10-24 01:41:04.013</span>\"
    </samp>}
    <span class=sf-dump-index>31</span> => {<a class=sf-dump-ref>#4519</a><samp data-depth=3 class=sf-dump-compact>
      +\"<span class=sf-dump-public title=\"Runtime added dynamic property\">id</span>\": \"<span class=sf-dump-str title=\"2 characters\">33</span>\"
      +\"<span class=sf-dump-public title=\"Runtime added dynamic property\">name</span>\": \"<span class=sf-dump-str title=\"7 characters\">Gwamaja</span>\"
      +\"<span class=sf-dump-public title=\"Runtime added dynamic property\">slug</span>\": \"<span class=sf-dump-str title=\"7 characters\">gwamaja</span>\"
      +\"<span class=sf-dump-public title=\"Runtime added dynamic property\">is_active</span>\": \"<span class=sf-dump-str>1</span>\"
      +\"<span class=sf-dump-public title=\"Runtime added dynamic property\">created_at</span>\": \"<span class=sf-dump-str title=\"23 characters\">2025-10-24 01:41:04.013</span>\"
      +\"<span class=sf-dump-public title=\"Runtime added dynamic property\">updated_at</span>\": \"<span class=sf-dump-str title=\"23 characters\">2025-10-30 00:52:32.323</span>\"
    </samp>}
    <span class=sf-dump-index>32</span> => {<a class=sf-dump-ref>#4520</a><samp data-depth=3 class=sf-dump-compact>
      +\"<span class=sf-dump-public title=\"Runtime added dynamic property\">id</span>\": \"<span class=sf-dump-str title=\"2 characters\">34</span>\"
      +\"<span class=sf-dump-public title=\"Runtime added dynamic property\">name</span>\": \"<span class=sf-dump-str title=\"6 characters\">Gwarzo</span>\"
      +\"<span class=sf-dump-public title=\"Runtime added dynamic property\">slug</span>\": \"<span class=sf-dump-str title=\"6 characters\">gwarzo</span>\"
      +\"<span class=sf-dump-public title=\"Runtime added dynamic property\">is_active</span>\": \"<span class=sf-dump-str>1</span>\"
      +\"<span class=sf-dump-public title=\"Runtime added dynamic property\">created_at</span>\": \"<span class=sf-dump-str title=\"23 characters\">2025-10-24 01:41:04.013</span>\"
      +\"<span class=sf-dump-public title=\"Runtime added dynamic property\">updated_at</span>\": \"<span class=sf-dump-str title=\"23 characters\">2025-10-30 00:52:32.323</span>\"
    </samp>}
    <span class=sf-dump-index>33</span> => {<a class=sf-dump-ref>#4521</a><samp data-depth=3 class=sf-dump-compact>
      +\"<span class=sf-dump-public title=\"Runtime added dynamic property\">id</span>\": \"<span class=sf-dump-str title=\"2 characters\">35</span>\"
      +\"<span class=sf-dump-public title=\"Runtime added dynamic property\">name</span>\": \"<span class=sf-dump-str title=\"7 characters\">Hausawa</span>\"
      +\"<span class=sf-dump-public title=\"Runtime added dynamic property\">slug</span>\": \"<span class=sf-dump-str title=\"7 characters\">hausawa</span>\"
      +\"<span class=sf-dump-public title=\"Runtime added dynamic property\">is_active</span>\": \"<span class=sf-dump-str>1</span>\"
      +\"<span class=sf-dump-public title=\"Runtime added dynamic property\">created_at</span>\": \"<span class=sf-dump-str title=\"23 characters\">2025-10-24 01:41:04.013</span>\"
      +\"<span class=sf-dump-public title=\"Runtime added dynamic property\">updated_at</span>\": \"<span class=sf-dump-str title=\"23 characters\">2025-10-30 00:52:32.323</span>\"
    </samp>}
    <span class=sf-dump-index>34</span> => {<a class=sf-dump-ref>#4522</a><samp data-depth=3 class=sf-dump-compact>
      +\"<span class=sf-dump-public title=\"Runtime added dynamic property\">id</span>\": \"<span class=sf-dump-str title=\"2 characters\">36</span>\"
      +\"<span class=sf-dump-public title=\"Runtime added dynamic property\">name</span>\": \"<span class=sf-dump-str title=\"7 characters\">Inubawa</span>\"
      +\"<span class=sf-dump-public title=\"Runtime added dynamic property\">slug</span>\": \"<span class=sf-dump-str title=\"7 characters\">inubawa</span>\"
      +\"<span class=sf-dump-public title=\"Runtime added dynamic property\">is_active</span>\": \"<span class=sf-dump-str>1</span>\"
      +\"<span class=sf-dump-public title=\"Runtime added dynamic property\">created_at</span>\": \"<span class=sf-dump-str title=\"23 characters\">2025-10-24 01:41:04.013</span>\"
      +\"<span class=sf-dump-public title=\"Runtime added dynamic property\">updated_at</span>\": \"<span class=sf-dump-str title=\"23 characters\">2025-10-30 00:52:32.323</span>\"
    </samp>}
    <span class=sf-dump-index>35</span> => {<a class=sf-dump-ref>#4523</a><samp data-depth=3 class=sf-dump-compact>
      +\"<span class=sf-dump-public title=\"Runtime added dynamic property\">id</span>\": \"<span class=sf-dump-str title=\"2 characters\">37</span>\"
      +\"<span class=sf-dump-public title=\"Runtime added dynamic property\">name</span>\": \"<span class=sf-dump-str title=\"4 characters\">Kabo</span>\"
      +\"<span class=sf-dump-public title=\"Runtime added dynamic property\">slug</span>\": \"<span class=sf-dump-str title=\"4 characters\">kabo</span>\"
      +\"<span class=sf-dump-public title=\"Runtime added dynamic property\">is_active</span>\": \"<span class=sf-dump-str>1</span>\"
      +\"<span class=sf-dump-public title=\"Runtime added dynamic property\">created_at</span>\": \"<span class=sf-dump-str title=\"23 characters\">2025-10-24 01:41:04.013</span>\"
      +\"<span class=sf-dump-public title=\"Runtime added dynamic property\">updated_at</span>\": \"<span class=sf-dump-str title=\"23 characters\">2025-10-30 00:52:32.323</span>\"
    </samp>}
    <span class=sf-dump-index>36</span> => {<a class=sf-dump-ref>#4524</a><samp data-depth=3 class=sf-dump-compact>
      +\"<span class=sf-dump-public title=\"Runtime added dynamic property\">id</span>\": \"<span class=sf-dump-str title=\"2 characters\">38</span>\"
      +\"<span class=sf-dump-public title=\"Runtime added dynamic property\">name</span>\": \"<span class=sf-dump-str title=\"9 characters\">Kano City</span>\"
      +\"<span class=sf-dump-public title=\"Runtime added dynamic property\">slug</span>\": \"<span class=sf-dump-str title=\"9 characters\">kano-city</span>\"
      +\"<span class=sf-dump-public title=\"Runtime added dynamic property\">is_active</span>\": \"<span class=sf-dump-str>1</span>\"
      +\"<span class=sf-dump-public title=\"Runtime added dynamic property\">created_at</span>\": \"<span class=sf-dump-str title=\"23 characters\">2025-10-24 01:41:04.013</span>\"
      +\"<span class=sf-dump-public title=\"Runtime added dynamic property\">updated_at</span>\": \"<span class=sf-dump-str title=\"23 characters\">2025-10-30 00:52:32.323</span>\"
    </samp>}
    <span class=sf-dump-index>37</span> => {<a class=sf-dump-ref>#4525</a><samp data-depth=3 class=sf-dump-compact>
      +\"<span class=sf-dump-public title=\"Runtime added dynamic property\">id</span>\": \"<span class=sf-dump-str title=\"2 characters\">39</span>\"
      +\"<span class=sf-dump-public title=\"Runtime added dynamic property\">name</span>\": \"<span class=sf-dump-str title=\"14 characters\">Kano Municipal</span>\"
      +\"<span class=sf-dump-public title=\"Runtime added dynamic property\">slug</span>\": \"<span class=sf-dump-str title=\"14 characters\">kano-municipal</span>\"
      +\"<span class=sf-dump-public title=\"Runtime added dynamic property\">is_active</span>\": \"<span class=sf-dump-str>1</span>\"
      +\"<span class=sf-dump-public title=\"Runtime added dynamic property\">created_at</span>\": \"<span class=sf-dump-str title=\"23 characters\">2025-10-24 01:41:04.013</span>\"
      +\"<span class=sf-dump-public title=\"Runtime added dynamic property\">updated_at</span>\": \"<span class=sf-dump-str title=\"23 characters\">2025-10-30 00:52:32.323</span>\"
    </samp>}
    <span class=sf-dump-index>38</span> => {<a class=sf-dump-ref>#4526</a><samp data-depth=3 class=sf-dump-compact>
      +\"<span class=sf-dump-public title=\"Runtime added dynamic property\">id</span>\": \"<span class=sf-dump-str title=\"2 characters\">40</span>\"
      +\"<span class=sf-dump-public title=\"Runtime added dynamic property\">name</span>\": \"<span class=sf-dump-str title=\"19 characters\">Kano Municipal City</span>\"
      +\"<span class=sf-dump-public title=\"Runtime added dynamic property\">slug</span>\": \"<span class=sf-dump-str title=\"19 characters\">kano-municipal-city</span>\"
      +\"<span class=sf-dump-public title=\"Runtime added dynamic property\">is_active</span>\": \"<span class=sf-dump-str>1</span>\"
      +\"<span class=sf-dump-public title=\"Runtime added dynamic property\">created_at</span>\": \"<span class=sf-dump-str title=\"23 characters\">2025-10-24 01:41:04.013</span>\"
      +\"<span class=sf-dump-public title=\"Runtime added dynamic property\">updated_at</span>\": \"<span class=sf-dump-str title=\"23 characters\">2025-10-24 01:41:04.013</span>\"
    </samp>}
    <span class=sf-dump-index>39</span> => {<a class=sf-dump-ref>#4527</a><samp data-depth=3 class=sf-dump-compact>
      +\"<span class=sf-dump-public title=\"Runtime added dynamic property\">id</span>\": \"<span class=sf-dump-str title=\"2 characters\">41</span>\"
      +\"<span class=sf-dump-public title=\"Runtime added dynamic property\">name</span>\": \"<span class=sf-dump-str title=\"10 characters\">Kano State</span>\"
      +\"<span class=sf-dump-public title=\"Runtime added dynamic property\">slug</span>\": \"<span class=sf-dump-str title=\"10 characters\">kano-state</span>\"
      +\"<span class=sf-dump-public title=\"Runtime added dynamic property\">is_active</span>\": \"<span class=sf-dump-str>1</span>\"
      +\"<span class=sf-dump-public title=\"Runtime added dynamic property\">created_at</span>\": \"<span class=sf-dump-str title=\"23 characters\">2025-10-24 01:41:04.013</span>\"
      +\"<span class=sf-dump-public title=\"Runtime added dynamic property\">updated_at</span>\": \"<span class=sf-dump-str title=\"23 characters\">2025-10-24 01:41:04.013</span>\"
    </samp>}
    <span class=sf-dump-index>40</span> => {<a class=sf-dump-ref>#4528</a><samp data-depth=3 class=sf-dump-compact>
      +\"<span class=sf-dump-public title=\"Runtime added dynamic property\">id</span>\": \"<span class=sf-dump-str title=\"2 characters\">42</span>\"
      +\"<span class=sf-dump-public title=\"Runtime added dynamic property\">name</span>\": \"<span class=sf-dump-str title=\"9 characters\">Kano-City</span>\"
      +\"<span class=sf-dump-public title=\"Runtime added dynamic property\">slug</span>\": \"<span class=sf-dump-str title=\"9 characters\">kano-city</span>\"
      +\"<span class=sf-dump-public title=\"Runtime added dynamic property\">is_active</span>\": \"<span class=sf-dump-str>1</span>\"
      +\"<span class=sf-dump-public title=\"Runtime added dynamic property\">created_at</span>\": \"<span class=sf-dump-str title=\"23 characters\">2025-10-24 01:41:04.013</span>\"
      +\"<span class=sf-dump-public title=\"Runtime added dynamic property\">updated_at</span>\": \"<span class=sf-dump-str title=\"23 characters\">2025-10-24 01:41:04.013</span>\"
    </samp>}
    <span class=sf-dump-index>41</span> => {<a class=sf-dump-ref>#4529</a><samp data-depth=3 class=sf-dump-compact>
      +\"<span class=sf-dump-public title=\"Runtime added dynamic property\">id</span>\": \"<span class=sf-dump-str title=\"2 characters\">43</span>\"
      +\"<span class=sf-dump-public title=\"Runtime added dynamic property\">name</span>\": \"<span class=sf-dump-str title=\"6 characters\">Karaye</span>\"
      +\"<span class=sf-dump-public title=\"Runtime added dynamic property\">slug</span>\": \"<span class=sf-dump-str title=\"6 characters\">karaye</span>\"
      +\"<span class=sf-dump-public title=\"Runtime added dynamic property\">is_active</span>\": \"<span class=sf-dump-str>1</span>\"
      +\"<span class=sf-dump-public title=\"Runtime added dynamic property\">created_at</span>\": \"<span class=sf-dump-str title=\"23 characters\">2025-10-24 01:41:04.013</span>\"
      +\"<span class=sf-dump-public title=\"Runtime added dynamic property\">updated_at</span>\": \"<span class=sf-dump-str title=\"23 characters\">2025-10-30 00:52:32.323</span>\"
    </samp>}
    <span class=sf-dump-index>42</span> => {<a class=sf-dump-ref>#4530</a><samp data-depth=3 class=sf-dump-compact>
      +\"<span class=sf-dump-public title=\"Runtime added dynamic property\">id</span>\": \"<span class=sf-dump-str title=\"2 characters\">44</span>\"
      +\"<span class=sf-dump-public title=\"Runtime added dynamic property\">name</span>\": \"<span class=sf-dump-str title=\"6 characters\">Kibiya</span>\"
      +\"<span class=sf-dump-public title=\"Runtime added dynamic property\">slug</span>\": \"<span class=sf-dump-str title=\"6 characters\">kibiya</span>\"
      +\"<span class=sf-dump-public title=\"Runtime added dynamic property\">is_active</span>\": \"<span class=sf-dump-str>1</span>\"
      +\"<span class=sf-dump-public title=\"Runtime added dynamic property\">created_at</span>\": \"<span class=sf-dump-str title=\"23 characters\">2025-10-24 01:41:04.013</span>\"
      +\"<span class=sf-dump-public title=\"Runtime added dynamic property\">updated_at</span>\": \"<span class=sf-dump-str title=\"23 characters\">2025-10-30 00:52:32.323</span>\"
    </samp>}
    <span class=sf-dump-index>43</span> => {<a class=sf-dump-ref>#4531</a><samp data-depth=3 class=sf-dump-compact>
      +\"<span class=sf-dump-public title=\"Runtime added dynamic property\">id</span>\": \"<span class=sf-dump-str title=\"2 characters\">45</span>\"
      +\"<span class=sf-dump-public title=\"Runtime added dynamic property\">name</span>\": \"<span class=sf-dump-str title=\"8 characters\">Kimbotso</span>\"
      +\"<span class=sf-dump-public title=\"Runtime added dynamic property\">slug</span>\": \"<span class=sf-dump-str title=\"8 characters\">kimbotso</span>\"
      +\"<span class=sf-dump-public title=\"Runtime added dynamic property\">is_active</span>\": \"<span class=sf-dump-str>1</span>\"
      +\"<span class=sf-dump-public title=\"Runtime added dynamic property\">created_at</span>\": \"<span class=sf-dump-str title=\"23 characters\">2025-10-24 01:41:04.013</span>\"
      +\"<span class=sf-dump-public title=\"Runtime added dynamic property\">updated_at</span>\": \"<span class=sf-dump-str title=\"23 characters\">2025-10-24 01:41:04.013</span>\"
    </samp>}
    <span class=sf-dump-index>44</span> => {<a class=sf-dump-ref>#4532</a><samp data-depth=3 class=sf-dump-compact>
      +\"<span class=sf-dump-public title=\"Runtime added dynamic property\">id</span>\": \"<span class=sf-dump-str title=\"2 characters\">46</span>\"
      +\"<span class=sf-dump-public title=\"Runtime added dynamic property\">name</span>\": \"<span class=sf-dump-str title=\"4 characters\">Kiru</span>\"
      +\"<span class=sf-dump-public title=\"Runtime added dynamic property\">slug</span>\": \"<span class=sf-dump-str title=\"4 characters\">kiru</span>\"
      +\"<span class=sf-dump-public title=\"Runtime added dynamic property\">is_active</span>\": \"<span class=sf-dump-str>1</span>\"
      +\"<span class=sf-dump-public title=\"Runtime added dynamic property\">created_at</span>\": \"<span class=sf-dump-str title=\"23 characters\">2025-10-24 01:41:04.013</span>\"
      +\"<span class=sf-dump-public title=\"Runtime added dynamic property\">updated_at</span>\": \"<span class=sf-dump-str title=\"23 characters\">2025-10-30 00:52:32.323</span>\"
    </samp>}
    <span class=sf-dump-index>45</span> => {<a class=sf-dump-ref>#4533</a><samp data-depth=3 class=sf-dump-compact>
      +\"<span class=sf-dump-public title=\"Runtime added dynamic property\">id</span>\": \"<span class=sf-dump-str title=\"2 characters\">47</span>\"
      +\"<span class=sf-dump-public title=\"Runtime added dynamic property\">name</span>\": \"<span class=sf-dump-str title=\"14 characters\">Kofar Dawannau</span>\"
      +\"<span class=sf-dump-public title=\"Runtime added dynamic property\">slug</span>\": \"<span class=sf-dump-str title=\"14 characters\">kofar-dawannau</span>\"
      +\"<span class=sf-dump-public title=\"Runtime added dynamic property\">is_active</span>\": \"<span class=sf-dump-str>1</span>\"
      +\"<span class=sf-dump-public title=\"Runtime added dynamic property\">created_at</span>\": \"<span class=sf-dump-str title=\"23 characters\">2025-10-24 01:41:04.013</span>\"
      +\"<span class=sf-dump-public title=\"Runtime added dynamic property\">updated_at</span>\": \"<span class=sf-dump-str title=\"23 characters\">2025-10-24 01:41:04.013</span>\"
    </samp>}
    <span class=sf-dump-index>46</span> => {<a class=sf-dump-ref>#4534</a><samp data-depth=3 class=sf-dump-compact>
      +\"<span class=sf-dump-public title=\"Runtime added dynamic property\">id</span>\": \"<span class=sf-dump-str>5</span>\"
      +\"<span class=sf-dump-public title=\"Runtime added dynamic property\">name</span>\": \"<span class=sf-dump-str title=\"8 characters\">Kumbotso</span>\"
      +\"<span class=sf-dump-public title=\"Runtime added dynamic property\">slug</span>\": \"<span class=sf-dump-str title=\"8 characters\">kumbotso</span>\"
      +\"<span class=sf-dump-public title=\"Runtime added dynamic property\">is_active</span>\": \"<span class=sf-dump-str>1</span>\"
      +\"<span class=sf-dump-public title=\"Runtime added dynamic property\">created_at</span>\": \"<span class=sf-dump-str title=\"23 characters\">2025-10-24 01:41:04.013</span>\"
      +\"<span class=sf-dump-public title=\"Runtime added dynamic property\">updated_at</span>\": \"<span class=sf-dump-str title=\"23 characters\">2025-10-30 00:52:32.323</span>\"
    </samp>}
    <span class=sf-dump-index>47</span> => {<a class=sf-dump-ref>#4535</a><samp data-depth=3 class=sf-dump-compact>
      +\"<span class=sf-dump-public title=\"Runtime added dynamic property\">id</span>\": \"<span class=sf-dump-str title=\"2 characters\">48</span>\"
      +\"<span class=sf-dump-public title=\"Runtime added dynamic property\">name</span>\": \"<span class=sf-dump-str title=\"16 characters\">Kumbotso Village</span>\"
      +\"<span class=sf-dump-public title=\"Runtime added dynamic property\">slug</span>\": \"<span class=sf-dump-str title=\"16 characters\">kumbotso-village</span>\"
      +\"<span class=sf-dump-public title=\"Runtime added dynamic property\">is_active</span>\": \"<span class=sf-dump-str>1</span>\"
      +\"<span class=sf-dump-public title=\"Runtime added dynamic property\">created_at</span>\": \"<span class=sf-dump-str title=\"23 characters\">2025-10-24 01:41:04.013</span>\"
      +\"<span class=sf-dump-public title=\"Runtime added dynamic property\">updated_at</span>\": \"<span class=sf-dump-str title=\"23 characters\">2025-10-24 01:41:04.013</span>\"
    </samp>}
    <span class=sf-dump-index>48</span> => {<a class=sf-dump-ref>#4536</a><samp data-depth=3 class=sf-dump-compact>
      +\"<span class=sf-dump-public title=\"Runtime added dynamic property\">id</span>\": \"<span class=sf-dump-str title=\"2 characters\">49</span>\"
      +\"<span class=sf-dump-public title=\"Runtime added dynamic property\">name</span>\": \"<span class=sf-dump-str title=\"9 characters\">Kumbotsoi</span>\"
      +\"<span class=sf-dump-public title=\"Runtime added dynamic property\">slug</span>\": \"<span class=sf-dump-str title=\"9 characters\">kumbotsoi</span>\"
      +\"<span class=sf-dump-public title=\"Runtime added dynamic property\">is_active</span>\": \"<span class=sf-dump-str>1</span>\"
      +\"<span class=sf-dump-public title=\"Runtime added dynamic property\">created_at</span>\": \"<span class=sf-dump-str title=\"23 characters\">2025-10-24 01:41:04.013</span>\"
      +\"<span class=sf-dump-public title=\"Runtime added dynamic property\">updated_at</span>\": \"<span class=sf-dump-str title=\"23 characters\">2025-10-24 01:41:04.013</span>\"
    </samp>}
    <span class=sf-dump-index>49</span> => {<a class=sf-dump-ref>#4537</a><samp data-depth=3 class=sf-dump-compact>
      +\"<span class=sf-dump-public title=\"Runtime added dynamic property\">id</span>\": \"<span class=sf-dump-str title=\"2 characters\">50</span>\"
      +\"<span class=sf-dump-public title=\"Runtime added dynamic property\">name</span>\": \"<span class=sf-dump-str title=\"6 characters\">Kunchi</span>\"
      +\"<span class=sf-dump-public title=\"Runtime added dynamic property\">slug</span>\": \"<span class=sf-dump-str title=\"6 characters\">kunchi</span>\"
      +\"<span class=sf-dump-public title=\"Runtime added dynamic property\">is_active</span>\": \"<span class=sf-dump-str>1</span>\"
      +\"<span class=sf-dump-public title=\"Runtime added dynamic property\">created_at</span>\": \"<span class=sf-dump-str title=\"23 characters\">2025-10-24 01:41:04.013</span>\"
      +\"<span class=sf-dump-public title=\"Runtime added dynamic property\">updated_at</span>\": \"<span class=sf-dump-str title=\"23 characters\">2025-10-30 00:52:32.323</span>\"
    </samp>}
    <span class=sf-dump-index>50</span> => {<a class=sf-dump-ref>#4538</a><samp data-depth=3 class=sf-dump-compact>
      +\"<span class=sf-dump-public title=\"Runtime added dynamic property\">id</span>\": \"<span class=sf-dump-str title=\"2 characters\">51</span>\"
      +\"<span class=sf-dump-public title=\"Runtime added dynamic property\">name</span>\": \"<span class=sf-dump-str title=\"4 characters\">Kura</span>\"
      +\"<span class=sf-dump-public title=\"Runtime added dynamic property\">slug</span>\": \"<span class=sf-dump-str title=\"4 characters\">kura</span>\"
      +\"<span class=sf-dump-public title=\"Runtime added dynamic property\">is_active</span>\": \"<span class=sf-dump-str>1</span>\"
      +\"<span class=sf-dump-public title=\"Runtime added dynamic property\">created_at</span>\": \"<span class=sf-dump-str title=\"23 characters\">2025-10-24 01:41:04.013</span>\"
      +\"<span class=sf-dump-public title=\"Runtime added dynamic property\">updated_at</span>\": \"<span class=sf-dump-str title=\"23 characters\">2025-10-30 00:52:32.323</span>\"
    </samp>}
    <span class=sf-dump-index>51</span> => {<a class=sf-dump-ref>#4539</a><samp data-depth=3 class=sf-dump-compact>
      +\"<span class=sf-dump-public title=\"Runtime added dynamic property\">id</span>\": \"<span class=sf-dump-str title=\"2 characters\">52</span>\"
      +\"<span class=sf-dump-public title=\"Runtime added dynamic property\">name</span>\": \"<span class=sf-dump-str title=\"6 characters\">Madobi</span>\"
      +\"<span class=sf-dump-public title=\"Runtime added dynamic property\">slug</span>\": \"<span class=sf-dump-str title=\"6 characters\">madobi</span>\"
      +\"<span class=sf-dump-public title=\"Runtime added dynamic property\">is_active</span>\": \"<span class=sf-dump-str>1</span>\"
      +\"<span class=sf-dump-public title=\"Runtime added dynamic property\">created_at</span>\": \"<span class=sf-dump-str title=\"23 characters\">2025-10-24 01:41:04.013</span>\"
      +\"<span class=sf-dump-public title=\"Runtime added dynamic property\">updated_at</span>\": \"<span class=sf-dump-str title=\"23 characters\">2025-10-30 00:52:32.323</span>\"
    </samp>}
    <span class=sf-dump-index>52</span> => {<a class=sf-dump-ref>#4540</a><samp data-depth=3 class=sf-dump-compact>
      +\"<span class=sf-dump-public title=\"Runtime added dynamic property\">id</span>\": \"<span class=sf-dump-str title=\"2 characters\">53</span>\"
      +\"<span class=sf-dump-public title=\"Runtime added dynamic property\">name</span>\": \"<span class=sf-dump-str title=\"6 characters\">Makoda</span>\"
      +\"<span class=sf-dump-public title=\"Runtime added dynamic property\">slug</span>\": \"<span class=sf-dump-str title=\"6 characters\">makoda</span>\"
      +\"<span class=sf-dump-public title=\"Runtime added dynamic property\">is_active</span>\": \"<span class=sf-dump-str>1</span>\"
      +\"<span class=sf-dump-public title=\"Runtime added dynamic property\">created_at</span>\": \"<span class=sf-dump-str title=\"23 characters\">2025-10-24 01:41:04.013</span>\"
      +\"<span class=sf-dump-public title=\"Runtime added dynamic property\">updated_at</span>\": \"<span class=sf-dump-str title=\"23 characters\">2025-10-30 00:52:32.323</span>\"
    </samp>}
    <span class=sf-dump-index>53</span> => {<a class=sf-dump-ref>#4541</a><samp data-depth=3 class=sf-dump-compact>
      +\"<span class=sf-dump-public title=\"Runtime added dynamic property\">id</span>\": \"<span class=sf-dump-str title=\"2 characters\">54</span>\"
      +\"<span class=sf-dump-public title=\"Runtime added dynamic property\">name</span>\": \"<span class=sf-dump-str title=\"8 characters\">Minjibir</span>\"
      +\"<span class=sf-dump-public title=\"Runtime added dynamic property\">slug</span>\": \"<span class=sf-dump-str title=\"8 characters\">minjibir</span>\"
      +\"<span class=sf-dump-public title=\"Runtime added dynamic property\">is_active</span>\": \"<span class=sf-dump-str>1</span>\"
      +\"<span class=sf-dump-public title=\"Runtime added dynamic property\">created_at</span>\": \"<span class=sf-dump-str title=\"23 characters\">2025-10-24 01:41:04.013</span>\"
      +\"<span class=sf-dump-public title=\"Runtime added dynamic property\">updated_at</span>\": \"<span class=sf-dump-str title=\"23 characters\">2025-10-30 00:52:32.323</span>\"
    </samp>}
    <span class=sf-dump-index>54</span> => {<a class=sf-dump-ref>#4542</a><samp data-depth=3 class=sf-dump-compact>
      +\"<span class=sf-dump-public title=\"Runtime added dynamic property\">id</span>\": \"<span class=sf-dump-str title=\"2 characters\">55</span>\"
      +\"<span class=sf-dump-public title=\"Runtime added dynamic property\">name</span>\": \"<span class=sf-dump-str title=\"9 characters\">Municipal</span>\"
      +\"<span class=sf-dump-public title=\"Runtime added dynamic property\">slug</span>\": \"<span class=sf-dump-str title=\"9 characters\">municipal</span>\"
      +\"<span class=sf-dump-public title=\"Runtime added dynamic property\">is_active</span>\": \"<span class=sf-dump-str>1</span>\"
      +\"<span class=sf-dump-public title=\"Runtime added dynamic property\">created_at</span>\": \"<span class=sf-dump-str title=\"23 characters\">2025-10-24 01:41:04.013</span>\"
      +\"<span class=sf-dump-public title=\"Runtime added dynamic property\">updated_at</span>\": \"<span class=sf-dump-str title=\"23 characters\">2025-10-30 00:52:32.323</span>\"
    </samp>}
    <span class=sf-dump-index>55</span> => {<a class=sf-dump-ref>#4543</a><samp data-depth=3 class=sf-dump-compact>
      +\"<span class=sf-dump-public title=\"Runtime added dynamic property\">id</span>\": \"<span class=sf-dump-str title=\"2 characters\">56</span>\"
      +\"<span class=sf-dump-public title=\"Runtime added dynamic property\">name</span>\": \"<span class=sf-dump-str title=\"26 characters\">Municipal Local Government</span>\"
      +\"<span class=sf-dump-public title=\"Runtime added dynamic property\">slug</span>\": \"<span class=sf-dump-str title=\"26 characters\">municipal-local-government</span>\"
      +\"<span class=sf-dump-public title=\"Runtime added dynamic property\">is_active</span>\": \"<span class=sf-dump-str>1</span>\"
      +\"<span class=sf-dump-public title=\"Runtime added dynamic property\">created_at</span>\": \"<span class=sf-dump-str title=\"23 characters\">2025-10-24 01:41:04.013</span>\"
      +\"<span class=sf-dump-public title=\"Runtime added dynamic property\">updated_at</span>\": \"<span class=sf-dump-str title=\"23 characters\">2025-10-24 01:41:04.013</span>\"
    </samp>}
    <span class=sf-dump-index>56</span> => {<a class=sf-dump-ref>#4544</a><samp data-depth=3 class=sf-dump-compact>
      +\"<span class=sf-dump-public title=\"Runtime added dynamic property\">id</span>\": \"<span class=sf-dump-str title=\"2 characters\">57</span>\"
      +\"<span class=sf-dump-public title=\"Runtime added dynamic property\">name</span>\": \"<span class=sf-dump-str title=\"10 characters\">Munnicipal</span>\"
      +\"<span class=sf-dump-public title=\"Runtime added dynamic property\">slug</span>\": \"<span class=sf-dump-str title=\"10 characters\">munnicipal</span>\"
      +\"<span class=sf-dump-public title=\"Runtime added dynamic property\">is_active</span>\": \"<span class=sf-dump-str>1</span>\"
      +\"<span class=sf-dump-public title=\"Runtime added dynamic property\">created_at</span>\": \"<span class=sf-dump-str title=\"23 characters\">2025-10-24 01:41:04.013</span>\"
      +\"<span class=sf-dump-public title=\"Runtime added dynamic property\">updated_at</span>\": \"<span class=sf-dump-str title=\"23 characters\">2025-10-24 01:41:04.013</span>\"
    </samp>}
    <span class=sf-dump-index>57</span> => {<a class=sf-dump-ref>#4545</a><samp data-depth=3 class=sf-dump-compact>
      +\"<span class=sf-dump-public title=\"Runtime added dynamic property\">id</span>\": \"<span class=sf-dump-str title=\"2 characters\">58</span>\"
      +\"<span class=sf-dump-public title=\"Runtime added dynamic property\">name</span>\": \"<span class=sf-dump-str title=\"8 characters\">Nasarawa</span>\"
      +\"<span class=sf-dump-public title=\"Runtime added dynamic property\">slug</span>\": \"<span class=sf-dump-str title=\"8 characters\">nasarawa</span>\"
      +\"<span class=sf-dump-public title=\"Runtime added dynamic property\">is_active</span>\": \"<span class=sf-dump-str>1</span>\"
      +\"<span class=sf-dump-public title=\"Runtime added dynamic property\">created_at</span>\": \"<span class=sf-dump-str title=\"23 characters\">2025-10-24 01:41:04.013</span>\"
      +\"<span class=sf-dump-public title=\"Runtime added dynamic property\">updated_at</span>\": \"<span class=sf-dump-str title=\"23 characters\">2025-10-30 00:52:32.323</span>\"
    </samp>}
    <span class=sf-dump-index>58</span> => {<a class=sf-dump-ref>#4546</a><samp data-depth=3 class=sf-dump-compact>
      +\"<span class=sf-dump-public title=\"Runtime added dynamic property\">id</span>\": \"<span class=sf-dump-str title=\"2 characters\">59</span>\"
      +\"<span class=sf-dump-public title=\"Runtime added dynamic property\">name</span>\": \"<span class=sf-dump-str title=\"9 characters\">Nassarawa</span>\"
      +\"<span class=sf-dump-public title=\"Runtime added dynamic property\">slug</span>\": \"<span class=sf-dump-str title=\"9 characters\">nassarawa</span>\"
      +\"<span class=sf-dump-public title=\"Runtime added dynamic property\">is_active</span>\": \"<span class=sf-dump-str>1</span>\"
      +\"<span class=sf-dump-public title=\"Runtime added dynamic property\">created_at</span>\": \"<span class=sf-dump-str title=\"23 characters\">2025-10-24 01:41:04.013</span>\"
      +\"<span class=sf-dump-public title=\"Runtime added dynamic property\">updated_at</span>\": \"<span class=sf-dump-str title=\"23 characters\">2025-10-24 01:41:04.013</span>\"
    </samp>}
    <span class=sf-dump-index>59</span> => {<a class=sf-dump-ref>#4547</a><samp data-depth=3 class=sf-dump-compact>
      +\"<span class=sf-dump-public title=\"Runtime added dynamic property\">id</span>\": \"<span class=sf-dump-str title=\"5 characters\">10079</span>\"
      +\"<span class=sf-dump-public title=\"Runtime added dynamic property\">name</span>\": \"<span class=sf-dump-str title=\"5 characters\">Other</span>\"
      +\"<span class=sf-dump-public title=\"Runtime added dynamic property\">slug</span>\": \"<span class=sf-dump-str title=\"5 characters\">Other</span>\"
      +\"<span class=sf-dump-public title=\"Runtime added dynamic property\">is_active</span>\": \"<span class=sf-dump-str>1</span>\"
      +\"<span class=sf-dump-public title=\"Runtime added dynamic property\">created_at</span>\": <span class=sf-dump-const>null</span>
      +\"<span class=sf-dump-public title=\"Runtime added dynamic property\">updated_at</span>\": <span class=sf-dump-const>null</span>
    </samp>}
    <span class=sf-dump-index>60</span> => {<a class=sf-dump-ref>#4548</a><samp data-depth=3 class=sf-dump-compact>
      +\"<span class=sf-dump-public title=\"Runtime added dynamic property\">id</span>\": \"<span class=sf-dump-str title=\"2 characters\">60</span>\"
      +\"<span class=sf-dump-public title=\"Runtime added dynamic property\">name</span>\": \"<span class=sf-dump-str title=\"4 characters\">Rano</span>\"
      +\"<span class=sf-dump-public title=\"Runtime added dynamic property\">slug</span>\": \"<span class=sf-dump-str title=\"4 characters\">rano</span>\"
      +\"<span class=sf-dump-public title=\"Runtime added dynamic property\">is_active</span>\": \"<span class=sf-dump-str>1</span>\"
      +\"<span class=sf-dump-public title=\"Runtime added dynamic property\">created_at</span>\": \"<span class=sf-dump-str title=\"23 characters\">2025-10-24 01:41:04.013</span>\"
      +\"<span class=sf-dump-public title=\"Runtime added dynamic property\">updated_at</span>\": \"<span class=sf-dump-str title=\"23 characters\">2025-10-30 00:52:32.323</span>\"
    </samp>}
    <span class=sf-dump-index>61</span> => {<a class=sf-dump-ref>#4549</a><samp data-depth=3 class=sf-dump-compact>
      +\"<span class=sf-dump-public title=\"Runtime added dynamic property\">id</span>\": \"<span class=sf-dump-str title=\"2 characters\">61</span>\"
      +\"<span class=sf-dump-public title=\"Runtime added dynamic property\">name</span>\": \"<span class=sf-dump-str title=\"10 characters\">Rimin Gado</span>\"
      +\"<span class=sf-dump-public title=\"Runtime added dynamic property\">slug</span>\": \"<span class=sf-dump-str title=\"10 characters\">rimin-gado</span>\"
      +\"<span class=sf-dump-public title=\"Runtime added dynamic property\">is_active</span>\": \"<span class=sf-dump-str>1</span>\"
      +\"<span class=sf-dump-public title=\"Runtime added dynamic property\">created_at</span>\": \"<span class=sf-dump-str title=\"23 characters\">2025-10-24 01:41:04.013</span>\"
      +\"<span class=sf-dump-public title=\"Runtime added dynamic property\">updated_at</span>\": \"<span class=sf-dump-str title=\"23 characters\">2025-10-30 00:52:32.323</span>\"
    </samp>}
    <span class=sf-dump-index>62</span> => {<a class=sf-dump-ref>#4550</a><samp data-depth=3 class=sf-dump-compact>
      +\"<span class=sf-dump-public title=\"Runtime added dynamic property\">id</span>\": \"<span class=sf-dump-str title=\"2 characters\">62</span>\"
      +\"<span class=sf-dump-public title=\"Runtime added dynamic property\">name</span>\": \"<span class=sf-dump-str title=\"12 characters\">Rimin Zakara</span>\"
      +\"<span class=sf-dump-public title=\"Runtime added dynamic property\">slug</span>\": \"<span class=sf-dump-str title=\"12 characters\">rimin-zakara</span>\"
      +\"<span class=sf-dump-public title=\"Runtime added dynamic property\">is_active</span>\": \"<span class=sf-dump-str>1</span>\"
      +\"<span class=sf-dump-public title=\"Runtime added dynamic property\">created_at</span>\": \"<span class=sf-dump-str title=\"23 characters\">2025-10-24 01:41:04.013</span>\"
      +\"<span class=sf-dump-public title=\"Runtime added dynamic property\">updated_at</span>\": \"<span class=sf-dump-str title=\"23 characters\">2025-10-30 00:52:32.323</span>\"
    </samp>}
    <span class=sf-dump-index>63</span> => {<a class=sf-dump-ref>#4551</a><samp data-depth=3 class=sf-dump-compact>
      +\"<span class=sf-dump-public title=\"Runtime added dynamic property\">id</span>\": \"<span class=sf-dump-str title=\"2 characters\">63</span>\"
      +\"<span class=sf-dump-public title=\"Runtime added dynamic property\">name</span>\": \"<span class=sf-dump-str title=\"4 characters\">Rogo</span>\"
      +\"<span class=sf-dump-public title=\"Runtime added dynamic property\">slug</span>\": \"<span class=sf-dump-str title=\"4 characters\">rogo</span>\"
      +\"<span class=sf-dump-public title=\"Runtime added dynamic property\">is_active</span>\": \"<span class=sf-dump-str>1</span>\"
      +\"<span class=sf-dump-public title=\"Runtime added dynamic property\">created_at</span>\": \"<span class=sf-dump-str title=\"23 characters\">2025-10-24 01:41:04.013</span>\"
      +\"<span class=sf-dump-public title=\"Runtime added dynamic property\">updated_at</span>\": \"<span class=sf-dump-str title=\"23 characters\">2025-10-30 00:52:32.323</span>\"
    </samp>}
    <span class=sf-dump-index>64</span> => {<a class=sf-dump-ref>#4552</a><samp data-depth=3 class=sf-dump-compact>
      +\"<span class=sf-dump-public title=\"Runtime added dynamic property\">id</span>\": \"<span class=sf-dump-str title=\"2 characters\">78</span>\"
      +\"<span class=sf-dump-public title=\"Runtime added dynamic property\">name</span>\": \"<span class=sf-dump-str title=\"7 characters\">Shanono</span>\"
      +\"<span class=sf-dump-public title=\"Runtime added dynamic property\">slug</span>\": \"<span class=sf-dump-str title=\"7 characters\">shanono</span>\"
      +\"<span class=sf-dump-public title=\"Runtime added dynamic property\">is_active</span>\": \"<span class=sf-dump-str>1</span>\"
      +\"<span class=sf-dump-public title=\"Runtime added dynamic property\">created_at</span>\": \"<span class=sf-dump-str title=\"23 characters\">2025-10-24 02:14:31.217</span>\"
      +\"<span class=sf-dump-public title=\"Runtime added dynamic property\">updated_at</span>\": \"<span class=sf-dump-str title=\"23 characters\">2025-10-30 00:52:32.323</span>\"
    </samp>}
    <span class=sf-dump-index>65</span> => {<a class=sf-dump-ref>#4553</a><samp data-depth=3 class=sf-dump-compact>
      +\"<span class=sf-dump-public title=\"Runtime added dynamic property\">id</span>\": \"<span class=sf-dump-str title=\"2 characters\">64</span>\"
      +\"<span class=sf-dump-public title=\"Runtime added dynamic property\">name</span>\": \"<span class=sf-dump-str title=\"7 characters\">Sumaila</span>\"
      +\"<span class=sf-dump-public title=\"Runtime added dynamic property\">slug</span>\": \"<span class=sf-dump-str title=\"7 characters\">sumaila</span>\"
      +\"<span class=sf-dump-public title=\"Runtime added dynamic property\">is_active</span>\": \"<span class=sf-dump-str>1</span>\"
      +\"<span class=sf-dump-public title=\"Runtime added dynamic property\">created_at</span>\": \"<span class=sf-dump-str title=\"23 characters\">2025-10-24 01:41:04.013</span>\"
      +\"<span class=sf-dump-public title=\"Runtime added dynamic property\">updated_at</span>\": \"<span class=sf-dump-str title=\"23 characters\">2025-10-30 00:52:32.323</span>\"
    </samp>}
    <span class=sf-dump-index>66</span> => {<a class=sf-dump-ref>#4554</a><samp data-depth=3 class=sf-dump-compact>
      +\"<span class=sf-dump-public title=\"Runtime added dynamic property\">id</span>\": \"<span class=sf-dump-str title=\"2 characters\">65</span>\"
      +\"<span class=sf-dump-public title=\"Runtime added dynamic property\">name</span>\": \"<span class=sf-dump-str title=\"5 characters\">Takai</span>\"
      +\"<span class=sf-dump-public title=\"Runtime added dynamic property\">slug</span>\": \"<span class=sf-dump-str title=\"5 characters\">takai</span>\"
      +\"<span class=sf-dump-public title=\"Runtime added dynamic property\">is_active</span>\": \"<span class=sf-dump-str>1</span>\"
      +\"<span class=sf-dump-public title=\"Runtime added dynamic property\">created_at</span>\": \"<span class=sf-dump-str title=\"23 characters\">2025-10-24 01:41:04.013</span>\"
      +\"<span class=sf-dump-public title=\"Runtime added dynamic property\">updated_at</span>\": \"<span class=sf-dump-str title=\"23 characters\">2025-10-30 00:52:32.323</span>\"
    </samp>}
    <span class=sf-dump-index>67</span> => {<a class=sf-dump-ref>#4555</a><samp data-depth=3 class=sf-dump-compact>
      +\"<span class=sf-dump-public title=\"Runtime added dynamic property\">id</span>\": \"<span class=sf-dump-str title=\"2 characters\">66</span>\"
      +\"<span class=sf-dump-public title=\"Runtime added dynamic property\">name</span>\": \"<span class=sf-dump-str title=\"7 characters\">Tarauni</span>\"
      +\"<span class=sf-dump-public title=\"Runtime added dynamic property\">slug</span>\": \"<span class=sf-dump-str title=\"7 characters\">tarauni</span>\"
      +\"<span class=sf-dump-public title=\"Runtime added dynamic property\">is_active</span>\": \"<span class=sf-dump-str>1</span>\"
      +\"<span class=sf-dump-public title=\"Runtime added dynamic property\">created_at</span>\": \"<span class=sf-dump-str title=\"23 characters\">2025-10-24 01:41:04.013</span>\"
      +\"<span class=sf-dump-public title=\"Runtime added dynamic property\">updated_at</span>\": \"<span class=sf-dump-str title=\"23 characters\">2025-10-30 00:52:32.323</span>\"
    </samp>}
    <span class=sf-dump-index>68</span> => {<a class=sf-dump-ref>#4556</a><samp data-depth=3 class=sf-dump-compact>
      +\"<span class=sf-dump-public title=\"Runtime added dynamic property\">id</span>\": \"<span class=sf-dump-str title=\"2 characters\">67</span>\"
      +\"<span class=sf-dump-public title=\"Runtime added dynamic property\">name</span>\": \"<span class=sf-dump-str title=\"16 characters\">Tarauni District</span>\"
      +\"<span class=sf-dump-public title=\"Runtime added dynamic property\">slug</span>\": \"<span class=sf-dump-str title=\"16 characters\">tarauni-district</span>\"
      +\"<span class=sf-dump-public title=\"Runtime added dynamic property\">is_active</span>\": \"<span class=sf-dump-str>1</span>\"
      +\"<span class=sf-dump-public title=\"Runtime added dynamic property\">created_at</span>\": \"<span class=sf-dump-str title=\"23 characters\">2025-10-24 01:41:04.013</span>\"
      +\"<span class=sf-dump-public title=\"Runtime added dynamic property\">updated_at</span>\": \"<span class=sf-dump-str title=\"23 characters\">2025-10-24 01:41:04.013</span>\"
    </samp>}
    <span class=sf-dump-index>69</span> => {<a class=sf-dump-ref>#4557</a><samp data-depth=3 class=sf-dump-compact>
      +\"<span class=sf-dump-public title=\"Runtime added dynamic property\">id</span>\": \"<span class=sf-dump-str title=\"2 characters\">68</span>\"
      +\"<span class=sf-dump-public title=\"Runtime added dynamic property\">name</span>\": \"<span class=sf-dump-str title=\"4 characters\">Tofa</span>\"
      +\"<span class=sf-dump-public title=\"Runtime added dynamic property\">slug</span>\": \"<span class=sf-dump-str title=\"4 characters\">tofa</span>\"
      +\"<span class=sf-dump-public title=\"Runtime added dynamic property\">is_active</span>\": \"<span class=sf-dump-str>1</span>\"
      +\"<span class=sf-dump-public title=\"Runtime added dynamic property\">created_at</span>\": \"<span class=sf-dump-str title=\"23 characters\">2025-10-24 01:41:04.013</span>\"
      +\"<span class=sf-dump-public title=\"Runtime added dynamic property\">updated_at</span>\": \"<span class=sf-dump-str title=\"23 characters\">2025-10-30 00:52:32.323</span>\"
    </samp>}
    <span class=sf-dump-index>70</span> => {<a class=sf-dump-ref>#4558</a><samp data-depth=3 class=sf-dump-compact>
      +\"<span class=sf-dump-public title=\"Runtime added dynamic property\">id</span>\": \"<span class=sf-dump-str title=\"2 characters\">69</span>\"
      +\"<span class=sf-dump-public title=\"Runtime added dynamic property\">name</span>\": \"<span class=sf-dump-str title=\"8 characters\">Tsantawa</span>\"
      +\"<span class=sf-dump-public title=\"Runtime added dynamic property\">slug</span>\": \"<span class=sf-dump-str title=\"8 characters\">tsantawa</span>\"
      +\"<span class=sf-dump-public title=\"Runtime added dynamic property\">is_active</span>\": \"<span class=sf-dump-str>1</span>\"
      +\"<span class=sf-dump-public title=\"Runtime added dynamic property\">created_at</span>\": \"<span class=sf-dump-str title=\"23 characters\">2025-10-24 01:41:04.013</span>\"
      +\"<span class=sf-dump-public title=\"Runtime added dynamic property\">updated_at</span>\": \"<span class=sf-dump-str title=\"23 characters\">2025-10-24 01:41:04.013</span>\"
    </samp>}
    <span class=sf-dump-index>71</span> => {<a class=sf-dump-ref>#4559</a><samp data-depth=3 class=sf-dump-compact>
      +\"<span class=sf-dump-public title=\"Runtime added dynamic property\">id</span>\": \"<span class=sf-dump-str title=\"2 characters\">70</span>\"
      +\"<span class=sf-dump-public title=\"Runtime added dynamic property\">name</span>\": \"<span class=sf-dump-str title=\"8 characters\">Tsanyawa</span>\"
      +\"<span class=sf-dump-public title=\"Runtime added dynamic property\">slug</span>\": \"<span class=sf-dump-str title=\"8 characters\">tsanyawa</span>\"
      +\"<span class=sf-dump-public title=\"Runtime added dynamic property\">is_active</span>\": \"<span class=sf-dump-str>1</span>\"
      +\"<span class=sf-dump-public title=\"Runtime added dynamic property\">created_at</span>\": \"<span class=sf-dump-str title=\"23 characters\">2025-10-24 01:41:04.013</span>\"
      +\"<span class=sf-dump-public title=\"Runtime added dynamic property\">updated_at</span>\": \"<span class=sf-dump-str title=\"23 characters\">2025-10-30 00:52:32.323</span>\"
    </samp>}
    <span class=sf-dump-index>72</span> => {<a class=sf-dump-ref>#4560</a><samp data-depth=3 class=sf-dump-compact>
      +\"<span class=sf-dump-public title=\"Runtime added dynamic property\">id</span>\": \"<span class=sf-dump-str title=\"2 characters\">71</span>\"
      +\"<span class=sf-dump-public title=\"Runtime added dynamic property\">name</span>\": \"<span class=sf-dump-str title=\"10 characters\">Tudun Wada</span>\"
      +\"<span class=sf-dump-public title=\"Runtime added dynamic property\">slug</span>\": \"<span class=sf-dump-str title=\"10 characters\">tudun-wada</span>\"
      +\"<span class=sf-dump-public title=\"Runtime added dynamic property\">is_active</span>\": \"<span class=sf-dump-str>1</span>\"
      +\"<span class=sf-dump-public title=\"Runtime added dynamic property\">created_at</span>\": \"<span class=sf-dump-str title=\"23 characters\">2025-10-24 01:41:04.013</span>\"
      +\"<span class=sf-dump-public title=\"Runtime added dynamic property\">updated_at</span>\": \"<span class=sf-dump-str title=\"23 characters\">2025-10-30 00:52:32.323</span>\"
    </samp>}
    <span class=sf-dump-index>73</span> => {<a class=sf-dump-ref>#4561</a><samp data-depth=3 class=sf-dump-compact>
      +\"<span class=sf-dump-public title=\"Runtime added dynamic property\">id</span>\": \"<span class=sf-dump-str title=\"2 characters\">72</span>\"
      +\"<span class=sf-dump-public title=\"Runtime added dynamic property\">name</span>\": \"<span class=sf-dump-str title=\"7 characters\">Ungoggo</span>\"
      +\"<span class=sf-dump-public title=\"Runtime added dynamic property\">slug</span>\": \"<span class=sf-dump-str title=\"7 characters\">ungoggo</span>\"
      +\"<span class=sf-dump-public title=\"Runtime added dynamic property\">is_active</span>\": \"<span class=sf-dump-str>1</span>\"
      +\"<span class=sf-dump-public title=\"Runtime added dynamic property\">created_at</span>\": \"<span class=sf-dump-str title=\"23 characters\">2025-10-24 01:41:04.013</span>\"
      +\"<span class=sf-dump-public title=\"Runtime added dynamic property\">updated_at</span>\": \"<span class=sf-dump-str title=\"23 characters\">2025-10-24 01:41:04.013</span>\"
    </samp>}
    <span class=sf-dump-index>74</span> => {<a class=sf-dump-ref>#4562</a><samp data-depth=3 class=sf-dump-compact>
      +\"<span class=sf-dump-public title=\"Runtime added dynamic property\">id</span>\": \"<span class=sf-dump-str title=\"2 characters\">73</span>\"
      +\"<span class=sf-dump-public title=\"Runtime added dynamic property\">name</span>\": \"<span class=sf-dump-str title=\"6 characters\">Ungogo</span>\"
      +\"<span class=sf-dump-public title=\"Runtime added dynamic property\">slug</span>\": \"<span class=sf-dump-str title=\"6 characters\">ungogo</span>\"
      +\"<span class=sf-dump-public title=\"Runtime added dynamic property\">is_active</span>\": \"<span class=sf-dump-str>1</span>\"
      +\"<span class=sf-dump-public title=\"Runtime added dynamic property\">created_at</span>\": \"<span class=sf-dump-str title=\"23 characters\">2025-10-24 01:41:04.013</span>\"
      +\"<span class=sf-dump-public title=\"Runtime added dynamic property\">updated_at</span>\": \"<span class=sf-dump-str title=\"23 characters\">2025-10-30 00:52:32.323</span>\"
    </samp>}
    <span class=sf-dump-index>75</span> => {<a class=sf-dump-ref>#4563</a><samp data-depth=3 class=sf-dump-compact>
      +\"<span class=sf-dump-public title=\"Runtime added dynamic property\">id</span>\": \"<span class=sf-dump-str title=\"2 characters\">74</span>\"
      +\"<span class=sf-dump-public title=\"Runtime added dynamic property\">name</span>\": \"<span class=sf-dump-str title=\"4 characters\">Waje</span>\"
      +\"<span class=sf-dump-public title=\"Runtime added dynamic property\">slug</span>\": \"<span class=sf-dump-str title=\"4 characters\">waje</span>\"
      +\"<span class=sf-dump-public title=\"Runtime added dynamic property\">is_active</span>\": \"<span class=sf-dump-str>1</span>\"
      +\"<span class=sf-dump-public title=\"Runtime added dynamic property\">created_at</span>\": \"<span class=sf-dump-str title=\"23 characters\">2025-10-24 01:41:04.013</span>\"
      +\"<span class=sf-dump-public title=\"Runtime added dynamic property\">updated_at</span>\": \"<span class=sf-dump-str title=\"23 characters\">2025-10-30 00:52:32.323</span>\"
    </samp>}
    <span class=sf-dump-index>76</span> => {<a class=sf-dump-ref>#4564</a><samp data-depth=3 class=sf-dump-compact>
      +\"<span class=sf-dump-public title=\"Runtime added dynamic property\">id</span>\": \"<span class=sf-dump-str title=\"2 characters\">75</span>\"
      +\"<span class=sf-dump-public title=\"Runtime added dynamic property\">name</span>\": \"<span class=sf-dump-str title=\"6 characters\">Warawa</span>\"
      +\"<span class=sf-dump-public title=\"Runtime added dynamic property\">slug</span>\": \"<span class=sf-dump-str title=\"6 characters\">warawa</span>\"
      +\"<span class=sf-dump-public title=\"Runtime added dynamic property\">is_active</span>\": \"<span class=sf-dump-str>1</span>\"
      +\"<span class=sf-dump-public title=\"Runtime added dynamic property\">created_at</span>\": \"<span class=sf-dump-str title=\"23 characters\">2025-10-24 01:41:04.013</span>\"
      +\"<span class=sf-dump-public title=\"Runtime added dynamic property\">updated_at</span>\": \"<span class=sf-dump-str title=\"23 characters\">2025-10-30 00:52:32.323</span>\"
    </samp>}
    <span class=sf-dump-index>77</span> => {<a class=sf-dump-ref>#4565</a><samp data-depth=3 class=sf-dump-compact>
      +\"<span class=sf-dump-public title=\"Runtime added dynamic property\">id</span>\": \"<span class=sf-dump-str title=\"5 characters\">10078</span>\"
      +\"<span class=sf-dump-public title=\"Runtime added dynamic property\">name</span>\": \"<span class=sf-dump-str title=\"15 characters\">Western Bypass </span>\"
      +\"<span class=sf-dump-public title=\"Runtime added dynamic property\">slug</span>\": \"<span class=sf-dump-str title=\"15 characters\">Western Bypass </span>\"
      +\"<span class=sf-dump-public title=\"Runtime added dynamic property\">is_active</span>\": \"<span class=sf-dump-str>1</span>\"
      +\"<span class=sf-dump-public title=\"Runtime added dynamic property\">created_at</span>\": <span class=sf-dump-const>null</span>
      +\"<span class=sf-dump-public title=\"Runtime added dynamic property\">updated_at</span>\": <span class=sf-dump-const>null</span>
    </samp>}
    <span class=sf-dump-index>78</span> => {<a class=sf-dump-ref>#4566</a><samp data-depth=3 class=sf-dump-compact>
      +\"<span class=sf-dump-public title=\"Runtime added dynamic property\">id</span>\": \"<span class=sf-dump-str title=\"2 characters\">76</span>\"
      +\"<span class=sf-dump-public title=\"Runtime added dynamic property\">name</span>\": \"<span class=sf-dump-str title=\"5 characters\">Wudil</span>\"
      +\"<span class=sf-dump-public title=\"Runtime added dynamic property\">slug</span>\": \"<span class=sf-dump-str title=\"5 characters\">wudil</span>\"
      +\"<span class=sf-dump-public title=\"Runtime added dynamic property\">is_active</span>\": \"<span class=sf-dump-str>1</span>\"
      +\"<span class=sf-dump-public title=\"Runtime added dynamic property\">created_at</span>\": \"<span class=sf-dump-str title=\"23 characters\">2025-10-24 01:41:04.013</span>\"
      +\"<span class=sf-dump-public title=\"Runtime added dynamic property\">updated_at</span>\": \"<span class=sf-dump-str title=\"23 characters\">2025-10-30 00:52:32.323</span>\"
    </samp>}
    <span class=sf-dump-index>79</span> => {<a class=sf-dump-ref>#4567</a><samp data-depth=3 class=sf-dump-compact>
      +\"<span class=sf-dump-public title=\"Runtime added dynamic property\">id</span>\": \"<span class=sf-dump-str title=\"2 characters\">77</span>\"
      +\"<span class=sf-dump-public title=\"Runtime added dynamic property\">name</span>\": \"<span class=sf-dump-str title=\"9 characters\">Zawachiki</span>\"
      +\"<span class=sf-dump-public title=\"Runtime added dynamic property\">slug</span>\": \"<span class=sf-dump-str title=\"9 characters\">zawachiki</span>\"
      +\"<span class=sf-dump-public title=\"Runtime added dynamic property\">is_active</span>\": \"<span class=sf-dump-str>1</span>\"
      +\"<span class=sf-dump-public title=\"Runtime added dynamic property\">created_at</span>\": \"<span class=sf-dump-str title=\"23 characters\">2025-10-24 01:41:04.013</span>\"
      +\"<span class=sf-dump-public title=\"Runtime added dynamic property\">updated_at</span>\": \"<span class=sf-dump-str title=\"23 characters\">2025-10-30 00:52:32.323</span>\"
    </samp>}
  </samp>]
  #<span class=sf-dump-protected title=\"Protected property\">escapeWhenCastingToString</span>: <span class=sf-dump-const>false</span>
</samp>}
</pre><script>Sfdump(\"sf-dump-518550101\", {\"maxDepth\":3,\"maxStringLength\":160})</script>
"}},"userId":1,"exception":"[object] (Spatie\\LaravelIgnition\\Exceptions\\ViewException(code: 0): Route [temporary-file.print-recommendation] not defined. at C:\\wamp64\\www\\klaes\\vendor\\laravel\\framework\\src\\Illuminate\\Routing\\UrlGenerator.php:467)
[stacktrace]
#0 C:\\wamp64\\www\\klaes\\vendor\\laravel\\framework\\src\\Illuminate\\Foundation\\helpers.php(826): Illuminate\\Routing\\UrlGenerator->route('temporary-file....', 2, true)
#1 C:\\wamp64\\www\\klaes\\resources\\views\\lands_one_stop_shop\\temporary_file.blade.php(101): route('temporary-file....', 2)
#2 C:\\wamp64\\www\\klaes\\vendor\\laravel\\framework\\src\\Illuminate\\Filesystem\\Filesystem.php(109): require('C:\\\\wamp64\\\\www\\\\k...')
#3 C:\\wamp64\\www\\klaes\\vendor\\laravel\\framework\\src\\Illuminate\\Filesystem\\Filesystem.php(110): Illuminate\\Filesystem\\Filesystem::Illuminate\\Filesystem\\{closure}()
#4 C:\\wamp64\\www\\klaes\\vendor\\laravel\\framework\\src\\Illuminate\\View\\Engines\\PhpEngine.php(58): Illuminate\\Filesystem\\Filesystem->getRequire('C:\\\\wamp64\\\\www\\\\k...', Array)
#5 C:\\wamp64\\www\\klaes\\vendor\\livewire\\livewire\\src\\ComponentConcerns\\RendersLivewireComponents.php(69): Illuminate\\View\\Engines\\PhpEngine->evaluatePath('C:\\\\wamp64\\\\www\\\\k...', Array)
#6 C:\\wamp64\\www\\klaes\\vendor\\laravel\\framework\\src\\Illuminate\\View\\Engines\\CompilerEngine.php(70): Livewire\\LivewireViewCompilerEngine->evaluatePath('C:\\\\wamp64\\\\www\\\\k...', Array)
#7 C:\\wamp64\\www\\klaes\\vendor\\livewire\\livewire\\src\\ComponentConcerns\\RendersLivewireComponents.php(35): Illuminate\\View\\Engines\\CompilerEngine->get('C:\\\\wamp64\\\\www\\\\k...', Array)
#8 C:\\wamp64\\www\\klaes\\vendor\\laravel\\framework\\src\\Illuminate\\View\\View.php(195): Livewire\\LivewireViewCompilerEngine->get('C:\\\\wamp64\\\\www\\\\k...', Array)
#9 C:\\wamp64\\www\\klaes\\vendor\\laravel\\framework\\src\\Illuminate\\View\\View.php(178): Illuminate\\View\\View->getContents()
#10 C:\\wamp64\\www\\klaes\\vendor\\laravel\\framework\\src\\Illuminate\\View\\View.php(147): Illuminate\\View\\View->renderContents()
#11 C:\\wamp64\\www\\klaes\\vendor\\laravel\\framework\\src\\Illuminate\\Http\\Response.php(69): Illuminate\\View\\View->render()
#12 C:\\wamp64\\www\\klaes\\vendor\\laravel\\framework\\src\\Illuminate\\Http\\Response.php(35): Illuminate\\Http\\Response->setContent(Object(Illuminate\\View\\View))
#13 C:\\wamp64\\www\\klaes\\vendor\\laravel\\framework\\src\\Illuminate\\Routing\\Router.php(906): Illuminate\\Http\\Response->__construct(Object(Illuminate\\View\\View), 200, Array)
#14 C:\\wamp64\\www\\klaes\\vendor\\laravel\\framework\\src\\Illuminate\\Routing\\Router.php(875): Illuminate\\Routing\\Router::toResponse(Object(Illuminate\\Http\\Request), Object(Illuminate\\View\\View))
#15 C:\\wamp64\\www\\klaes\\vendor\\laravel\\framework\\src\\Illuminate\\Routing\\Router.php(797): Illuminate\\Routing\\Router->prepareResponse(Object(Illuminate\\Http\\Request), Object(Illuminate\\View\\View))
#16 C:\\wamp64\\www\\klaes\\vendor\\laravel\\framework\\src\\Illuminate\\Pipeline\\Pipeline.php(141): Illuminate\\Routing\\Router->Illuminate\\Routing\\{closure}(Object(Illuminate\\Http\\Request))
#17 C:\\wamp64\\www\\klaes\\app\\Http\\Middleware\\Verify2FA.php(26): Illuminate\\Pipeline\\Pipeline->Illuminate\\Pipeline\\{closure}(Object(Illuminate\\Http\\Request))
#18 C:\\wamp64\\www\\klaes\\vendor\\laravel\\framework\\src\\Illuminate\\Pipeline\\Pipeline.php(180): App\\Http\\Middleware\\Verify2FA->handle(Object(Illuminate\\Http\\Request), Object(Closure))
#19 C:\\wamp64\\www\\klaes\\vendor\\laravel\\framework\\src\\Illuminate\\Routing\\Middleware\\SubstituteBindings.php(50): Illuminate\\Pipeline\\Pipeline->Illuminate\\Pipeline\\{closure}(Object(Illuminate\\Http\\Request))
#20 C:\\wamp64\\www\\klaes\\vendor\\laravel\\framework\\src\\Illuminate\\Pipeline\\Pipeline.php(180): Illuminate\\Routing\\Middleware\\SubstituteBindings->handle(Object(Illuminate\\Http\\Request), Object(Closure))
#21 C:\\wamp64\\www\\klaes\\vendor\\laravel\\framework\\src\\Illuminate\\Auth\\Middleware\\Authenticate.php(44): Illuminate\\Pipeline\\Pipeline->Illuminate\\Pipeline\\{closure}(Object(Illuminate\\Http\\Request))
#22 C:\\wamp64\\www\\klaes\\vendor\\laravel\\framework\\src\\Illuminate\\Pipeline\\Pipeline.php(180): Illuminate\\Auth\\Middleware\\Authenticate->handle(Object(Illuminate\\Http\\Request), Object(Closure))
#23 C:\\wamp64\\www\\klaes\\vendor\\laravel\\framework\\src\\Illuminate\\Foundation\\Http\\Middleware\\VerifyCsrfToken.php(78): Illuminate\\Pipeline\\Pipeline->Illuminate\\Pipeline\\{closure}(Object(Illuminate\\Http\\Request))
#24 C:\\wamp64\\www\\klaes\\vendor\\laravel\\framework\\src\\Illuminate\\Pipeline\\Pipeline.php(180): Illuminate\\Foundation\\Http\\Middleware\\VerifyCsrfToken->handle(Object(Illuminate\\Http\\Request), Object(Closure))
#25 C:\\wamp64\\www\\klaes\\vendor\\laravel\\framework\\src\\Illuminate\\View\\Middleware\\ShareErrorsFromSession.php(49): Illuminate\\Pipeline\\Pipeline->Illuminate\\Pipeline\\{closure}(Object(Illuminate\\Http\\Request))
#26 C:\\wamp64\\www\\klaes\\vendor\\laravel\\framework\\src\\Illuminate\\Pipeline\\Pipeline.php(180): Illuminate\\View\\Middleware\\ShareErrorsFromSession->handle(Object(Illuminate\\Http\\Request), Object(Closure))
#27 C:\\wamp64\\www\\klaes\\vendor\\laravel\\framework\\src\\Illuminate\\Session\\Middleware\\StartSession.php(121): Illuminate\\Pipeline\\Pipeline->Illuminate\\Pipeline\\{closure}(Object(Illuminate\\Http\\Request))
#28 C:\\wamp64\\www\\klaes\\vendor\\laravel\\framework\\src\\Illuminate\\Session\\Middleware\\StartSession.php(64): Illuminate\\Session\\Middleware\\StartSession->handleStatefulRequest(Object(Illuminate\\Http\\Request), Object(Illuminate\\Session\\Store), Object(Closure))
#29 C:\\wamp64\\www\\klaes\\vendor\\laravel\\framework\\src\\Illuminate\\Pipeline\\Pipeline.php(180): Illuminate\\Session\\Middleware\\StartSession->handle(Object(Illuminate\\Http\\Request), Object(Closure))
#30 C:\\wamp64\\www\\klaes\\vendor\\laravel\\framework\\src\\Illuminate\\Cookie\\Middleware\\AddQueuedCookiesToResponse.php(37): Illuminate\\Pipeline\\Pipeline->Illuminate\\Pipeline\\{closure}(Object(Illuminate\\Http\\Request))
#31 C:\\wamp64\\www\\klaes\\vendor\\laravel\\framework\\src\\Illuminate\\Pipeline\\Pipeline.php(180): Illuminate\\Cookie\\Middleware\\AddQueuedCookiesToResponse->handle(Object(Illuminate\\Http\\Request), Object(Closure))
#32 C:\\wamp64\\www\\klaes\\vendor\\laravel\\framework\\src\\Illuminate\\Cookie\\Middleware\\EncryptCookies.php(67): Illuminate\\Pipeline\\Pipeline->Illuminate\\Pipeline\\{closure}(Object(Illuminate\\Http\\Request))
#33 C:\\wamp64\\www\\klaes\\vendor\\laravel\\framework\\src\\Illuminate\\Pipeline\\Pipeline.php(180): Illuminate\\Cookie\\Middleware\\EncryptCookies->handle(Object(Illuminate\\Http\\Request), Object(Closure))
#34 C:\\wamp64\\www\\klaes\\vendor\\laravel\\framework\\src\\Illuminate\\Pipeline\\Pipeline.php(116): Illuminate\\Pipeline\\Pipeline->Illuminate\\Pipeline\\{closure}(Object(Illuminate\\Http\\Request))
#35 C:\\wamp64\\www\\klaes\\vendor\\laravel\\framework\\src\\Illuminate\\Routing\\Router.php(797): Illuminate\\Pipeline\\Pipeline->then(Object(Closure))
#36 C:\\wamp64\\www\\klaes\\vendor\\laravel\\framework\\src\\Illuminate\\Routing\\Router.php(776): Illuminate\\Routing\\Router->runRouteWithinStack(Object(Illuminate\\Routing\\Route), Object(Illuminate\\Http\\Request))
#37 C:\\wamp64\\www\\klaes\\vendor\\laravel\\framework\\src\\Illuminate\\Routing\\Router.php(740): Illuminate\\Routing\\Router->runRoute(Object(Illuminate\\Http\\Request), Object(Illuminate\\Routing\\Route))
#38 C:\\wamp64\\www\\klaes\\vendor\\laravel\\framework\\src\\Illuminate\\Routing\\Router.php(729): Illuminate\\Routing\\Router->dispatchToRoute(Object(Illuminate\\Http\\Request))
#39 C:\\wamp64\\www\\klaes\\vendor\\laravel\\framework\\src\\Illuminate\\Foundation\\Http\\Kernel.php(190): Illuminate\\Routing\\Router->dispatch(Object(Illuminate\\Http\\Request))
#40 C:\\wamp64\\www\\klaes\\vendor\\laravel\\framework\\src\\Illuminate\\Pipeline\\Pipeline.php(141): Illuminate\\Foundation\\Http\\Kernel->Illuminate\\Foundation\\Http\\{closure}(Object(Illuminate\\Http\\Request))
#41 C:\\wamp64\\www\\klaes\\vendor\\livewire\\livewire\\src\\DisableBrowserCache.php(19): Illuminate\\Pipeline\\Pipeline->Illuminate\\Pipeline\\{closure}(Object(Illuminate\\Http\\Request))
#42 C:\\wamp64\\www\\klaes\\vendor\\laravel\\framework\\src\\Illuminate\\Pipeline\\Pipeline.php(180): Livewire\\DisableBrowserCache->handle(Object(Illuminate\\Http\\Request), Object(Closure))
#43 C:\\wamp64\\www\\klaes\\app\\Http\\Middleware\\Cors.php(23): Illuminate\\Pipeline\\Pipeline->Illuminate\\Pipeline\\{closure}(Object(Illuminate\\Http\\Request))
#44 C:\\wamp64\\www\\klaes\\vendor\\laravel\\framework\\src\\Illuminate\\Pipeline\\Pipeline.php(180): App\\Http\\Middleware\\Cors->handle(Object(Illuminate\\Http\\Request), Object(Closure))
#45 C:\\wamp64\\www\\klaes\\vendor\\laravel\\framework\\src\\Illuminate\\Foundation\\Http\\Middleware\\TransformsRequest.php(21): Illuminate\\Pipeline\\Pipeline->Illuminate\\Pipeline\\{closure}(Object(Illuminate\\Http\\Request))
#46 C:\\wamp64\\www\\klaes\\vendor\\laravel\\framework\\src\\Illuminate\\Foundation\\Http\\Middleware\\ConvertEmptyStringsToNull.php(31): Illuminate\\Foundation\\Http\\Middleware\\TransformsRequest->handle(Object(Illuminate\\Http\\Request), Object(Closure))
#47 C:\\wamp64\\www\\klaes\\vendor\\laravel\\framework\\src\\Illuminate\\Pipeline\\Pipeline.php(180): Illuminate\\Foundation\\Http\\Middleware\\ConvertEmptyStringsToNull->handle(Object(Illuminate\\Http\\Request), Object(Closure))
#48 C:\\wamp64\\www\\klaes\\vendor\\laravel\\framework\\src\\Illuminate\\Foundation\\Http\\Middleware\\TransformsRequest.php(21): Illuminate\\Pipeline\\Pipeline->Illuminate\\Pipeline\\{closure}(Object(Illuminate\\Http\\Request))
#49 C:\\wamp64\\www\\klaes\\vendor\\laravel\\framework\\src\\Illuminate\\Foundation\\Http\\Middleware\\TrimStrings.php(40): Illuminate\\Foundation\\Http\\Middleware\\TransformsRequest->handle(Object(Illuminate\\Http\\Request), Object(Closure))
#50 C:\\wamp64\\www\\klaes\\vendor\\laravel\\framework\\src\\Illuminate\\Pipeline\\Pipeline.php(180): Illuminate\\Foundation\\Http\\Middleware\\TrimStrings->handle(Object(Illuminate\\Http\\Request), Object(Closure))
#51 C:\\wamp64\\www\\klaes\\vendor\\laravel\\framework\\src\\Illuminate\\Foundation\\Http\\Middleware\\ValidatePostSize.php(27): Illuminate\\Pipeline\\Pipeline->Illuminate\\Pipeline\\{closure}(Object(Illuminate\\Http\\Request))
#52 C:\\wamp64\\www\\klaes\\vendor\\laravel\\framework\\src\\Illuminate\\Pipeline\\Pipeline.php(180): Illuminate\\Foundation\\Http\\Middleware\\ValidatePostSize->handle(Object(Illuminate\\Http\\Request), Object(Closure))
#53 C:\\wamp64\\www\\klaes\\vendor\\laravel\\framework\\src\\Illuminate\\Foundation\\Http\\Middleware\\PreventRequestsDuringMaintenance.php(86): Illuminate\\Pipeline\\Pipeline->Illuminate\\Pipeline\\{closure}(Object(Illuminate\\Http\\Request))
#54 C:\\wamp64\\www\\klaes\\vendor\\laravel\\framework\\src\\Illuminate\\Pipeline\\Pipeline.php(180): Illuminate\\Foundation\\Http\\Middleware\\PreventRequestsDuringMaintenance->handle(Object(Illuminate\\Http\\Request), Object(Closure))
#55 C:\\wamp64\\www\\klaes\\vendor\\laravel\\framework\\src\\Illuminate\\Http\\Middleware\\HandleCors.php(49): Illuminate\\Pipeline\\Pipeline->Illuminate\\Pipeline\\{closure}(Object(Illuminate\\Http\\Request))
#56 C:\\wamp64\\www\\klaes\\vendor\\laravel\\framework\\src\\Illuminate\\Pipeline\\Pipeline.php(180): Illuminate\\Http\\Middleware\\HandleCors->handle(Object(Illuminate\\Http\\Request), Object(Closure))
#57 C:\\wamp64\\www\\klaes\\vendor\\laravel\\framework\\src\\Illuminate\\Http\\Middleware\\TrustProxies.php(39): Illuminate\\Pipeline\\Pipeline->Illuminate\\Pipeline\\{closure}(Object(Illuminate\\Http\\Request))
#58 C:\\wamp64\\www\\klaes\\vendor\\laravel\\framework\\src\\Illuminate\\Pipeline\\Pipeline.php(180): Illuminate\\Http\\Middleware\\TrustProxies->handle(Object(Illuminate\\Http\\Request), Object(Closure))
#59 C:\\wamp64\\www\\klaes\\vendor\\laravel\\framework\\src\\Illuminate\\Pipeline\\Pipeline.php(116): Illuminate\\Pipeline\\Pipeline->Illuminate\\Pipeline\\{closure}(Object(Illuminate\\Http\\Request))
#60 C:\\wamp64\\www\\klaes\\vendor\\laravel\\framework\\src\\Illuminate\\Foundation\\Http\\Kernel.php(165): Illuminate\\Pipeline\\Pipeline->then(Object(Closure))
#61 C:\\wamp64\\www\\klaes\\vendor\\laravel\\framework\\src\\Illuminate\\Foundation\\Http\\Kernel.php(134): Illuminate\\Foundation\\Http\\Kernel->sendRequestThroughRouter(Object(Illuminate\\Http\\Request))
#62 C:\\wamp64\\www\\klaes\\public\\index.php(54): Illuminate\\Foundation\\Http\\Kernel->handle(Object(Illuminate\\Http\\Request))
#63 C:\\wamp64\\www\\klaes\\vendor\\laravel\\framework\\src\\Illuminate\\Foundation\\resources\\server.php(16): require_once('C:\\\\wamp64\\\\www\\\\k...')
#64 {main}

[previous exception] [object] (Symfony\\Component\\Routing\\Exception\\RouteNotFoundException(code: 0): Route [temporary-file.print-recommendation] not defined. at C:\\wamp64\\www\\klaes\\vendor\\laravel\\framework\\src\\Illuminate\\Routing\\UrlGenerator.php:467)
[stacktrace]
#0 C:\\wamp64\\www\\klaes\\vendor\\laravel\\framework\\src\\Illuminate\\Foundation\\helpers.php(826): Illuminate\\Routing\\UrlGenerator->route('temporary-file....', 2, true)
#1 C:\\wamp64\\www\\klaes\\storage\\framework\\views\\f93918a37c874f9ca355e70f1a3beb7fd9213ac5.php(102): route('temporary-file....', 2)
#2 C:\\wamp64\\www\\klaes\\vendor\\laravel\\framework\\src\\Illuminate\\Filesystem\\Filesystem.php(109): require('C:\\\\wamp64\\\\www\\\\k...')
#3 C:\\wamp64\\www\\klaes\\vendor\\laravel\\framework\\src\\Illuminate\\Filesystem\\Filesystem.php(110): Illuminate\\Filesystem\\Filesystem::Illuminate\\Filesystem\\{closure}()
#4 C:\\wamp64\\www\\klaes\\vendor\\laravel\\framework\\src\\Illuminate\\View\\Engines\\PhpEngine.php(58): Illuminate\\Filesystem\\Filesystem->getRequire('C:\\\\wamp64\\\\www\\\\k...', Array)
#5 C:\\wamp64\\www\\klaes\\vendor\\livewire\\livewire\\src\\ComponentConcerns\\RendersLivewireComponents.php(69): Illuminate\\View\\Engines\\PhpEngine->evaluatePath('C:\\\\wamp64\\\\www\\\\k...', Array)
#6 C:\\wamp64\\www\\klaes\\vendor\\laravel\\framework\\src\\Illuminate\\View\\Engines\\CompilerEngine.php(70): Livewire\\LivewireViewCompilerEngine->evaluatePath('C:\\\\wamp64\\\\www\\\\k...', Array)
#7 C:\\wamp64\\www\\klaes\\vendor\\livewire\\livewire\\src\\ComponentConcerns\\RendersLivewireComponents.php(35): Illuminate\\View\\Engines\\CompilerEngine->get('C:\\\\wamp64\\\\www\\\\k...', Array)
#8 C:\\wamp64\\www\\klaes\\vendor\\laravel\\framework\\src\\Illuminate\\View\\View.php(195): Livewire\\LivewireViewCompilerEngine->get('C:\\\\wamp64\\\\www\\\\k...', Array)
#9 C:\\wamp64\\www\\klaes\\vendor\\laravel\\framework\\src\\Illuminate\\View\\View.php(178): Illuminate\\View\\View->getContents()
#10 C:\\wamp64\\www\\klaes\\vendor\\laravel\\framework\\src\\Illuminate\\View\\View.php(147): Illuminate\\View\\View->renderContents()
#11 C:\\wamp64\\www\\klaes\\vendor\\laravel\\framework\\src\\Illuminate\\Http\\Response.php(69): Illuminate\\View\\View->render()
#12 C:\\wamp64\\www\\klaes\\vendor\\laravel\\framework\\src\\Illuminate\\Http\\Response.php(35): Illuminate\\Http\\Response->setContent(Object(Illuminate\\View\\View))
#13 C:\\wamp64\\www\\klaes\\vendor\\laravel\\framework\\src\\Illuminate\\Routing\\Router.php(906): Illuminate\\Http\\Response->__construct(Object(Illuminate\\View\\View), 200, Array)
#14 C:\\wamp64\\www\\klaes\\vendor\\laravel\\framework\\src\\Illuminate\\Routing\\Router.php(875): Illuminate\\Routing\\Router::toResponse(Object(Illuminate\\Http\\Request), Object(Illuminate\\View\\View))
#15 C:\\wamp64\\www\\klaes\\vendor\\laravel\\framework\\src\\Illuminate\\Routing\\Router.php(797): Illuminate\\Routing\\Router->prepareResponse(Object(Illuminate\\Http\\Request), Object(Illuminate\\View\\View))
#16 C:\\wamp64\\www\\klaes\\vendor\\laravel\\framework\\src\\Illuminate\\Pipeline\\Pipeline.php(141): Illuminate\\Routing\\Router->Illuminate\\Routing\\{closure}(Object(Illuminate\\Http\\Request))
#17 C:\\wamp64\\www\\klaes\\app\\Http\\Middleware\\Verify2FA.php(26): Illuminate\\Pipeline\\Pipeline->Illuminate\\Pipeline\\{closure}(Object(Illuminate\\Http\\Request))
#18 C:\\wamp64\\www\\klaes\\vendor\\laravel\\framework\\src\\Illuminate\\Pipeline\\Pipeline.php(180): App\\Http\\Middleware\\Verify2FA->handle(Object(Illuminate\\Http\\Request), Object(Closure))
#19 C:\\wamp64\\www\\klaes\\vendor\\laravel\\framework\\src\\Illuminate\\Routing\\Middleware\\SubstituteBindings.php(50): Illuminate\\Pipeline\\Pipeline->Illuminate\\Pipeline\\{closure}(Object(Illuminate\\Http\\Request))
#20 C:\\wamp64\\www\\klaes\\vendor\\laravel\\framework\\src\\Illuminate\\Pipeline\\Pipeline.php(180): Illuminate\\Routing\\Middleware\\SubstituteBindings->handle(Object(Illuminate\\Http\\Request), Object(Closure))
#21 C:\\wamp64\\www\\klaes\\vendor\\laravel\\framework\\src\\Illuminate\\Auth\\Middleware\\Authenticate.php(44): Illuminate\\Pipeline\\Pipeline->Illuminate\\Pipeline\\{closure}(Object(Illuminate\\Http\\Request))
#22 C:\\wamp64\\www\\klaes\\vendor\\laravel\\framework\\src\\Illuminate\\Pipeline\\Pipeline.php(180): Illuminate\\Auth\\Middleware\\Authenticate->handle(Object(Illuminate\\Http\\Request), Object(Closure))
#23 C:\\wamp64\\www\\klaes\\vendor\\laravel\\framework\\src\\Illuminate\\Foundation\\Http\\Middleware\\VerifyCsrfToken.php(78): Illuminate\\Pipeline\\Pipeline->Illuminate\\Pipeline\\{closure}(Object(Illuminate\\Http\\Request))
#24 C:\\wamp64\\www\\klaes\\vendor\\laravel\\framework\\src\\Illuminate\\Pipeline\\Pipeline.php(180): Illuminate\\Foundation\\Http\\Middleware\\VerifyCsrfToken->handle(Object(Illuminate\\Http\\Request), Object(Closure))
#25 C:\\wamp64\\www\\klaes\\vendor\\laravel\\framework\\src\\Illuminate\\View\\Middleware\\ShareErrorsFromSession.php(49): Illuminate\\Pipeline\\Pipeline->Illuminate\\Pipeline\\{closure}(Object(Illuminate\\Http\\Request))
#26 C:\\wamp64\\www\\klaes\\vendor\\laravel\\framework\\src\\Illuminate\\Pipeline\\Pipeline.php(180): Illuminate\\View\\Middleware\\ShareErrorsFromSession->handle(Object(Illuminate\\Http\\Request), Object(Closure))
#27 C:\\wamp64\\www\\klaes\\vendor\\laravel\\framework\\src\\Illuminate\\Session\\Middleware\\StartSession.php(121): Illuminate\\Pipeline\\Pipeline->Illuminate\\Pipeline\\{closure}(Object(Illuminate\\Http\\Request))
#28 C:\\wamp64\\www\\klaes\\vendor\\laravel\\framework\\src\\Illuminate\\Session\\Middleware\\StartSession.php(64): Illuminate\\Session\\Middleware\\StartSession->handleStatefulRequest(Object(Illuminate\\Http\\Request), Object(Illuminate\\Session\\Store), Object(Closure))
#29 C:\\wamp64\\www\\klaes\\vendor\\laravel\\framework\\src\\Illuminate\\Pipeline\\Pipeline.php(180): Illuminate\\Session\\Middleware\\StartSession->handle(Object(Illuminate\\Http\\Request), Object(Closure))
#30 C:\\wamp64\\www\\klaes\\vendor\\laravel\\framework\\src\\Illuminate\\Cookie\\Middleware\\AddQueuedCookiesToResponse.php(37): Illuminate\\Pipeline\\Pipeline->Illuminate\\Pipeline\\{closure}(Object(Illuminate\\Http\\Request))
#31 C:\\wamp64\\www\\klaes\\vendor\\laravel\\framework\\src\\Illuminate\\Pipeline\\Pipeline.php(180): Illuminate\\Cookie\\Middleware\\AddQueuedCookiesToResponse->handle(Object(Illuminate\\Http\\Request), Object(Closure))
#32 C:\\wamp64\\www\\klaes\\vendor\\laravel\\framework\\src\\Illuminate\\Cookie\\Middleware\\EncryptCookies.php(67): Illuminate\\Pipeline\\Pipeline->Illuminate\\Pipeline\\{closure}(Object(Illuminate\\Http\\Request))
#33 C:\\wamp64\\www\\klaes\\vendor\\laravel\\framework\\src\\Illuminate\\Pipeline\\Pipeline.php(180): Illuminate\\Cookie\\Middleware\\EncryptCookies->handle(Object(Illuminate\\Http\\Request), Object(Closure))
#34 C:\\wamp64\\www\\klaes\\vendor\\laravel\\framework\\src\\Illuminate\\Pipeline\\Pipeline.php(116): Illuminate\\Pipeline\\Pipeline->Illuminate\\Pipeline\\{closure}(Object(Illuminate\\Http\\Request))
#35 C:\\wamp64\\www\\klaes\\vendor\\laravel\\framework\\src\\Illuminate\\Routing\\Router.php(797): Illuminate\\Pipeline\\Pipeline->then(Object(Closure))
#36 C:\\wamp64\\www\\klaes\\vendor\\laravel\\framework\\src\\Illuminate\\Routing\\Router.php(776): Illuminate\\Routing\\Router->runRouteWithinStack(Object(Illuminate\\Routing\\Route), Object(Illuminate\\Http\\Request))
#37 C:\\wamp64\\www\\klaes\\vendor\\laravel\\framework\\src\\Illuminate\\Routing\\Router.php(740): Illuminate\\Routing\\Router->runRoute(Object(Illuminate\\Http\\Request), Object(Illuminate\\Routing\\Route))
#38 C:\\wamp64\\www\\klaes\\vendor\\laravel\\framework\\src\\Illuminate\\Routing\\Router.php(729): Illuminate\\Routing\\Router->dispatchToRoute(Object(Illuminate\\Http\\Request))
#39 C:\\wamp64\\www\\klaes\\vendor\\laravel\\framework\\src\\Illuminate\\Foundation\\Http\\Kernel.php(190): Illuminate\\Routing\\Router->dispatch(Object(Illuminate\\Http\\Request))
#40 C:\\wamp64\\www\\klaes\\vendor\\laravel\\framework\\src\\Illuminate\\Pipeline\\Pipeline.php(141): Illuminate\\Foundation\\Http\\Kernel->Illuminate\\Foundation\\Http\\{closure}(Object(Illuminate\\Http\\Request))
#41 C:\\wamp64\\www\\klaes\\vendor\\livewire\\livewire\\src\\DisableBrowserCache.php(19): Illuminate\\Pipeline\\Pipeline->Illuminate\\Pipeline\\{closure}(Object(Illuminate\\Http\\Request))
#42 C:\\wamp64\\www\\klaes\\vendor\\laravel\\framework\\src\\Illuminate\\Pipeline\\Pipeline.php(180): Livewire\\DisableBrowserCache->handle(Object(Illuminate\\Http\\Request), Object(Closure))
#43 C:\\wamp64\\www\\klaes\\app\\Http\\Middleware\\Cors.php(23): Illuminate\\Pipeline\\Pipeline->Illuminate\\Pipeline\\{closure}(Object(Illuminate\\Http\\Request))
#44 C:\\wamp64\\www\\klaes\\vendor\\laravel\\framework\\src\\Illuminate\\Pipeline\\Pipeline.php(180): App\\Http\\Middleware\\Cors->handle(Object(Illuminate\\Http\\Request), Object(Closure))
#45 C:\\wamp64\\www\\klaes\\vendor\\laravel\\framework\\src\\Illuminate\\Foundation\\Http\\Middleware\\TransformsRequest.php(21): Illuminate\\Pipeline\\Pipeline->Illuminate\\Pipeline\\{closure}(Object(Illuminate\\Http\\Request))
#46 C:\\wamp64\\www\\klaes\\vendor\\laravel\\framework\\src\\Illuminate\\Foundation\\Http\\Middleware\\ConvertEmptyStringsToNull.php(31): Illuminate\\Foundation\\Http\\Middleware\\TransformsRequest->handle(Object(Illuminate\\Http\\Request), Object(Closure))
#47 C:\\wamp64\\www\\klaes\\vendor\\laravel\\framework\\src\\Illuminate\\Pipeline\\Pipeline.php(180): Illuminate\\Foundation\\Http\\Middleware\\ConvertEmptyStringsToNull->handle(Object(Illuminate\\Http\\Request), Object(Closure))
#48 C:\\wamp64\\www\\klaes\\vendor\\laravel\\framework\\src\\Illuminate\\Foundation\\Http\\Middleware\\TransformsRequest.php(21): Illuminate\\Pipeline\\Pipeline->Illuminate\\Pipeline\\{closure}(Object(Illuminate\\Http\\Request))
#49 C:\\wamp64\\www\\klaes\\vendor\\laravel\\framework\\src\\Illuminate\\Foundation\\Http\\Middleware\\TrimStrings.php(40): Illuminate\\Foundation\\Http\\Middleware\\TransformsRequest->handle(Object(Illuminate\\Http\\Request), Object(Closure))
#50 C:\\wamp64\\www\\klaes\\vendor\\laravel\\framework\\src\\Illuminate\\Pipeline\\Pipeline.php(180): Illuminate\\Foundation\\Http\\Middleware\\TrimStrings->handle(Object(Illuminate\\Http\\Request), Object(Closure))
#51 C:\\wamp64\\www\\klaes\\vendor\\laravel\\framework\\src\\Illuminate\\Foundation\\Http\\Middleware\\ValidatePostSize.php(27): Illuminate\\Pipeline\\Pipeline->Illuminate\\Pipeline\\{closure}(Object(Illuminate\\Http\\Request))
#52 C:\\wamp64\\www\\klaes\\vendor\\laravel\\framework\\src\\Illuminate\\Pipeline\\Pipeline.php(180): Illuminate\\Foundation\\Http\\Middleware\\ValidatePostSize->handle(Object(Illuminate\\Http\\Request), Object(Closure))
#53 C:\\wamp64\\www\\klaes\\vendor\\laravel\\framework\\src\\Illuminate\\Foundation\\Http\\Middleware\\PreventRequestsDuringMaintenance.php(86): Illuminate\\Pipeline\\Pipeline->Illuminate\\Pipeline\\{closure}(Object(Illuminate\\Http\\Request))
#54 C:\\wamp64\\www\\klaes\\vendor\\laravel\\framework\\src\\Illuminate\\Pipeline\\Pipeline.php(180): Illuminate\\Foundation\\Http\\Middleware\\PreventRequestsDuringMaintenance->handle(Object(Illuminate\\Http\\Request), Object(Closure))
#55 C:\\wamp64\\www\\klaes\\vendor\\laravel\\framework\\src\\Illuminate\\Http\\Middleware\\HandleCors.php(49): Illuminate\\Pipeline\\Pipeline->Illuminate\\Pipeline\\{closure}(Object(Illuminate\\Http\\Request))
#56 C:\\wamp64\\www\\klaes\\vendor\\laravel\\framework\\src\\Illuminate\\Pipeline\\Pipeline.php(180): Illuminate\\Http\\Middleware\\HandleCors->handle(Object(Illuminate\\Http\\Request), Object(Closure))
#57 C:\\wamp64\\www\\klaes\\vendor\\laravel\\framework\\src\\Illuminate\\Http\\Middleware\\TrustProxies.php(39): Illuminate\\Pipeline\\Pipeline->Illuminate\\Pipeline\\{closure}(Object(Illuminate\\Http\\Request))
#58 C:\\wamp64\\www\\klaes\\vendor\\laravel\\framework\\src\\Illuminate\\Pipeline\\Pipeline.php(180): Illuminate\\Http\\Middleware\\TrustProxies->handle(Object(Illuminate\\Http\\Request), Object(Closure))
#59 C:\\wamp64\\www\\klaes\\vendor\\laravel\\framework\\src\\Illuminate\\Pipeline\\Pipeline.php(116): Illuminate\\Pipeline\\Pipeline->Illuminate\\Pipeline\\{closure}(Object(Illuminate\\Http\\Request))
#60 C:\\wamp64\\www\\klaes\\vendor\\laravel\\framework\\src\\Illuminate\\Foundation\\Http\\Kernel.php(165): Illuminate\\Pipeline\\Pipeline->then(Object(Closure))
#61 C:\\wamp64\\www\\klaes\\vendor\\laravel\\framework\\src\\Illuminate\\Foundation\\Http\\Kernel.php(134): Illuminate\\Foundation\\Http\\Kernel->sendRequestThroughRouter(Object(Illuminate\\Http\\Request))
#62 C:\\wamp64\\www\\klaes\\public\\index.php(54): Illuminate\\Foundation\\Http\\Kernel->handle(Object(Illuminate\\Http\\Request))
#63 C:\\wamp64\\www\\klaes\\vendor\\laravel\\framework\\src\\Illuminate\\Foundation\\resources\\server.php(16): require_once('C:\\\\wamp64\\\\www\\\\k...')
#64 {main}
"} 
[2026-05-19 16:11:29] local.ERROR: Route [temporary-file.print-recommendation] not defined. {"view":{"view":"C:\\wamp64\\www\\klaes\\resources\\views\\lands_one_stop_shop\\temporary_file.blade.php","data":{"errors":"<pre class=sf-dump id=sf-dump-972455279 data-indent-pad=\"  \"><span class=sf-dump-note>Illuminate\\Support\\ViewErrorBag</span> {<a class=sf-dump-ref>#4416</a><samp data-depth=1 class=sf-dump-expanded>
  #<span class=sf-dump-protected title=\"Protected property\">bags</span>: []
</samp>}
</pre><script>Sfdump(\"sf-dump-972455279\", {\"maxDepth\":3,\"maxStringLength\":160})</script>
","records":"<pre class=sf-dump id=sf-dump-936072876 data-indent-pad=\"  \"><span class=sf-dump-note>Illuminate\\Database\\Eloquent\\Collection</span> {<a class=sf-dump-ref>#4440</a><samp data-depth=1 class=sf-dump-expanded>
  #<span class=sf-dump-protected title=\"Protected property\">items</span>: <span class=sf-dump-note>array:1</span> [<samp data-depth=2 class=sf-dump-compact>
    <span class=sf-dump-index>0</span> => <span class=sf-dump-note title=\"App\\Models\\LandsOneStopShop\\LandTemporaryFileNumber
\"><span class=\"sf-dump-ellipsis sf-dump-ellipsis-note\">App\\Models\\LandsOneStopShop</span><span class=\"sf-dump-ellipsis sf-dump-ellipsis-note\">\\</span>LandTemporaryFileNumber</span> {<a class=sf-dump-ref>#4443</a><samp data-depth=3 class=sf-dump-compact>
      #<span class=sf-dump-protected title=\"Protected property\">connection</span>: \"<span class=sf-dump-str title=\"6 characters\">sqlsrv</span>\"
      #<span class=sf-dump-protected title=\"Protected property\">table</span>: \"<span class=sf-dump-str title=\"27 characters\">land_temporary_file_numbers</span>\"
      #<span class=sf-dump-protected title=\"Protected property\">primaryKey</span>: \"<span class=sf-dump-str title=\"2 characters\">id</span>\"
      #<span class=sf-dump-protected title=\"Protected property\">keyType</span>: \"<span class=sf-dump-str title=\"3 characters\">int</span>\"
      +<span class=sf-dump-public title=\"Public property\">incrementing</span>: <span class=sf-dump-const>true</span>
      #<span class=sf-dump-protected title=\"Protected property\">with</span>: []
      #<span class=sf-dump-protected title=\"Protected property\">withCount</span>: []
      +<span class=sf-dump-public title=\"Public property\">preventsLazyLoading</span>: <span class=sf-dump-const>false</span>
      #<span class=sf-dump-protected title=\"Protected property\">perPage</span>: <span class=sf-dump-num>15</span>
      +<span class=sf-dump-public title=\"Public property\">exists</span>: <span class=sf-dump-const>true</span>
      +<span class=sf-dump-public title=\"Public property\">wasRecentlyCreated</span>: <span class=sf-dump-const>false</span>
      #<span class=sf-dump-protected title=\"Protected property\">escapeWhenCastingToString</span>: <span class=sf-dump-const>false</span>
      #<span class=sf-dump-protected title=\"Protected property\">attributes</span>: <span class=sf-dump-note>array:15</span> [ &#8230;15]
      #<span class=sf-dump-protected title=\"Protected property\">original</span>: <span class=sf-dump-note>array:15</span> [ &#8230;15]
      #<span class=sf-dump-protected title=\"Protected property\">changes</span>: []
      #<span class=sf-dump-protected title=\"Protected property\">casts</span>: <span class=sf-dump-note>array:3</span> [ &#8230;3]
      #<span class=sf-dump-protected title=\"Protected property\">classCastCache</span>: []
      #<span class=sf-dump-protected title=\"Protected property\">attributeCastCache</span>: []
      #<span class=sf-dump-protected title=\"Protected property\">dates</span>: []
      #<span class=sf-dump-protected title=\"Protected property\">dateFormat</span>: <span class=sf-dump-const>null</span>
      #<span class=sf-dump-protected title=\"Protected property\">appends</span>: []
      #<span class=sf-dump-protected title=\"Protected property\">dispatchesEvents</span>: []
      #<span class=sf-dump-protected title=\"Protected property\">observables</span>: []
      #<span class=sf-dump-protected title=\"Protected property\">relations</span>: []
      #<span class=sf-dump-protected title=\"Protected property\">touches</span>: []
      +<span class=sf-dump-public title=\"Public property\">timestamps</span>: <span class=sf-dump-const>true</span>
      #<span class=sf-dump-protected title=\"Protected property\">hidden</span>: []
      #<span class=sf-dump-protected title=\"Protected property\">visible</span>: []
      #<span class=sf-dump-protected title=\"Protected property\">fillable</span>: <span class=sf-dump-note>array:12</span> [ &#8230;12]
      #<span class=sf-dump-protected title=\"Protected property\">guarded</span>: <span class=sf-dump-note>array:1</span> [ &#8230;1]
    </samp>}
  </samp>]
  #<span class=sf-dump-protected title=\"Protected property\">escapeWhenCastingToString</span>: <span class=sf-dump-const>false</span>
</samp>}
</pre><script>Sfdump(\"sf-dump-936072876\", {\"maxDepth\":3,\"maxStringLength\":160})</script>
","limit":"<pre class=sf-dump id=sf-dump-1870792718 data-indent-pad=\"  \"><span class=sf-dump-num>50</span>
</pre><script>Sfdump(\"sf-dump-1870792718\", {\"maxDepth\":3,\"maxStringLength\":160})</script>
","search":"<pre class=sf-dump id=sf-dump-743505686 data-indent-pad=\"  \">\"\"
</pre><script>Sfdump(\"sf-dump-743505686\", {\"maxDepth\":3,\"maxStringLength\":160})</script>
","lgas":"<pre class=sf-dump id=sf-dump-959989006 data-indent-pad=\"  \"><span class=sf-dump-note>Illuminate\\Support\\Collection</span> {<a class=sf-dump-ref>#4431</a><samp data-depth=1 class=sf-dump-expanded>
  #<span class=sf-dump-protected title=\"Protected property\">items</span>: <span class=sf-dump-note>array:45</span> [<samp data-depth=2 class=sf-dump-compact>
    <span class=sf-dump-index>0</span> => {<a class=sf-dump-ref>#4435</a><samp data-depth=3 class=sf-dump-compact>
      +\"<span class=sf-dump-public title=\"Runtime added dynamic property\">id</span>\": \"<span class=sf-dump-str>1</span>\"
      +\"<span class=sf-dump-public title=\"Runtime added dynamic property\">name</span>\": \"<span class=sf-dump-str title=\"6 characters\">Ajingi</span>\"
      +\"<span class=sf-dump-public title=\"Runtime added dynamic property\">code</span>\": \"<span class=sf-dump-str title=\"6 characters\">AJINGI</span>\"
      +\"<span class=sf-dump-public title=\"Runtime added dynamic property\">slug</span>\": \"<span class=sf-dump-str title=\"6 characters\">ajingi</span>\"
      +\"<span class=sf-dump-public title=\"Runtime added dynamic property\">is_active</span>\": \"<span class=sf-dump-str>1</span>\"
      +\"<span class=sf-dump-public title=\"Runtime added dynamic property\">created_at</span>\": \"<span class=sf-dump-str title=\"23 characters\">2025-10-24 01:41:04.013</span>\"
      +\"<span class=sf-dump-public title=\"Runtime added dynamic property\">updated_at</span>\": \"<span class=sf-dump-str title=\"23 characters\">2025-10-30 00:52:32.323</span>\"
    </samp>}
    <span class=sf-dump-index>1</span> => {<a class=sf-dump-ref>#4433</a><samp data-depth=3 class=sf-dump-compact>
      +\"<span class=sf-dump-public title=\"Runtime added dynamic property\">id</span>\": \"<span class=sf-dump-str>2</span>\"
      +\"<span class=sf-dump-public title=\"Runtime added dynamic property\">name</span>\": \"<span class=sf-dump-str title=\"6 characters\">Albasu</span>\"
      +\"<span class=sf-dump-public title=\"Runtime added dynamic property\">code</span>\": \"<span class=sf-dump-str title=\"6 characters\">ALBASU</span>\"
      +\"<span class=sf-dump-public title=\"Runtime added dynamic property\">slug</span>\": \"<span class=sf-dump-str title=\"6 characters\">albasu</span>\"
      +\"<span class=sf-dump-public title=\"Runtime added dynamic property\">is_active</span>\": \"<span class=sf-dump-str>1</span>\"
      +\"<span class=sf-dump-public title=\"Runtime added dynamic property\">created_at</span>\": \"<span class=sf-dump-str title=\"23 characters\">2025-10-24 01:41:04.013</span>\"
      +\"<span class=sf-dump-public title=\"Runtime added dynamic property\">updated_at</span>\": \"<span class=sf-dump-str title=\"23 characters\">2025-10-30 00:52:32.323</span>\"
    </samp>}
    <span class=sf-dump-index>2</span> => {<a class=sf-dump-ref>#4434</a><samp data-depth=3 class=sf-dump-compact>
      +\"<span class=sf-dump-public title=\"Runtime added dynamic property\">id</span>\": \"<span class=sf-dump-str>3</span>\"
      +\"<span class=sf-dump-public title=\"Runtime added dynamic property\">name</span>\": \"<span class=sf-dump-str title=\"6 characters\">Bagwai</span>\"
      +\"<span class=sf-dump-public title=\"Runtime added dynamic property\">code</span>\": \"<span class=sf-dump-str title=\"6 characters\">BAGWAI</span>\"
      +\"<span class=sf-dump-public title=\"Runtime added dynamic property\">slug</span>\": \"<span class=sf-dump-str title=\"6 characters\">bagwai</span>\"
      +\"<span class=sf-dump-public title=\"Runtime added dynamic property\">is_active</span>\": \"<span class=sf-dump-str>1</span>\"
      +\"<span class=sf-dump-public title=\"Runtime added dynamic property\">created_at</span>\": \"<span class=sf-dump-str title=\"23 characters\">2025-10-24 01:41:04.013</span>\"
      +\"<span class=sf-dump-public title=\"Runtime added dynamic property\">updated_at</span>\": \"<span class=sf-dump-str title=\"23 characters\">2025-10-30 00:52:32.323</span>\"
    </samp>}
    <span class=sf-dump-index>3</span> => {<a class=sf-dump-ref>#4441</a><samp data-depth=3 class=sf-dump-compact>
      +\"<span class=sf-dump-public title=\"Runtime added dynamic property\">id</span>\": \"<span class=sf-dump-str>4</span>\"
      +\"<span class=sf-dump-public title=\"Runtime added dynamic property\">name</span>\": \"<span class=sf-dump-str title=\"6 characters\">Bebeji</span>\"
      +\"<span class=sf-dump-public title=\"Runtime added dynamic property\">code</span>\": \"<span class=sf-dump-str title=\"6 characters\">BEBEJI</span>\"
      +\"<span class=sf-dump-public title=\"Runtime added dynamic property\">slug</span>\": \"<span class=sf-dump-str title=\"6 characters\">bebeji</span>\"
      +\"<span class=sf-dump-public title=\"Runtime added dynamic property\">is_active</span>\": \"<span class=sf-dump-str>1</span>\"
      +\"<span class=sf-dump-public title=\"Runtime added dynamic property\">created_at</span>\": \"<span class=sf-dump-str title=\"23 characters\">2025-10-24 01:41:04.013</span>\"
      +\"<span class=sf-dump-public title=\"Runtime added dynamic property\">updated_at</span>\": \"<span class=sf-dump-str title=\"23 characters\">2025-10-30 00:52:32.323</span>\"
    </samp>}
    <span class=sf-dump-index>4</span> => {<a class=sf-dump-ref>#4445</a><samp data-depth=3 class=sf-dump-compact>
      +\"<span class=sf-dump-public title=\"Runtime added dynamic property\">id</span>\": \"<span class=sf-dump-str>5</span>\"
      +\"<span class=sf-dump-public title=\"Runtime added dynamic property\">name</span>\": \"<span class=sf-dump-str title=\"5 characters\">Bichi</span>\"
      +\"<span class=sf-dump-public title=\"Runtime added dynamic property\">code</span>\": \"<span class=sf-dump-str title=\"5 characters\">BICHI</span>\"
      +\"<span class=sf-dump-public title=\"Runtime added dynamic property\">slug</span>\": \"<span class=sf-dump-str title=\"5 characters\">bichi</span>\"
      +\"<span class=sf-dump-public title=\"Runtime added dynamic property\">is_active</span>\": \"<span class=sf-dump-str>1</span>\"
      +\"<span class=sf-dump-public title=\"Runtime added dynamic property\">created_at</span>\": \"<span class=sf-dump-str title=\"23 characters\">2025-10-24 01:41:04.013</span>\"
      +\"<span class=sf-dump-public title=\"Runtime added dynamic property\">updated_at</span>\": \"<span class=sf-dump-str title=\"23 characters\">2025-10-30 00:52:32.323</span>\"
    </samp>}
    <span class=sf-dump-index>5</span> => {<a class=sf-dump-ref>#4446</a><samp data-depth=3 class=sf-dump-compact>
      +\"<span class=sf-dump-public title=\"Runtime added dynamic property\">id</span>\": \"<span class=sf-dump-str>6</span>\"
      +\"<span class=sf-dump-public title=\"Runtime added dynamic property\">name</span>\": \"<span class=sf-dump-str title=\"7 characters\">Bunkure</span>\"
      +\"<span class=sf-dump-public title=\"Runtime added dynamic property\">code</span>\": \"<span class=sf-dump-str title=\"7 characters\">BUNKURE</span>\"
      +\"<span class=sf-dump-public title=\"Runtime added dynamic property\">slug</span>\": \"<span class=sf-dump-str title=\"7 characters\">bunkure</span>\"
      +\"<span class=sf-dump-public title=\"Runtime added dynamic property\">is_active</span>\": \"<span class=sf-dump-str>1</span>\"
      +\"<span class=sf-dump-public title=\"Runtime added dynamic property\">created_at</span>\": \"<span class=sf-dump-str title=\"23 characters\">2025-10-24 01:41:04.013</span>\"
      +\"<span class=sf-dump-public title=\"Runtime added dynamic property\">updated_at</span>\": \"<span class=sf-dump-str title=\"23 characters\">2025-10-30 00:52:32.323</span>\"
    </samp>}
    <span class=sf-dump-index>6</span> => {<a class=sf-dump-ref>#4447</a><samp data-depth=3 class=sf-dump-compact>
      +\"<span class=sf-dump-public title=\"Runtime added dynamic property\">id</span>\": \"<span class=sf-dump-str>7</span>\"
      +\"<span class=sf-dump-public title=\"Runtime added dynamic property\">name</span>\": \"<span class=sf-dump-str title=\"4 characters\">Dala</span>\"
      +\"<span class=sf-dump-public title=\"Runtime added dynamic property\">code</span>\": \"<span class=sf-dump-str title=\"4 characters\">DALA</span>\"
      +\"<span class=sf-dump-public title=\"Runtime added dynamic property\">slug</span>\": \"<span class=sf-dump-str title=\"4 characters\">dala</span>\"
      +\"<span class=sf-dump-public title=\"Runtime added dynamic property\">is_active</span>\": \"<span class=sf-dump-str>1</span>\"
      +\"<span class=sf-dump-public title=\"Runtime added dynamic property\">created_at</span>\": \"<span class=sf-dump-str title=\"23 characters\">2025-10-24 01:41:04.013</span>\"
      +\"<span class=sf-dump-public title=\"Runtime added dynamic property\">updated_at</span>\": \"<span class=sf-dump-str title=\"23 characters\">2025-10-30 00:52:32.323</span>\"
    </samp>}
    <span class=sf-dump-index>7</span> => {<a class=sf-dump-ref>#4448</a><samp data-depth=3 class=sf-dump-compact>
      +\"<span class=sf-dump-public title=\"Runtime added dynamic property\">id</span>\": \"<span class=sf-dump-str>8</span>\"
      +\"<span class=sf-dump-public title=\"Runtime added dynamic property\">name</span>\": \"<span class=sf-dump-str title=\"8 characters\">Dambatta</span>\"
      +\"<span class=sf-dump-public title=\"Runtime added dynamic property\">code</span>\": \"<span class=sf-dump-str title=\"8 characters\">DAMBATTA</span>\"
      +\"<span class=sf-dump-public title=\"Runtime added dynamic property\">slug</span>\": \"<span class=sf-dump-str title=\"8 characters\">dambatta</span>\"
      +\"<span class=sf-dump-public title=\"Runtime added dynamic property\">is_active</span>\": \"<span class=sf-dump-str>1</span>\"
      +\"<span class=sf-dump-public title=\"Runtime added dynamic property\">created_at</span>\": \"<span class=sf-dump-str title=\"23 characters\">2025-10-24 01:41:04.013</span>\"
      +\"<span class=sf-dump-public title=\"Runtime added dynamic property\">updated_at</span>\": \"<span class=sf-dump-str title=\"23 characters\">2025-10-30 00:52:32.323</span>\"
    </samp>}
    <span class=sf-dump-index>8</span> => {<a class=sf-dump-ref>#4449</a><samp data-depth=3 class=sf-dump-compact>
      +\"<span class=sf-dump-public title=\"Runtime added dynamic property\">id</span>\": \"<span class=sf-dump-str>9</span>\"
      +\"<span class=sf-dump-public title=\"Runtime added dynamic property\">name</span>\": \"<span class=sf-dump-str title=\"12 characters\">Dawakin Kudu</span>\"
      +\"<span class=sf-dump-public title=\"Runtime added dynamic property\">code</span>\": \"<span class=sf-dump-str title=\"12 characters\">DAWAKIN_KUDU</span>\"
      +\"<span class=sf-dump-public title=\"Runtime added dynamic property\">slug</span>\": \"<span class=sf-dump-str title=\"12 characters\">dawakin-kudu</span>\"
      +\"<span class=sf-dump-public title=\"Runtime added dynamic property\">is_active</span>\": \"<span class=sf-dump-str>1</span>\"
      +\"<span class=sf-dump-public title=\"Runtime added dynamic property\">created_at</span>\": \"<span class=sf-dump-str title=\"23 characters\">2025-10-24 01:41:04.013</span>\"
      +\"<span class=sf-dump-public title=\"Runtime added dynamic property\">updated_at</span>\": \"<span class=sf-dump-str title=\"23 characters\">2025-10-30 00:52:32.323</span>\"
    </samp>}
    <span class=sf-dump-index>9</span> => {<a class=sf-dump-ref>#4450</a><samp data-depth=3 class=sf-dump-compact>
      +\"<span class=sf-dump-public title=\"Runtime added dynamic property\">id</span>\": \"<span class=sf-dump-str title=\"2 characters\">10</span>\"
      +\"<span class=sf-dump-public title=\"Runtime added dynamic property\">name</span>\": \"<span class=sf-dump-str title=\"12 characters\">Dawakin Tofa</span>\"
      +\"<span class=sf-dump-public title=\"Runtime added dynamic property\">code</span>\": \"<span class=sf-dump-str title=\"12 characters\">DAWAKIN_TOFA</span>\"
      +\"<span class=sf-dump-public title=\"Runtime added dynamic property\">slug</span>\": \"<span class=sf-dump-str title=\"12 characters\">dawakin-tofa</span>\"
      +\"<span class=sf-dump-public title=\"Runtime added dynamic property\">is_active</span>\": \"<span class=sf-dump-str>1</span>\"
      +\"<span class=sf-dump-public title=\"Runtime added dynamic property\">created_at</span>\": \"<span class=sf-dump-str title=\"23 characters\">2025-10-24 01:41:04.013</span>\"
      +\"<span class=sf-dump-public title=\"Runtime added dynamic property\">updated_at</span>\": \"<span class=sf-dump-str title=\"23 characters\">2025-10-30 00:52:32.323</span>\"
    </samp>}
    <span class=sf-dump-index>10</span> => {<a class=sf-dump-ref>#4451</a><samp data-depth=3 class=sf-dump-compact>
      +\"<span class=sf-dump-public title=\"Runtime added dynamic property\">id</span>\": \"<span class=sf-dump-str title=\"2 characters\">11</span>\"
      +\"<span class=sf-dump-public title=\"Runtime added dynamic property\">name</span>\": \"<span class=sf-dump-str title=\"6 characters\">Doguwa</span>\"
      +\"<span class=sf-dump-public title=\"Runtime added dynamic property\">code</span>\": \"<span class=sf-dump-str title=\"6 characters\">DOGUWA</span>\"
      +\"<span class=sf-dump-public title=\"Runtime added dynamic property\">slug</span>\": \"<span class=sf-dump-str title=\"6 characters\">doguwa</span>\"
      +\"<span class=sf-dump-public title=\"Runtime added dynamic property\">is_active</span>\": \"<span class=sf-dump-str>1</span>\"
      +\"<span class=sf-dump-public title=\"Runtime added dynamic property\">created_at</span>\": \"<span class=sf-dump-str title=\"23 characters\">2025-10-24 01:41:04.013</span>\"
      +\"<span class=sf-dump-public title=\"Runtime added dynamic property\">updated_at</span>\": \"<span class=sf-dump-str title=\"23 characters\">2025-10-30 00:52:32.323</span>\"
    </samp>}
    <span class=sf-dump-index>11</span> => {<a class=sf-dump-ref>#4452</a><samp data-depth=3 class=sf-dump-compact>
      +\"<span class=sf-dump-public title=\"Runtime added dynamic property\">id</span>\": \"<span class=sf-dump-str title=\"2 characters\">12</span>\"
      +\"<span class=sf-dump-public title=\"Runtime added dynamic property\">name</span>\": \"<span class=sf-dump-str title=\"5 characters\">Fagge</span>\"
      +\"<span class=sf-dump-public title=\"Runtime added dynamic property\">code</span>\": \"<span class=sf-dump-str title=\"5 characters\">FAGGE</span>\"
      +\"<span class=sf-dump-public title=\"Runtime added dynamic property\">slug</span>\": \"<span class=sf-dump-str title=\"5 characters\">fagge</span>\"
      +\"<span class=sf-dump-public title=\"Runtime added dynamic property\">is_active</span>\": \"<span class=sf-dump-str>1</span>\"
      +\"<span class=sf-dump-public title=\"Runtime added dynamic property\">created_at</span>\": \"<span class=sf-dump-str title=\"23 characters\">2025-10-24 01:41:04.013</span>\"
      +\"<span class=sf-dump-public title=\"Runtime added dynamic property\">updated_at</span>\": \"<span class=sf-dump-str title=\"23 characters\">2025-10-30 00:52:32.323</span>\"
    </samp>}
    <span class=sf-dump-index>12</span> => {<a class=sf-dump-ref>#4453</a><samp data-depth=3 class=sf-dump-compact>
      +\"<span class=sf-dump-public title=\"Runtime added dynamic property\">id</span>\": \"<span class=sf-dump-str title=\"2 characters\">13</span>\"
      +\"<span class=sf-dump-public title=\"Runtime added dynamic property\">name</span>\": \"<span class=sf-dump-str title=\"8 characters\">Gabasawa</span>\"
      +\"<span class=sf-dump-public title=\"Runtime added dynamic property\">code</span>\": \"<span class=sf-dump-str title=\"8 characters\">GABASAWA</span>\"
      +\"<span class=sf-dump-public title=\"Runtime added dynamic property\">slug</span>\": \"<span class=sf-dump-str title=\"8 characters\">gabasawa</span>\"
      +\"<span class=sf-dump-public title=\"Runtime added dynamic property\">is_active</span>\": \"<span class=sf-dump-str>1</span>\"
      +\"<span class=sf-dump-public title=\"Runtime added dynamic property\">created_at</span>\": \"<span class=sf-dump-str title=\"23 characters\">2025-10-24 01:41:04.013</span>\"
      +\"<span class=sf-dump-public title=\"Runtime added dynamic property\">updated_at</span>\": \"<span class=sf-dump-str title=\"23 characters\">2025-10-30 00:52:32.323</span>\"
    </samp>}
    <span class=sf-dump-index>13</span> => {<a class=sf-dump-ref>#4454</a><samp data-depth=3 class=sf-dump-compact>
      +\"<span class=sf-dump-public title=\"Runtime added dynamic property\">id</span>\": \"<span class=sf-dump-str title=\"2 characters\">14</span>\"
      +\"<span class=sf-dump-public title=\"Runtime added dynamic property\">name</span>\": \"<span class=sf-dump-str title=\"5 characters\">Garko</span>\"
      +\"<span class=sf-dump-public title=\"Runtime added dynamic property\">code</span>\": \"<span class=sf-dump-str title=\"5 characters\">GARKO</span>\"
      +\"<span class=sf-dump-public title=\"Runtime added dynamic property\">slug</span>\": \"<span class=sf-dump-str title=\"5 characters\">garko</span>\"
      +\"<span class=sf-dump-public title=\"Runtime added dynamic property\">is_active</span>\": \"<span class=sf-dump-str>1</span>\"
      +\"<span class=sf-dump-public title=\"Runtime added dynamic property\">created_at</span>\": \"<span class=sf-dump-str title=\"23 characters\">2025-10-24 01:41:04.013</span>\"
      +\"<span class=sf-dump-public title=\"Runtime added dynamic property\">updated_at</span>\": \"<span class=sf-dump-str title=\"23 characters\">2025-10-30 00:52:32.323</span>\"
    </samp>}
    <span class=sf-dump-index>14</span> => {<a class=sf-dump-ref>#4455</a><samp data-depth=3 class=sf-dump-compact>
      +\"<span class=sf-dump-public title=\"Runtime added dynamic property\">id</span>\": \"<span class=sf-dump-str title=\"2 characters\">15</span>\"
      +\"<span class=sf-dump-public title=\"Runtime added dynamic property\">name</span>\": \"<span class=sf-dump-str title=\"12 characters\">Garun Mallam</span>\"
      +\"<span class=sf-dump-public title=\"Runtime added dynamic property\">code</span>\": \"<span class=sf-dump-str title=\"12 characters\">GARUN_MALLAM</span>\"
      +\"<span class=sf-dump-public title=\"Runtime added dynamic property\">slug</span>\": \"<span class=sf-dump-str title=\"12 characters\">garun-mallam</span>\"
      +\"<span class=sf-dump-public title=\"Runtime added dynamic property\">is_active</span>\": \"<span class=sf-dump-str>1</span>\"
      +\"<span class=sf-dump-public title=\"Runtime added dynamic property\">created_at</span>\": \"<span class=sf-dump-str title=\"23 characters\">2025-10-24 01:41:04.013</span>\"
      +\"<span class=sf-dump-public title=\"Runtime added dynamic property\">updated_at</span>\": \"<span class=sf-dump-str title=\"23 characters\">2025-10-30 00:52:32.323</span>\"
    </samp>}
    <span class=sf-dump-index>15</span> => {<a class=sf-dump-ref>#4456</a><samp data-depth=3 class=sf-dump-compact>
      +\"<span class=sf-dump-public title=\"Runtime added dynamic property\">id</span>\": \"<span class=sf-dump-str title=\"2 characters\">16</span>\"
      +\"<span class=sf-dump-public title=\"Runtime added dynamic property\">name</span>\": \"<span class=sf-dump-str title=\"4 characters\">Gaya</span>\"
      +\"<span class=sf-dump-public title=\"Runtime added dynamic property\">code</span>\": \"<span class=sf-dump-str title=\"4 characters\">GAYA</span>\"
      +\"<span class=sf-dump-public title=\"Runtime added dynamic property\">slug</span>\": \"<span class=sf-dump-str title=\"4 characters\">gaya</span>\"
      +\"<span class=sf-dump-public title=\"Runtime added dynamic property\">is_active</span>\": \"<span class=sf-dump-str>1</span>\"
      +\"<span class=sf-dump-public title=\"Runtime added dynamic property\">created_at</span>\": \"<span class=sf-dump-str title=\"23 characters\">2025-10-24 01:41:04.013</span>\"
      +\"<span class=sf-dump-public title=\"Runtime added dynamic property\">updated_at</span>\": \"<span class=sf-dump-str title=\"23 characters\">2025-10-30 00:52:32.323</span>\"
    </samp>}
    <span class=sf-dump-index>16</span> => {<a class=sf-dump-ref>#4457</a><samp data-depth=3 class=sf-dump-compact>
      +\"<span class=sf-dump-public title=\"Runtime added dynamic property\">id</span>\": \"<span class=sf-dump-str title=\"2 characters\">17</span>\"
      +\"<span class=sf-dump-public title=\"Runtime added dynamic property\">name</span>\": \"<span class=sf-dump-str title=\"6 characters\">Gezawa</span>\"
      +\"<span class=sf-dump-public title=\"Runtime added dynamic property\">code</span>\": \"<span class=sf-dump-str title=\"6 characters\">GEZAWA</span>\"
      +\"<span class=sf-dump-public title=\"Runtime added dynamic property\">slug</span>\": \"<span class=sf-dump-str title=\"6 characters\">gezawa</span>\"
      +\"<span class=sf-dump-public title=\"Runtime added dynamic property\">is_active</span>\": \"<span class=sf-dump-str>1</span>\"
      +\"<span class=sf-dump-public title=\"Runtime added dynamic property\">created_at</span>\": \"<span class=sf-dump-str title=\"23 characters\">2025-10-24 01:41:04.013</span>\"
      +\"<span class=sf-dump-public title=\"Runtime added dynamic property\">updated_at</span>\": \"<span class=sf-dump-str title=\"23 characters\">2025-10-30 00:52:32.323</span>\"
    </samp>}
    <span class=sf-dump-index>17</span> => {<a class=sf-dump-ref>#4458</a><samp data-depth=3 class=sf-dump-compact>
      +\"<span class=sf-dump-public title=\"Runtime added dynamic property\">id</span>\": \"<span class=sf-dump-str title=\"2 characters\">26</span>\"
      +\"<span class=sf-dump-public title=\"Runtime added dynamic property\">name</span>\": \"<span class=sf-dump-str title=\"5 characters\">Ghari</span>\"
      +\"<span class=sf-dump-public title=\"Runtime added dynamic property\">code</span>\": \"<span class=sf-dump-str title=\"5 characters\">GHARI</span>\"
      +\"<span class=sf-dump-public title=\"Runtime added dynamic property\">slug</span>\": \"<span class=sf-dump-str title=\"5 characters\">Ghari</span>\"
      +\"<span class=sf-dump-public title=\"Runtime added dynamic property\">is_active</span>\": \"<span class=sf-dump-str>1</span>\"
      +\"<span class=sf-dump-public title=\"Runtime added dynamic property\">created_at</span>\": \"<span class=sf-dump-str title=\"23 characters\">2025-10-24 01:41:04.013</span>\"
      +\"<span class=sf-dump-public title=\"Runtime added dynamic property\">updated_at</span>\": \"<span class=sf-dump-str title=\"23 characters\">2025-10-30 00:52:32.323</span>\"
    </samp>}
    <span class=sf-dump-index>18</span> => {<a class=sf-dump-ref>#4459</a><samp data-depth=3 class=sf-dump-compact>
      +\"<span class=sf-dump-public title=\"Runtime added dynamic property\">id</span>\": \"<span class=sf-dump-str title=\"2 characters\">18</span>\"
      +\"<span class=sf-dump-public title=\"Runtime added dynamic property\">name</span>\": \"<span class=sf-dump-str title=\"5 characters\">Gwale</span>\"
      +\"<span class=sf-dump-public title=\"Runtime added dynamic property\">code</span>\": \"<span class=sf-dump-str title=\"5 characters\">GWALE</span>\"
      +\"<span class=sf-dump-public title=\"Runtime added dynamic property\">slug</span>\": \"<span class=sf-dump-str title=\"5 characters\">gwale</span>\"
      +\"<span class=sf-dump-public title=\"Runtime added dynamic property\">is_active</span>\": \"<span class=sf-dump-str>1</span>\"
      +\"<span class=sf-dump-public title=\"Runtime added dynamic property\">created_at</span>\": \"<span class=sf-dump-str title=\"23 characters\">2025-10-24 01:41:04.013</span>\"
      +\"<span class=sf-dump-public title=\"Runtime added dynamic property\">updated_at</span>\": \"<span class=sf-dump-str title=\"23 characters\">2025-10-30 00:52:32.323</span>\"
    </samp>}
    <span class=sf-dump-index>19</span> => {<a class=sf-dump-ref>#4460</a><samp data-depth=3 class=sf-dump-compact>
      +\"<span class=sf-dump-public title=\"Runtime added dynamic property\">id</span>\": \"<span class=sf-dump-str title=\"2 characters\">19</span>\"
      +\"<span class=sf-dump-public title=\"Runtime added dynamic property\">name</span>\": \"<span class=sf-dump-str title=\"6 characters\">Gwarzo</span>\"
      +\"<span class=sf-dump-public title=\"Runtime added dynamic property\">code</span>\": \"<span class=sf-dump-str title=\"6 characters\">GWARZO</span>\"
      +\"<span class=sf-dump-public title=\"Runtime added dynamic property\">slug</span>\": \"<span class=sf-dump-str title=\"6 characters\">gwarzo</span>\"
      +\"<span class=sf-dump-public title=\"Runtime added dynamic property\">is_active</span>\": \"<span class=sf-dump-str>1</span>\"
      +\"<span class=sf-dump-public title=\"Runtime added dynamic property\">created_at</span>\": \"<span class=sf-dump-str title=\"23 characters\">2025-10-24 01:41:04.013</span>\"
      +\"<span class=sf-dump-public title=\"Runtime added dynamic property\">updated_at</span>\": \"<span class=sf-dump-str title=\"23 characters\">2025-10-30 00:52:32.323</span>\"
    </samp>}
    <span class=sf-dump-index>20</span> => {<a class=sf-dump-ref>#4461</a><samp data-depth=3 class=sf-dump-compact>
      +\"<span class=sf-dump-public title=\"Runtime added dynamic property\">id</span>\": \"<span class=sf-dump-str title=\"2 characters\">20</span>\"
      +\"<span class=sf-dump-public title=\"Runtime added dynamic property\">name</span>\": \"<span class=sf-dump-str title=\"4 characters\">Kabo</span>\"
      +\"<span class=sf-dump-public title=\"Runtime added dynamic property\">code</span>\": \"<span class=sf-dump-str title=\"4 characters\">KABO</span>\"
      +\"<span class=sf-dump-public title=\"Runtime added dynamic property\">slug</span>\": \"<span class=sf-dump-str title=\"4 characters\">kabo</span>\"
      +\"<span class=sf-dump-public title=\"Runtime added dynamic property\">is_active</span>\": \"<span class=sf-dump-str>1</span>\"
      +\"<span class=sf-dump-public title=\"Runtime added dynamic property\">created_at</span>\": \"<span class=sf-dump-str title=\"23 characters\">2025-10-24 01:41:04.013</span>\"
      +\"<span class=sf-dump-public title=\"Runtime added dynamic property\">updated_at</span>\": \"<span class=sf-dump-str title=\"23 characters\">2025-10-30 00:52:32.323</span>\"
    </samp>}
    <span class=sf-dump-index>21</span> => {<a class=sf-dump-ref>#4462</a><samp data-depth=3 class=sf-dump-compact>
      +\"<span class=sf-dump-public title=\"Runtime added dynamic property\">id</span>\": \"<span class=sf-dump-str title=\"2 characters\">21</span>\"
      +\"<span class=sf-dump-public title=\"Runtime added dynamic property\">name</span>\": \"<span class=sf-dump-str title=\"14 characters\">Kano Municipal</span>\"
      +\"<span class=sf-dump-public title=\"Runtime added dynamic property\">code</span>\": \"<span class=sf-dump-str title=\"14 characters\">KANO_MUNICIPAL</span>\"
      +\"<span class=sf-dump-public title=\"Runtime added dynamic property\">slug</span>\": \"<span class=sf-dump-str title=\"14 characters\">kano-municipal</span>\"
      +\"<span class=sf-dump-public title=\"Runtime added dynamic property\">is_active</span>\": \"<span class=sf-dump-str>1</span>\"
      +\"<span class=sf-dump-public title=\"Runtime added dynamic property\">created_at</span>\": \"<span class=sf-dump-str title=\"23 characters\">2025-10-24 01:41:04.013</span>\"
      +\"<span class=sf-dump-public title=\"Runtime added dynamic property\">updated_at</span>\": \"<span class=sf-dump-str title=\"23 characters\">2025-10-30 00:52:32.323</span>\"
    </samp>}
    <span class=sf-dump-index>22</span> => {<a class=sf-dump-ref>#4463</a><samp data-depth=3 class=sf-dump-compact>
      +\"<span class=sf-dump-public title=\"Runtime added dynamic property\">id</span>\": \"<span class=sf-dump-str title=\"2 characters\">22</span>\"
      +\"<span class=sf-dump-public title=\"Runtime added dynamic property\">name</span>\": \"<span class=sf-dump-str title=\"6 characters\">Karaye</span>\"
      +\"<span class=sf-dump-public title=\"Runtime added dynamic property\">code</span>\": \"<span class=sf-dump-str title=\"6 characters\">KARAYE</span>\"
      +\"<span class=sf-dump-public title=\"Runtime added dynamic property\">slug</span>\": \"<span class=sf-dump-str title=\"6 characters\">karaye</span>\"
      +\"<span class=sf-dump-public title=\"Runtime added dynamic property\">is_active</span>\": \"<span class=sf-dump-str>1</span>\"
      +\"<span class=sf-dump-public title=\"Runtime added dynamic property\">created_at</span>\": \"<span class=sf-dump-str title=\"23 characters\">2025-10-24 01:41:04.013</span>\"
      +\"<span class=sf-dump-public title=\"Runtime added dynamic property\">updated_at</span>\": \"<span class=sf-dump-str title=\"23 characters\">2025-10-30 00:52:32.323</span>\"
    </samp>}
    <span class=sf-dump-index>23</span> => {<a class=sf-dump-ref>#4464</a><samp data-depth=3 class=sf-dump-compact>
      +\"<span class=sf-dump-public title=\"Runtime added dynamic property\">id</span>\": \"<span class=sf-dump-str title=\"2 characters\">23</span>\"
      +\"<span class=sf-dump-public title=\"Runtime added dynamic property\">name</span>\": \"<span class=sf-dump-str title=\"6 characters\">Kibiya</span>\"
      +\"<span class=sf-dump-public title=\"Runtime added dynamic property\">code</span>\": \"<span class=sf-dump-str title=\"6 characters\">KIBIYA</span>\"
      +\"<span class=sf-dump-public title=\"Runtime added dynamic property\">slug</span>\": \"<span class=sf-dump-str title=\"6 characters\">kibiya</span>\"
      +\"<span class=sf-dump-public title=\"Runtime added dynamic property\">is_active</span>\": \"<span class=sf-dump-str>1</span>\"
      +\"<span class=sf-dump-public title=\"Runtime added dynamic property\">created_at</span>\": \"<span class=sf-dump-str title=\"23 characters\">2025-10-24 01:41:04.013</span>\"
      +\"<span class=sf-dump-public title=\"Runtime added dynamic property\">updated_at</span>\": \"<span class=sf-dump-str title=\"23 characters\">2025-10-30 00:52:32.323</span>\"
    </samp>}
    <span class=sf-dump-index>24</span> => {<a class=sf-dump-ref>#4465</a><samp data-depth=3 class=sf-dump-compact>
      +\"<span class=sf-dump-public title=\"Runtime added dynamic property\">id</span>\": \"<span class=sf-dump-str title=\"2 characters\">24</span>\"
      +\"<span class=sf-dump-public title=\"Runtime added dynamic property\">name</span>\": \"<span class=sf-dump-str title=\"4 characters\">Kiru</span>\"
      +\"<span class=sf-dump-public title=\"Runtime added dynamic property\">code</span>\": \"<span class=sf-dump-str title=\"4 characters\">KIRU</span>\"
      +\"<span class=sf-dump-public title=\"Runtime added dynamic property\">slug</span>\": \"<span class=sf-dump-str title=\"4 characters\">kiru</span>\"
      +\"<span class=sf-dump-public title=\"Runtime added dynamic property\">is_active</span>\": \"<span class=sf-dump-str>1</span>\"
      +\"<span class=sf-dump-public title=\"Runtime added dynamic property\">created_at</span>\": \"<span class=sf-dump-str title=\"23 characters\">2025-10-24 01:41:04.013</span>\"
      +\"<span class=sf-dump-public title=\"Runtime added dynamic property\">updated_at</span>\": \"<span class=sf-dump-str title=\"23 characters\">2025-10-30 00:52:32.323</span>\"
    </samp>}
    <span class=sf-dump-index>25</span> => {<a class=sf-dump-ref>#4466</a><samp data-depth=3 class=sf-dump-compact>
      +\"<span class=sf-dump-public title=\"Runtime added dynamic property\">id</span>\": \"<span class=sf-dump-str title=\"2 characters\">25</span>\"
      +\"<span class=sf-dump-public title=\"Runtime added dynamic property\">name</span>\": \"<span class=sf-dump-str title=\"8 characters\">Kumbotso</span>\"
      +\"<span class=sf-dump-public title=\"Runtime added dynamic property\">code</span>\": \"<span class=sf-dump-str title=\"8 characters\">KUMBOTSO</span>\"
      +\"<span class=sf-dump-public title=\"Runtime added dynamic property\">slug</span>\": \"<span class=sf-dump-str title=\"8 characters\">kumbotso</span>\"
      +\"<span class=sf-dump-public title=\"Runtime added dynamic property\">is_active</span>\": \"<span class=sf-dump-str>1</span>\"
      +\"<span class=sf-dump-public title=\"Runtime added dynamic property\">created_at</span>\": \"<span class=sf-dump-str title=\"23 characters\">2025-10-24 01:41:04.013</span>\"
      +\"<span class=sf-dump-public title=\"Runtime added dynamic property\">updated_at</span>\": \"<span class=sf-dump-str title=\"23 characters\">2025-10-30 00:52:32.323</span>\"
    </samp>}
    <span class=sf-dump-index>26</span> => {<a class=sf-dump-ref>#4467</a><samp data-depth=3 class=sf-dump-compact>
      +\"<span class=sf-dump-public title=\"Runtime added dynamic property\">id</span>\": \"<span class=sf-dump-str title=\"2 characters\">27</span>\"
      +\"<span class=sf-dump-public title=\"Runtime added dynamic property\">name</span>\": \"<span class=sf-dump-str title=\"4 characters\">Kura</span>\"
      +\"<span class=sf-dump-public title=\"Runtime added dynamic property\">code</span>\": \"<span class=sf-dump-str title=\"4 characters\">KURA</span>\"
      +\"<span class=sf-dump-public title=\"Runtime added dynamic property\">slug</span>\": \"<span class=sf-dump-str title=\"4 characters\">kura</span>\"
      +\"<span class=sf-dump-public title=\"Runtime added dynamic property\">is_active</span>\": \"<span class=sf-dump-str>1</span>\"
      +\"<span class=sf-dump-public title=\"Runtime added dynamic property\">created_at</span>\": \"<span class=sf-dump-str title=\"23 characters\">2025-10-24 01:41:04.013</span>\"
      +\"<span class=sf-dump-public title=\"Runtime added dynamic property\">updated_at</span>\": \"<span class=sf-dump-str title=\"23 characters\">2025-10-30 00:52:32.323</span>\"
    </samp>}
    <span class=sf-dump-index>27</span> => {<a class=sf-dump-ref>#4468</a><samp data-depth=3 class=sf-dump-compact>
      +\"<span class=sf-dump-public title=\"Runtime added dynamic property\">id</span>\": \"<span class=sf-dump-str title=\"2 characters\">28</span>\"
      +\"<span class=sf-dump-public title=\"Runtime added dynamic property\">name</span>\": \"<span class=sf-dump-str title=\"6 characters\">Madobi</span>\"
      +\"<span class=sf-dump-public title=\"Runtime added dynamic property\">code</span>\": \"<span class=sf-dump-str title=\"6 characters\">MADOBI</span>\"
      +\"<span class=sf-dump-public title=\"Runtime added dynamic property\">slug</span>\": \"<span class=sf-dump-str title=\"6 characters\">madobi</span>\"
      +\"<span class=sf-dump-public title=\"Runtime added dynamic property\">is_active</span>\": \"<span class=sf-dump-str>1</span>\"
      +\"<span class=sf-dump-public title=\"Runtime added dynamic property\">created_at</span>\": \"<span class=sf-dump-str title=\"23 characters\">2025-10-24 01:41:04.013</span>\"
      +\"<span class=sf-dump-public title=\"Runtime added dynamic property\">updated_at</span>\": \"<span class=sf-dump-str title=\"23 characters\">2025-10-30 00:52:32.323</span>\"
    </samp>}
    <span class=sf-dump-index>28</span> => {<a class=sf-dump-ref>#4469</a><samp data-depth=3 class=sf-dump-compact>
      +\"<span class=sf-dump-public title=\"Runtime added dynamic property\">id</span>\": \"<span class=sf-dump-str title=\"2 characters\">29</span>\"
      +\"<span class=sf-dump-public title=\"Runtime added dynamic property\">name</span>\": \"<span class=sf-dump-str title=\"6 characters\">Makoda</span>\"
      +\"<span class=sf-dump-public title=\"Runtime added dynamic property\">code</span>\": \"<span class=sf-dump-str title=\"6 characters\">MAKODA</span>\"
      +\"<span class=sf-dump-public title=\"Runtime added dynamic property\">slug</span>\": \"<span class=sf-dump-str title=\"6 characters\">makoda</span>\"
      +\"<span class=sf-dump-public title=\"Runtime added dynamic property\">is_active</span>\": \"<span class=sf-dump-str>1</span>\"
      +\"<span class=sf-dump-public title=\"Runtime added dynamic property\">created_at</span>\": \"<span class=sf-dump-str title=\"23 characters\">2025-10-24 01:41:04.013</span>\"
      +\"<span class=sf-dump-public title=\"Runtime added dynamic property\">updated_at</span>\": \"<span class=sf-dump-str title=\"23 characters\">2025-10-30 00:52:32.323</span>\"
    </samp>}
    <span class=sf-dump-index>29</span> => {<a class=sf-dump-ref>#4470</a><samp data-depth=3 class=sf-dump-compact>
      +\"<span class=sf-dump-public title=\"Runtime added dynamic property\">id</span>\": \"<span class=sf-dump-str title=\"2 characters\">30</span>\"
      +\"<span class=sf-dump-public title=\"Runtime added dynamic property\">name</span>\": \"<span class=sf-dump-str title=\"8 characters\">Minjibir</span>\"
      +\"<span class=sf-dump-public title=\"Runtime added dynamic property\">code</span>\": \"<span class=sf-dump-str title=\"8 characters\">MINJIBIR</span>\"
      +\"<span class=sf-dump-public title=\"Runtime added dynamic property\">slug</span>\": \"<span class=sf-dump-str title=\"8 characters\">minjibir</span>\"
      +\"<span class=sf-dump-public title=\"Runtime added dynamic property\">is_active</span>\": \"<span class=sf-dump-str>1</span>\"
      +\"<span class=sf-dump-public title=\"Runtime added dynamic property\">created_at</span>\": \"<span class=sf-dump-str title=\"23 characters\">2025-10-24 01:41:04.013</span>\"
      +\"<span class=sf-dump-public title=\"Runtime added dynamic property\">updated_at</span>\": \"<span class=sf-dump-str title=\"23 characters\">2025-10-30 00:52:32.323</span>\"
    </samp>}
    <span class=sf-dump-index>30</span> => {<a class=sf-dump-ref>#4471</a><samp data-depth=3 class=sf-dump-compact>
      +\"<span class=sf-dump-public title=\"Runtime added dynamic property\">id</span>\": \"<span class=sf-dump-str title=\"2 characters\">31</span>\"
      +\"<span class=sf-dump-public title=\"Runtime added dynamic property\">name</span>\": \"<span class=sf-dump-str title=\"8 characters\">Nasarawa</span>\"
      +\"<span class=sf-dump-public title=\"Runtime added dynamic property\">code</span>\": \"<span class=sf-dump-str title=\"8 characters\">NASARAWA</span>\"
      +\"<span class=sf-dump-public title=\"Runtime added dynamic property\">slug</span>\": \"<span class=sf-dump-str title=\"8 characters\">nasarawa</span>\"
      +\"<span class=sf-dump-public title=\"Runtime added dynamic property\">is_active</span>\": \"<span class=sf-dump-str>1</span>\"
      +\"<span class=sf-dump-public title=\"Runtime added dynamic property\">created_at</span>\": \"<span class=sf-dump-str title=\"23 characters\">2025-10-24 01:41:04.013</span>\"
      +\"<span class=sf-dump-public title=\"Runtime added dynamic property\">updated_at</span>\": \"<span class=sf-dump-str title=\"23 characters\">2025-10-30 00:52:32.323</span>\"
    </samp>}
    <span class=sf-dump-index>31</span> => {<a class=sf-dump-ref>#4472</a><samp data-depth=3 class=sf-dump-compact>
      +\"<span class=sf-dump-public title=\"Runtime added dynamic property\">id</span>\": \"<span class=sf-dump-str title=\"2 characters\">32</span>\"
      +\"<span class=sf-dump-public title=\"Runtime added dynamic property\">name</span>\": \"<span class=sf-dump-str title=\"4 characters\">Rano</span>\"
      +\"<span class=sf-dump-public title=\"Runtime added dynamic property\">code</span>\": \"<span class=sf-dump-str title=\"4 characters\">RANO</span>\"
      +\"<span class=sf-dump-public title=\"Runtime added dynamic property\">slug</span>\": \"<span class=sf-dump-str title=\"4 characters\">rano</span>\"
      +\"<span class=sf-dump-public title=\"Runtime added dynamic property\">is_active</span>\": \"<span class=sf-dump-str>1</span>\"
      +\"<span class=sf-dump-public title=\"Runtime added dynamic property\">created_at</span>\": \"<span class=sf-dump-str title=\"23 characters\">2025-10-24 01:41:04.013</span>\"
      +\"<span class=sf-dump-public title=\"Runtime added dynamic property\">updated_at</span>\": \"<span class=sf-dump-str title=\"23 characters\">2025-10-30 00:52:32.323</span>\"
    </samp>}
    <span class=sf-dump-index>32</span> => {<a class=sf-dump-ref>#4473</a><samp data-depth=3 class=sf-dump-compact>
      +\"<span class=sf-dump-public title=\"Runtime added dynamic property\">id</span>\": \"<span class=sf-dump-str title=\"2 characters\">33</span>\"
      +\"<span class=sf-dump-public title=\"Runtime added dynamic property\">name</span>\": \"<span class=sf-dump-str title=\"10 characters\">Rimin Gado</span>\"
      +\"<span class=sf-dump-public title=\"Runtime added dynamic property\">code</span>\": \"<span class=sf-dump-str title=\"10 characters\">RIMIN_GADO</span>\"
      +\"<span class=sf-dump-public title=\"Runtime added dynamic property\">slug</span>\": \"<span class=sf-dump-str title=\"10 characters\">rimin-gado</span>\"
      +\"<span class=sf-dump-public title=\"Runtime added dynamic property\">is_active</span>\": \"<span class=sf-dump-str>1</span>\"
      +\"<span class=sf-dump-public title=\"Runtime added dynamic property\">created_at</span>\": \"<span class=sf-dump-str title=\"23 characters\">2025-10-24 01:41:04.013</span>\"
      +\"<span class=sf-dump-public title=\"Runtime added dynamic property\">updated_at</span>\": \"<span class=sf-dump-str title=\"23 characters\">2025-10-30 00:52:32.323</span>\"
    </samp>}
    <span class=sf-dump-index>33</span> => {<a class=sf-dump-ref>#4474</a><samp data-depth=3 class=sf-dump-compact>
      +\"<span class=sf-dump-public title=\"Runtime added dynamic property\">id</span>\": \"<span class=sf-dump-str title=\"2 characters\">34</span>\"
      +\"<span class=sf-dump-public title=\"Runtime added dynamic property\">name</span>\": \"<span class=sf-dump-str title=\"4 characters\">Rogo</span>\"
      +\"<span class=sf-dump-public title=\"Runtime added dynamic property\">code</span>\": \"<span class=sf-dump-str title=\"4 characters\">ROGO</span>\"
      +\"<span class=sf-dump-public title=\"Runtime added dynamic property\">slug</span>\": \"<span class=sf-dump-str title=\"4 characters\">rogo</span>\"
      +\"<span class=sf-dump-public title=\"Runtime added dynamic property\">is_active</span>\": \"<span class=sf-dump-str>1</span>\"
      +\"<span class=sf-dump-public title=\"Runtime added dynamic property\">created_at</span>\": \"<span class=sf-dump-str title=\"23 characters\">2025-10-24 01:41:04.013</span>\"
      +\"<span class=sf-dump-public title=\"Runtime added dynamic property\">updated_at</span>\": \"<span class=sf-dump-str title=\"23 characters\">2025-10-30 00:52:32.323</span>\"
    </samp>}
    <span class=sf-dump-index>34</span> => {<a class=sf-dump-ref>#4475</a><samp data-depth=3 class=sf-dump-compact>
      +\"<span class=sf-dump-public title=\"Runtime added dynamic property\">id</span>\": \"<span class=sf-dump-str title=\"2 characters\">35</span>\"
      +\"<span class=sf-dump-public title=\"Runtime added dynamic property\">name</span>\": \"<span class=sf-dump-str title=\"7 characters\">Shanono</span>\"
      +\"<span class=sf-dump-public title=\"Runtime added dynamic property\">code</span>\": \"<span class=sf-dump-str title=\"7 characters\">SHANONO</span>\"
      +\"<span class=sf-dump-public title=\"Runtime added dynamic property\">slug</span>\": \"<span class=sf-dump-str title=\"7 characters\">shanono</span>\"
      +\"<span class=sf-dump-public title=\"Runtime added dynamic property\">is_active</span>\": \"<span class=sf-dump-str>1</span>\"
      +\"<span class=sf-dump-public title=\"Runtime added dynamic property\">created_at</span>\": \"<span class=sf-dump-str title=\"23 characters\">2025-10-24 01:41:04.013</span>\"
      +\"<span class=sf-dump-public title=\"Runtime added dynamic property\">updated_at</span>\": \"<span class=sf-dump-str title=\"23 characters\">2025-10-30 00:52:32.323</span>\"
    </samp>}
    <span class=sf-dump-index>35</span> => {<a class=sf-dump-ref>#4476</a><samp data-depth=3 class=sf-dump-compact>
      +\"<span class=sf-dump-public title=\"Runtime added dynamic property\">id</span>\": \"<span class=sf-dump-str title=\"2 characters\">36</span>\"
      +\"<span class=sf-dump-public title=\"Runtime added dynamic property\">name</span>\": \"<span class=sf-dump-str title=\"7 characters\">Sumaila</span>\"
      +\"<span class=sf-dump-public title=\"Runtime added dynamic property\">code</span>\": \"<span class=sf-dump-str title=\"7 characters\">SUMAILA</span>\"
      +\"<span class=sf-dump-public title=\"Runtime added dynamic property\">slug</span>\": \"<span class=sf-dump-str title=\"7 characters\">sumaila</span>\"
      +\"<span class=sf-dump-public title=\"Runtime added dynamic property\">is_active</span>\": \"<span class=sf-dump-str>1</span>\"
      +\"<span class=sf-dump-public title=\"Runtime added dynamic property\">created_at</span>\": \"<span class=sf-dump-str title=\"23 characters\">2025-10-24 01:41:04.013</span>\"
      +\"<span class=sf-dump-public title=\"Runtime added dynamic property\">updated_at</span>\": \"<span class=sf-dump-str title=\"23 characters\">2025-10-30 00:52:32.323</span>\"
    </samp>}
    <span class=sf-dump-index>36</span> => {<a class=sf-dump-ref>#4477</a><samp data-depth=3 class=sf-dump-compact>
      +\"<span class=sf-dump-public title=\"Runtime added dynamic property\">id</span>\": \"<span class=sf-dump-str title=\"2 characters\">37</span>\"
      +\"<span class=sf-dump-public title=\"Runtime added dynamic property\">name</span>\": \"<span class=sf-dump-str title=\"5 characters\">Takai</span>\"
      +\"<span class=sf-dump-public title=\"Runtime added dynamic property\">code</span>\": \"<span class=sf-dump-str title=\"5 characters\">TAKAI</span>\"
      +\"<span class=sf-dump-public title=\"Runtime added dynamic property\">slug</span>\": \"<span class=sf-dump-str title=\"5 characters\">takai</span>\"
      +\"<span class=sf-dump-public title=\"Runtime added dynamic property\">is_active</span>\": \"<span class=sf-dump-str>1</span>\"
      +\"<span class=sf-dump-public title=\"Runtime added dynamic property\">created_at</span>\": \"<span class=sf-dump-str title=\"23 characters\">2025-10-24 01:41:04.013</span>\"
      +\"<span class=sf-dump-public title=\"Runtime added dynamic property\">updated_at</span>\": \"<span class=sf-dump-str title=\"23 characters\">2025-10-30 00:52:32.323</span>\"
    </samp>}
    <span class=sf-dump-index>37</span> => {<a class=sf-dump-ref>#4478</a><samp data-depth=3 class=sf-dump-compact>
      +\"<span class=sf-dump-public title=\"Runtime added dynamic property\">id</span>\": \"<span class=sf-dump-str title=\"2 characters\">38</span>\"
      +\"<span class=sf-dump-public title=\"Runtime added dynamic property\">name</span>\": \"<span class=sf-dump-str title=\"7 characters\">Tarauni</span>\"
      +\"<span class=sf-dump-public title=\"Runtime added dynamic property\">code</span>\": \"<span class=sf-dump-str title=\"7 characters\">TARAUNI</span>\"
      +\"<span class=sf-dump-public title=\"Runtime added dynamic property\">slug</span>\": \"<span class=sf-dump-str title=\"7 characters\">tarauni</span>\"
      +\"<span class=sf-dump-public title=\"Runtime added dynamic property\">is_active</span>\": \"<span class=sf-dump-str>1</span>\"
      +\"<span class=sf-dump-public title=\"Runtime added dynamic property\">created_at</span>\": \"<span class=sf-dump-str title=\"23 characters\">2025-10-24 01:41:04.013</span>\"
      +\"<span class=sf-dump-public title=\"Runtime added dynamic property\">updated_at</span>\": \"<span class=sf-dump-str title=\"23 characters\">2025-10-30 00:52:32.323</span>\"
    </samp>}
    <span class=sf-dump-index>38</span> => {<a class=sf-dump-ref>#4479</a><samp data-depth=3 class=sf-dump-compact>
      +\"<span class=sf-dump-public title=\"Runtime added dynamic property\">id</span>\": \"<span class=sf-dump-str title=\"2 characters\">39</span>\"
      +\"<span class=sf-dump-public title=\"Runtime added dynamic property\">name</span>\": \"<span class=sf-dump-str title=\"4 characters\">Tofa</span>\"
      +\"<span class=sf-dump-public title=\"Runtime added dynamic property\">code</span>\": \"<span class=sf-dump-str title=\"4 characters\">TOFA</span>\"
      +\"<span class=sf-dump-public title=\"Runtime added dynamic property\">slug</span>\": \"<span class=sf-dump-str title=\"4 characters\">tofa</span>\"
      +\"<span class=sf-dump-public title=\"Runtime added dynamic property\">is_active</span>\": \"<span class=sf-dump-str>1</span>\"
      +\"<span class=sf-dump-public title=\"Runtime added dynamic property\">created_at</span>\": \"<span class=sf-dump-str title=\"23 characters\">2025-10-24 01:41:04.013</span>\"
      +\"<span class=sf-dump-public title=\"Runtime added dynamic property\">updated_at</span>\": \"<span class=sf-dump-str title=\"23 characters\">2025-10-30 00:52:32.323</span>\"
    </samp>}
    <span class=sf-dump-index>39</span> => {<a class=sf-dump-ref>#4480</a><samp data-depth=3 class=sf-dump-compact>
      +\"<span class=sf-dump-public title=\"Runtime added dynamic property\">id</span>\": \"<span class=sf-dump-str title=\"2 characters\">40</span>\"
      +\"<span class=sf-dump-public title=\"Runtime added dynamic property\">name</span>\": \"<span class=sf-dump-str title=\"8 characters\">Tsanyawa</span>\"
      +\"<span class=sf-dump-public title=\"Runtime added dynamic property\">code</span>\": \"<span class=sf-dump-str title=\"8 characters\">TSANYAWA</span>\"
      +\"<span class=sf-dump-public title=\"Runtime added dynamic property\">slug</span>\": \"<span class=sf-dump-str title=\"8 characters\">tsanyawa</span>\"
      +\"<span class=sf-dump-public title=\"Runtime added dynamic property\">is_active</span>\": \"<span class=sf-dump-str>1</span>\"
      +\"<span class=sf-dump-public title=\"Runtime added dynamic property\">created_at</span>\": \"<span class=sf-dump-str title=\"23 characters\">2025-10-24 01:41:04.013</span>\"
      +\"<span class=sf-dump-public title=\"Runtime added dynamic property\">updated_at</span>\": \"<span class=sf-dump-str title=\"23 characters\">2025-10-30 00:52:32.323</span>\"
    </samp>}
    <span class=sf-dump-index>40</span> => {<a class=sf-dump-ref>#4481</a><samp data-depth=3 class=sf-dump-compact>
      +\"<span class=sf-dump-public title=\"Runtime added dynamic property\">id</span>\": \"<span class=sf-dump-str title=\"2 characters\">41</span>\"
      +\"<span class=sf-dump-public title=\"Runtime added dynamic property\">name</span>\": \"<span class=sf-dump-str title=\"10 characters\">Tudun Wada</span>\"
      +\"<span class=sf-dump-public title=\"Runtime added dynamic property\">code</span>\": \"<span class=sf-dump-str title=\"10 characters\">TUDUN_WADA</span>\"
      +\"<span class=sf-dump-public title=\"Runtime added dynamic property\">slug</span>\": \"<span class=sf-dump-str title=\"10 characters\">tudun-wada</span>\"
      +\"<span class=sf-dump-public title=\"Runtime added dynamic property\">is_active</span>\": \"<span class=sf-dump-str>1</span>\"
      +\"<span class=sf-dump-public title=\"Runtime added dynamic property\">created_at</span>\": \"<span class=sf-dump-str title=\"23 characters\">2025-10-24 01:41:04.013</span>\"
      +\"<span class=sf-dump-public title=\"Runtime added dynamic property\">updated_at</span>\": \"<span class=sf-dump-str title=\"23 characters\">2025-10-30 00:52:32.323</span>\"
    </samp>}
    <span class=sf-dump-index>41</span> => {<a class=sf-dump-ref>#4482</a><samp data-depth=3 class=sf-dump-compact>
      +\"<span class=sf-dump-public title=\"Runtime added dynamic property\">id</span>\": \"<span class=sf-dump-str title=\"2 characters\">42</span>\"
      +\"<span class=sf-dump-public title=\"Runtime added dynamic property\">name</span>\": \"<span class=sf-dump-str title=\"6 characters\">Ungogo</span>\"
      +\"<span class=sf-dump-public title=\"Runtime added dynamic property\">code</span>\": \"<span class=sf-dump-str title=\"6 characters\">UNGOGO</span>\"
      +\"<span class=sf-dump-public title=\"Runtime added dynamic property\">slug</span>\": \"<span class=sf-dump-str title=\"6 characters\">ungogo</span>\"
      +\"<span class=sf-dump-public title=\"Runtime added dynamic property\">is_active</span>\": \"<span class=sf-dump-str>1</span>\"
      +\"<span class=sf-dump-public title=\"Runtime added dynamic property\">created_at</span>\": \"<span class=sf-dump-str title=\"23 characters\">2025-10-24 01:41:04.013</span>\"
      +\"<span class=sf-dump-public title=\"Runtime added dynamic property\">updated_at</span>\": \"<span class=sf-dump-str title=\"23 characters\">2025-10-30 00:52:32.323</span>\"
    </samp>}
    <span class=sf-dump-index>42</span> => {<a class=sf-dump-ref>#4483</a><samp data-depth=3 class=sf-dump-compact>
      +\"<span class=sf-dump-public title=\"Runtime added dynamic property\">id</span>\": \"<span class=sf-dump-str title=\"2 characters\">45</span>\"
      +\"<span class=sf-dump-public title=\"Runtime added dynamic property\">name</span>\": \"<span class=sf-dump-str title=\"7 characters\">Unknown</span>\"
      +\"<span class=sf-dump-public title=\"Runtime added dynamic property\">code</span>\": \"<span class=sf-dump-str title=\"7 characters\">UNKNOWN</span>\"
      +\"<span class=sf-dump-public title=\"Runtime added dynamic property\">slug</span>\": \"<span class=sf-dump-str title=\"7 characters\">Unknown</span>\"
      +\"<span class=sf-dump-public title=\"Runtime added dynamic property\">is_active</span>\": \"<span class=sf-dump-str>1</span>\"
      +\"<span class=sf-dump-public title=\"Runtime added dynamic property\">created_at</span>\": <span class=sf-dump-const>null</span>
      +\"<span class=sf-dump-public title=\"Runtime added dynamic property\">updated_at</span>\": <span class=sf-dump-const>null</span>
    </samp>}
    <span class=sf-dump-index>43</span> => {<a class=sf-dump-ref>#4484</a><samp data-depth=3 class=sf-dump-compact>
      +\"<span class=sf-dump-public title=\"Runtime added dynamic property\">id</span>\": \"<span class=sf-dump-str title=\"2 characters\">43</span>\"
      +\"<span class=sf-dump-public title=\"Runtime added dynamic property\">name</span>\": \"<span class=sf-dump-str title=\"6 characters\">Warawa</span>\"
      +\"<span class=sf-dump-public title=\"Runtime added dynamic property\">code</span>\": \"<span class=sf-dump-str title=\"6 characters\">WARAWA</span>\"
      +\"<span class=sf-dump-public title=\"Runtime added dynamic property\">slug</span>\": \"<span class=sf-dump-str title=\"6 characters\">warawa</span>\"
      +\"<span class=sf-dump-public title=\"Runtime added dynamic property\">is_active</span>\": \"<span class=sf-dump-str>1</span>\"
      +\"<span class=sf-dump-public title=\"Runtime added dynamic property\">created_at</span>\": \"<span class=sf-dump-str title=\"23 characters\">2025-10-24 01:41:04.013</span>\"
      +\"<span class=sf-dump-public title=\"Runtime added dynamic property\">updated_at</span>\": \"<span class=sf-dump-str title=\"23 characters\">2025-10-30 00:52:32.323</span>\"
    </samp>}
    <span class=sf-dump-index>44</span> => {<a class=sf-dump-ref>#4485</a><samp data-depth=3 class=sf-dump-compact>
      +\"<span class=sf-dump-public title=\"Runtime added dynamic property\">id</span>\": \"<span class=sf-dump-str title=\"2 characters\">44</span>\"
      +\"<span class=sf-dump-public title=\"Runtime added dynamic property\">name</span>\": \"<span class=sf-dump-str title=\"5 characters\">Wudil</span>\"
      +\"<span class=sf-dump-public title=\"Runtime added dynamic property\">code</span>\": \"<span class=sf-dump-str title=\"5 characters\">WUDIL</span>\"
      +\"<span class=sf-dump-public title=\"Runtime added dynamic property\">slug</span>\": \"<span class=sf-dump-str title=\"5 characters\">wudil</span>\"
      +\"<span class=sf-dump-public title=\"Runtime added dynamic property\">is_active</span>\": \"<span class=sf-dump-str>1</span>\"
      +\"<span class=sf-dump-public title=\"Runtime added dynamic property\">created_at</span>\": \"<span class=sf-dump-str title=\"23 characters\">2025-10-24 01:41:04.013</span>\"
      +\"<span class=sf-dump-public title=\"Runtime added dynamic property\">updated_at</span>\": \"<span class=sf-dump-str title=\"23 characters\">2025-10-30 00:52:32.323</span>\"
    </samp>}
  </samp>]
  #<span class=sf-dump-protected title=\"Protected property\">escapeWhenCastingToString</span>: <span class=sf-dump-const>false</span>
</samp>}
</pre><script>Sfdump(\"sf-dump-959989006\", {\"maxDepth\":3,\"maxStringLength\":160})</script>
","districts":"<pre class=sf-dump id=sf-dump-46107507 data-indent-pad=\"  \"><span class=sf-dump-note>Illuminate\\Support\\Collection</span> {<a class=sf-dump-ref>#4436</a><samp data-depth=1 class=sf-dump-expanded>
  #<span class=sf-dump-protected title=\"Protected property\">items</span>: <span class=sf-dump-note>array:80</span> [<samp data-depth=2 class=sf-dump-compact>
    <span class=sf-dump-index>0</span> => {<a class=sf-dump-ref>#4486</a><samp data-depth=3 class=sf-dump-compact>
      +\"<span class=sf-dump-public title=\"Runtime added dynamic property\">id</span>\": \"<span class=sf-dump-str>6</span>\"
      +\"<span class=sf-dump-public title=\"Runtime added dynamic property\">name</span>\": \"<span class=sf-dump-str title=\"6 characters\">Ajingi</span>\"
      +\"<span class=sf-dump-public title=\"Runtime added dynamic property\">slug</span>\": \"<span class=sf-dump-str title=\"6 characters\">ajingi</span>\"
      +\"<span class=sf-dump-public title=\"Runtime added dynamic property\">is_active</span>\": \"<span class=sf-dump-str>1</span>\"
      +\"<span class=sf-dump-public title=\"Runtime added dynamic property\">created_at</span>\": \"<span class=sf-dump-str title=\"23 characters\">2025-10-24 01:41:04.013</span>\"
      +\"<span class=sf-dump-public title=\"Runtime added dynamic property\">updated_at</span>\": \"<span class=sf-dump-str title=\"23 characters\">2025-10-30 00:52:32.323</span>\"
    </samp>}
    <span class=sf-dump-index>1</span> => {<a class=sf-dump-ref>#4488</a><samp data-depth=3 class=sf-dump-compact>
      +\"<span class=sf-dump-public title=\"Runtime added dynamic property\">id</span>\": \"<span class=sf-dump-str>7</span>\"
      +\"<span class=sf-dump-public title=\"Runtime added dynamic property\">name</span>\": \"<span class=sf-dump-str title=\"6 characters\">Albasu</span>\"
      +\"<span class=sf-dump-public title=\"Runtime added dynamic property\">slug</span>\": \"<span class=sf-dump-str title=\"6 characters\">albasu</span>\"
      +\"<span class=sf-dump-public title=\"Runtime added dynamic property\">is_active</span>\": \"<span class=sf-dump-str>1</span>\"
      +\"<span class=sf-dump-public title=\"Runtime added dynamic property\">created_at</span>\": \"<span class=sf-dump-str title=\"23 characters\">2025-10-24 01:41:04.013</span>\"
      +\"<span class=sf-dump-public title=\"Runtime added dynamic property\">updated_at</span>\": \"<span class=sf-dump-str title=\"23 characters\">2025-10-30 00:52:32.323</span>\"
    </samp>}
    <span class=sf-dump-index>2</span> => {<a class=sf-dump-ref>#4489</a><samp data-depth=3 class=sf-dump-compact>
      +\"<span class=sf-dump-public title=\"Runtime added dynamic property\">id</span>\": \"<span class=sf-dump-str>8</span>\"
      +\"<span class=sf-dump-public title=\"Runtime added dynamic property\">name</span>\": \"<span class=sf-dump-str title=\"6 characters\">Bagwai</span>\"
      +\"<span class=sf-dump-public title=\"Runtime added dynamic property\">slug</span>\": \"<span class=sf-dump-str title=\"6 characters\">bagwai</span>\"
      +\"<span class=sf-dump-public title=\"Runtime added dynamic property\">is_active</span>\": \"<span class=sf-dump-str>1</span>\"
      +\"<span class=sf-dump-public title=\"Runtime added dynamic property\">created_at</span>\": \"<span class=sf-dump-str title=\"23 characters\">2025-10-24 01:41:04.013</span>\"
      +\"<span class=sf-dump-public title=\"Runtime added dynamic property\">updated_at</span>\": \"<span class=sf-dump-str title=\"23 characters\">2025-10-30 00:52:32.323</span>\"
    </samp>}
    <span class=sf-dump-index>3</span> => {<a class=sf-dump-ref>#4490</a><samp data-depth=3 class=sf-dump-compact>
      +\"<span class=sf-dump-public title=\"Runtime added dynamic property\">id</span>\": \"<span class=sf-dump-str>9</span>\"
      +\"<span class=sf-dump-public title=\"Runtime added dynamic property\">name</span>\": \"<span class=sf-dump-str title=\"6 characters\">Bebeji</span>\"
      +\"<span class=sf-dump-public title=\"Runtime added dynamic property\">slug</span>\": \"<span class=sf-dump-str title=\"6 characters\">bebeji</span>\"
      +\"<span class=sf-dump-public title=\"Runtime added dynamic property\">is_active</span>\": \"<span class=sf-dump-str>1</span>\"
      +\"<span class=sf-dump-public title=\"Runtime added dynamic property\">created_at</span>\": \"<span class=sf-dump-str title=\"23 characters\">2025-10-24 01:41:04.013</span>\"
      +\"<span class=sf-dump-public title=\"Runtime added dynamic property\">updated_at</span>\": \"<span class=sf-dump-str title=\"23 characters\">2025-10-30 00:52:32.323</span>\"
    </samp>}
    <span class=sf-dump-index>4</span> => {<a class=sf-dump-ref>#4492</a><samp data-depth=3 class=sf-dump-compact>
      +\"<span class=sf-dump-public title=\"Runtime added dynamic property\">id</span>\": \"<span class=sf-dump-str title=\"2 characters\">10</span>\"
      +\"<span class=sf-dump-public title=\"Runtime added dynamic property\">name</span>\": \"<span class=sf-dump-str title=\"5 characters\">Bichi</span>\"
      +\"<span class=sf-dump-public title=\"Runtime added dynamic property\">slug</span>\": \"<span class=sf-dump-str title=\"5 characters\">bichi</span>\"
      +\"<span class=sf-dump-public title=\"Runtime added dynamic property\">is_active</span>\": \"<span class=sf-dump-str>1</span>\"
      +\"<span class=sf-dump-public title=\"Runtime added dynamic property\">created_at</span>\": \"<span class=sf-dump-str title=\"23 characters\">2025-10-24 01:41:04.013</span>\"
      +\"<span class=sf-dump-public title=\"Runtime added dynamic property\">updated_at</span>\": \"<span class=sf-dump-str title=\"23 characters\">2025-10-30 00:52:32.323</span>\"
    </samp>}
    <span class=sf-dump-index>5</span> => {<a class=sf-dump-ref>#4493</a><samp data-depth=3 class=sf-dump-compact>
      +\"<span class=sf-dump-public title=\"Runtime added dynamic property\">id</span>\": \"<span class=sf-dump-str title=\"2 characters\">11</span>\"
      +\"<span class=sf-dump-public title=\"Runtime added dynamic property\">name</span>\": \"<span class=sf-dump-str title=\"7 characters\">Bunkure</span>\"
      +\"<span class=sf-dump-public title=\"Runtime added dynamic property\">slug</span>\": \"<span class=sf-dump-str title=\"7 characters\">bunkure</span>\"
      +\"<span class=sf-dump-public title=\"Runtime added dynamic property\">is_active</span>\": \"<span class=sf-dump-str>1</span>\"
      +\"<span class=sf-dump-public title=\"Runtime added dynamic property\">created_at</span>\": \"<span class=sf-dump-str title=\"23 characters\">2025-10-24 01:41:04.013</span>\"
      +\"<span class=sf-dump-public title=\"Runtime added dynamic property\">updated_at</span>\": \"<span class=sf-dump-str title=\"23 characters\">2025-10-30 00:52:32.323</span>\"
    </samp>}
    <span class=sf-dump-index>6</span> => {<a class=sf-dump-ref>#4494</a><samp data-depth=3 class=sf-dump-compact>
      +\"<span class=sf-dump-public title=\"Runtime added dynamic property\">id</span>\": \"<span class=sf-dump-str title=\"2 characters\">12</span>\"
      +\"<span class=sf-dump-public title=\"Runtime added dynamic property\">name</span>\": \"<span class=sf-dump-str title=\"4 characters\">City</span>\"
      +\"<span class=sf-dump-public title=\"Runtime added dynamic property\">slug</span>\": \"<span class=sf-dump-str title=\"4 characters\">city</span>\"
      +\"<span class=sf-dump-public title=\"Runtime added dynamic property\">is_active</span>\": \"<span class=sf-dump-str>1</span>\"
      +\"<span class=sf-dump-public title=\"Runtime added dynamic property\">created_at</span>\": \"<span class=sf-dump-str title=\"23 characters\">2025-10-24 01:41:04.013</span>\"
      +\"<span class=sf-dump-public title=\"Runtime added dynamic property\">updated_at</span>\": \"<span class=sf-dump-str title=\"23 characters\">2025-10-30 00:52:32.323</span>\"
    </samp>}
    <span class=sf-dump-index>7</span> => {<a class=sf-dump-ref>#4495</a><samp data-depth=3 class=sf-dump-compact>
      +\"<span class=sf-dump-public title=\"Runtime added dynamic property\">id</span>\": \"<span class=sf-dump-str title=\"2 characters\">13</span>\"
      +\"<span class=sf-dump-public title=\"Runtime added dynamic property\">name</span>\": \"<span class=sf-dump-str title=\"13 characters\">City District</span>\"
      +\"<span class=sf-dump-public title=\"Runtime added dynamic property\">slug</span>\": \"<span class=sf-dump-str title=\"13 characters\">city-district</span>\"
      +\"<span class=sf-dump-public title=\"Runtime added dynamic property\">is_active</span>\": \"<span class=sf-dump-str>1</span>\"
      +\"<span class=sf-dump-public title=\"Runtime added dynamic property\">created_at</span>\": \"<span class=sf-dump-str title=\"23 characters\">2025-10-24 01:41:04.013</span>\"
      +\"<span class=sf-dump-public title=\"Runtime added dynamic property\">updated_at</span>\": \"<span class=sf-dump-str title=\"23 characters\">2025-10-30 00:52:32.323</span>\"
    </samp>}
    <span class=sf-dump-index>8</span> => {<a class=sf-dump-ref>#4496</a><samp data-depth=3 class=sf-dump-compact>
      +\"<span class=sf-dump-public title=\"Runtime added dynamic property\">id</span>\": \"<span class=sf-dump-str title=\"2 characters\">14</span>\"
      +\"<span class=sf-dump-public title=\"Runtime added dynamic property\">name</span>\": \"<span class=sf-dump-str title=\"6 characters\">D/Kudu</span>\"
      +\"<span class=sf-dump-public title=\"Runtime added dynamic property\">slug</span>\": \"<span class=sf-dump-str title=\"5 characters\">dkudu</span>\"
      +\"<span class=sf-dump-public title=\"Runtime added dynamic property\">is_active</span>\": \"<span class=sf-dump-str>1</span>\"
      +\"<span class=sf-dump-public title=\"Runtime added dynamic property\">created_at</span>\": \"<span class=sf-dump-str title=\"23 characters\">2025-10-24 01:41:04.013</span>\"
      +\"<span class=sf-dump-public title=\"Runtime added dynamic property\">updated_at</span>\": \"<span class=sf-dump-str title=\"23 characters\">2025-10-24 01:41:04.013</span>\"
    </samp>}
    <span class=sf-dump-index>9</span> => {<a class=sf-dump-ref>#4497</a><samp data-depth=3 class=sf-dump-compact>
      +\"<span class=sf-dump-public title=\"Runtime added dynamic property\">id</span>\": \"<span class=sf-dump-str>1</span>\"
      +\"<span class=sf-dump-public title=\"Runtime added dynamic property\">name</span>\": \"<span class=sf-dump-str title=\"4 characters\">Dala</span>\"
      +\"<span class=sf-dump-public title=\"Runtime added dynamic property\">slug</span>\": \"<span class=sf-dump-str title=\"4 characters\">dala</span>\"
      +\"<span class=sf-dump-public title=\"Runtime added dynamic property\">is_active</span>\": \"<span class=sf-dump-str>1</span>\"
      +\"<span class=sf-dump-public title=\"Runtime added dynamic property\">created_at</span>\": \"<span class=sf-dump-str title=\"23 characters\">2025-10-24 01:41:04.013</span>\"
      +\"<span class=sf-dump-public title=\"Runtime added dynamic property\">updated_at</span>\": \"<span class=sf-dump-str title=\"23 characters\">2025-10-30 00:52:32.323</span>\"
    </samp>}
    <span class=sf-dump-index>10</span> => {<a class=sf-dump-ref>#4498</a><samp data-depth=3 class=sf-dump-compact>
      +\"<span class=sf-dump-public title=\"Runtime added dynamic property\">id</span>\": \"<span class=sf-dump-str title=\"2 characters\">15</span>\"
      +\"<span class=sf-dump-public title=\"Runtime added dynamic property\">name</span>\": \"<span class=sf-dump-str title=\"8 characters\">Dambatta</span>\"
      +\"<span class=sf-dump-public title=\"Runtime added dynamic property\">slug</span>\": \"<span class=sf-dump-str title=\"8 characters\">dambatta</span>\"
      +\"<span class=sf-dump-public title=\"Runtime added dynamic property\">is_active</span>\": \"<span class=sf-dump-str>1</span>\"
      +\"<span class=sf-dump-public title=\"Runtime added dynamic property\">created_at</span>\": \"<span class=sf-dump-str title=\"23 characters\">2025-10-24 01:41:04.013</span>\"
      +\"<span class=sf-dump-public title=\"Runtime added dynamic property\">updated_at</span>\": \"<span class=sf-dump-str title=\"23 characters\">2025-10-30 00:52:32.323</span>\"
    </samp>}
    <span class=sf-dump-index>11</span> => {<a class=sf-dump-ref>#4499</a><samp data-depth=3 class=sf-dump-compact>
      +\"<span class=sf-dump-public title=\"Runtime added dynamic property\">id</span>\": \"<span class=sf-dump-str title=\"2 characters\">16</span>\"
      +\"<span class=sf-dump-public title=\"Runtime added dynamic property\">name</span>\": \"<span class=sf-dump-str title=\"25 characters\">Dan Dinshe Kofar Dawannau</span>\"
      +\"<span class=sf-dump-public title=\"Runtime added dynamic property\">slug</span>\": \"<span class=sf-dump-str title=\"25 characters\">dan-dinshe-kofar-dawannau</span>\"
      +\"<span class=sf-dump-public title=\"Runtime added dynamic property\">is_active</span>\": \"<span class=sf-dump-str>1</span>\"
      +\"<span class=sf-dump-public title=\"Runtime added dynamic property\">created_at</span>\": \"<span class=sf-dump-str title=\"23 characters\">2025-10-24 01:41:04.013</span>\"
      +\"<span class=sf-dump-public title=\"Runtime added dynamic property\">updated_at</span>\": \"<span class=sf-dump-str title=\"23 characters\">2025-10-24 01:41:04.013</span>\"
    </samp>}
    <span class=sf-dump-index>12</span> => {<a class=sf-dump-ref>#4500</a><samp data-depth=3 class=sf-dump-compact>
      +\"<span class=sf-dump-public title=\"Runtime added dynamic property\">id</span>\": \"<span class=sf-dump-str title=\"2 characters\">17</span>\"
      +\"<span class=sf-dump-public title=\"Runtime added dynamic property\">name</span>\": \"<span class=sf-dump-str title=\"8 characters\">Danbatta</span>\"
      +\"<span class=sf-dump-public title=\"Runtime added dynamic property\">slug</span>\": \"<span class=sf-dump-str title=\"8 characters\">danbatta</span>\"
      +\"<span class=sf-dump-public title=\"Runtime added dynamic property\">is_active</span>\": \"<span class=sf-dump-str>1</span>\"
      +\"<span class=sf-dump-public title=\"Runtime added dynamic property\">created_at</span>\": \"<span class=sf-dump-str title=\"23 characters\">2025-10-24 01:41:04.013</span>\"
      +\"<span class=sf-dump-public title=\"Runtime added dynamic property\">updated_at</span>\": \"<span class=sf-dump-str title=\"23 characters\">2025-10-24 01:41:04.013</span>\"
    </samp>}
    <span class=sf-dump-index>13</span> => {<a class=sf-dump-ref>#4501</a><samp data-depth=3 class=sf-dump-compact>
      +\"<span class=sf-dump-public title=\"Runtime added dynamic property\">id</span>\": \"<span class=sf-dump-str>2</span>\"
      +\"<span class=sf-dump-public title=\"Runtime added dynamic property\">name</span>\": \"<span class=sf-dump-str title=\"12 characters\">Dawakin Kudu</span>\"
      +\"<span class=sf-dump-public title=\"Runtime added dynamic property\">slug</span>\": \"<span class=sf-dump-str title=\"12 characters\">dawakin-kudu</span>\"
      +\"<span class=sf-dump-public title=\"Runtime added dynamic property\">is_active</span>\": \"<span class=sf-dump-str>1</span>\"
      +\"<span class=sf-dump-public title=\"Runtime added dynamic property\">created_at</span>\": \"<span class=sf-dump-str title=\"23 characters\">2025-10-24 01:41:04.013</span>\"
      +\"<span class=sf-dump-public title=\"Runtime added dynamic property\">updated_at</span>\": \"<span class=sf-dump-str title=\"23 characters\">2025-10-30 00:52:32.323</span>\"
    </samp>}
    <span class=sf-dump-index>14</span> => {<a class=sf-dump-ref>#4502</a><samp data-depth=3 class=sf-dump-compact>
      +\"<span class=sf-dump-public title=\"Runtime added dynamic property\">id</span>\": \"<span class=sf-dump-str title=\"2 characters\">18</span>\"
      +\"<span class=sf-dump-public title=\"Runtime added dynamic property\">name</span>\": \"<span class=sf-dump-str title=\"21 characters\">Dawakin Kudu District</span>\"
      +\"<span class=sf-dump-public title=\"Runtime added dynamic property\">slug</span>\": \"<span class=sf-dump-str title=\"21 characters\">dawakin-kudu-district</span>\"
      +\"<span class=sf-dump-public title=\"Runtime added dynamic property\">is_active</span>\": \"<span class=sf-dump-str>1</span>\"
      +\"<span class=sf-dump-public title=\"Runtime added dynamic property\">created_at</span>\": \"<span class=sf-dump-str title=\"23 characters\">2025-10-24 01:41:04.013</span>\"
      +\"<span class=sf-dump-public title=\"Runtime added dynamic property\">updated_at</span>\": \"<span class=sf-dump-str title=\"23 characters\">2025-10-24 01:41:04.013</span>\"
    </samp>}
    <span class=sf-dump-index>15</span> => {<a class=sf-dump-ref>#4503</a><samp data-depth=3 class=sf-dump-compact>
      +\"<span class=sf-dump-public title=\"Runtime added dynamic property\">id</span>\": \"<span class=sf-dump-str title=\"2 characters\">19</span>\"
      +\"<span class=sf-dump-public title=\"Runtime added dynamic property\">name</span>\": \"<span class=sf-dump-str title=\"12 characters\">Dawakin Tofa</span>\"
      +\"<span class=sf-dump-public title=\"Runtime added dynamic property\">slug</span>\": \"<span class=sf-dump-str title=\"12 characters\">dawakin-tofa</span>\"
      +\"<span class=sf-dump-public title=\"Runtime added dynamic property\">is_active</span>\": \"<span class=sf-dump-str>1</span>\"
      +\"<span class=sf-dump-public title=\"Runtime added dynamic property\">created_at</span>\": \"<span class=sf-dump-str title=\"23 characters\">2025-10-24 01:41:04.013</span>\"
      +\"<span class=sf-dump-public title=\"Runtime added dynamic property\">updated_at</span>\": \"<span class=sf-dump-str title=\"23 characters\">2025-10-30 00:52:32.323</span>\"
    </samp>}
    <span class=sf-dump-index>16</span> => {<a class=sf-dump-ref>#4504</a><samp data-depth=3 class=sf-dump-compact>
      +\"<span class=sf-dump-public title=\"Runtime added dynamic property\">id</span>\": \"<span class=sf-dump-str title=\"2 characters\">20</span>\"
      +\"<span class=sf-dump-public title=\"Runtime added dynamic property\">name</span>\": \"<span class=sf-dump-str title=\"12 characters\">Dawakin-Kudu</span>\"
      +\"<span class=sf-dump-public title=\"Runtime added dynamic property\">slug</span>\": \"<span class=sf-dump-str title=\"12 characters\">dawakin-kudu</span>\"
      +\"<span class=sf-dump-public title=\"Runtime added dynamic property\">is_active</span>\": \"<span class=sf-dump-str>1</span>\"
      +\"<span class=sf-dump-public title=\"Runtime added dynamic property\">created_at</span>\": \"<span class=sf-dump-str title=\"23 characters\">2025-10-24 01:41:04.013</span>\"
      +\"<span class=sf-dump-public title=\"Runtime added dynamic property\">updated_at</span>\": \"<span class=sf-dump-str title=\"23 characters\">2025-10-24 01:41:04.013</span>\"
    </samp>}
    <span class=sf-dump-index>17</span> => {<a class=sf-dump-ref>#4505</a><samp data-depth=3 class=sf-dump-compact>
      +\"<span class=sf-dump-public title=\"Runtime added dynamic property\">id</span>\": \"<span class=sf-dump-str title=\"2 characters\">21</span>\"
      +\"<span class=sf-dump-public title=\"Runtime added dynamic property\">name</span>\": \"<span class=sf-dump-str title=\"12 characters\">Dawakin-Tofa</span>\"
      +\"<span class=sf-dump-public title=\"Runtime added dynamic property\">slug</span>\": \"<span class=sf-dump-str title=\"12 characters\">dawakin-tofa</span>\"
      +\"<span class=sf-dump-public title=\"Runtime added dynamic property\">is_active</span>\": \"<span class=sf-dump-str>1</span>\"
      +\"<span class=sf-dump-public title=\"Runtime added dynamic property\">created_at</span>\": \"<span class=sf-dump-str title=\"23 characters\">2025-10-24 01:41:04.013</span>\"
      +\"<span class=sf-dump-public title=\"Runtime added dynamic property\">updated_at</span>\": \"<span class=sf-dump-str title=\"23 characters\">2025-10-24 01:41:04.013</span>\"
    </samp>}
    <span class=sf-dump-index>18</span> => {<a class=sf-dump-ref>#4506</a><samp data-depth=3 class=sf-dump-compact>
      +\"<span class=sf-dump-public title=\"Runtime added dynamic property\">id</span>\": \"<span class=sf-dump-str title=\"2 characters\">22</span>\"
      +\"<span class=sf-dump-public title=\"Runtime added dynamic property\">name</span>\": \"<span class=sf-dump-str title=\"12 characters\">Dawanau Tofa</span>\"
      +\"<span class=sf-dump-public title=\"Runtime added dynamic property\">slug</span>\": \"<span class=sf-dump-str title=\"12 characters\">dawanau-tofa</span>\"
      +\"<span class=sf-dump-public title=\"Runtime added dynamic property\">is_active</span>\": \"<span class=sf-dump-str>1</span>\"
      +\"<span class=sf-dump-public title=\"Runtime added dynamic property\">created_at</span>\": \"<span class=sf-dump-str title=\"23 characters\">2025-10-24 01:41:04.013</span>\"
      +\"<span class=sf-dump-public title=\"Runtime added dynamic property\">updated_at</span>\": \"<span class=sf-dump-str title=\"23 characters\">2025-10-24 01:41:04.013</span>\"
    </samp>}
    <span class=sf-dump-index>19</span> => {<a class=sf-dump-ref>#4507</a><samp data-depth=3 class=sf-dump-compact>
      +\"<span class=sf-dump-public title=\"Runtime added dynamic property\">id</span>\": \"<span class=sf-dump-str title=\"2 characters\">23</span>\"
      +\"<span class=sf-dump-public title=\"Runtime added dynamic property\">name</span>\": \"<span class=sf-dump-str title=\"6 characters\">Doguwa</span>\"
      +\"<span class=sf-dump-public title=\"Runtime added dynamic property\">slug</span>\": \"<span class=sf-dump-str title=\"6 characters\">doguwa</span>\"
      +\"<span class=sf-dump-public title=\"Runtime added dynamic property\">is_active</span>\": \"<span class=sf-dump-str>1</span>\"
      +\"<span class=sf-dump-public title=\"Runtime added dynamic property\">created_at</span>\": \"<span class=sf-dump-str title=\"23 characters\">2025-10-24 01:41:04.013</span>\"
      +\"<span class=sf-dump-public title=\"Runtime added dynamic property\">updated_at</span>\": \"<span class=sf-dump-str title=\"23 characters\">2025-10-30 00:52:32.323</span>\"
    </samp>}
    <span class=sf-dump-index>20</span> => {<a class=sf-dump-ref>#4508</a><samp data-depth=3 class=sf-dump-compact>
      +\"<span class=sf-dump-public title=\"Runtime added dynamic property\">id</span>\": \"<span class=sf-dump-str title=\"2 characters\">24</span>\"
      +\"<span class=sf-dump-public title=\"Runtime added dynamic property\">name</span>\": \"<span class=sf-dump-str title=\"13 characters\">Dorayi Karama</span>\"
      +\"<span class=sf-dump-public title=\"Runtime added dynamic property\">slug</span>\": \"<span class=sf-dump-str title=\"13 characters\">dorayi-karama</span>\"
      +\"<span class=sf-dump-public title=\"Runtime added dynamic property\">is_active</span>\": \"<span class=sf-dump-str>1</span>\"
      +\"<span class=sf-dump-public title=\"Runtime added dynamic property\">created_at</span>\": \"<span class=sf-dump-str title=\"23 characters\">2025-10-24 01:41:04.013</span>\"
      +\"<span class=sf-dump-public title=\"Runtime added dynamic property\">updated_at</span>\": \"<span class=sf-dump-str title=\"23 characters\">2025-10-30 00:52:32.323</span>\"
    </samp>}
    <span class=sf-dump-index>21</span> => {<a class=sf-dump-ref>#4509</a><samp data-depth=3 class=sf-dump-compact>
      +\"<span class=sf-dump-public title=\"Runtime added dynamic property\">id</span>\": \"<span class=sf-dump-str>3</span>\"
      +\"<span class=sf-dump-public title=\"Runtime added dynamic property\">name</span>\": \"<span class=sf-dump-str title=\"5 characters\">Fagge</span>\"
      +\"<span class=sf-dump-public title=\"Runtime added dynamic property\">slug</span>\": \"<span class=sf-dump-str title=\"5 characters\">fagge</span>\"
      +\"<span class=sf-dump-public title=\"Runtime added dynamic property\">is_active</span>\": \"<span class=sf-dump-str>1</span>\"
      +\"<span class=sf-dump-public title=\"Runtime added dynamic property\">created_at</span>\": \"<span class=sf-dump-str title=\"23 characters\">2025-10-24 01:41:04.013</span>\"
      +\"<span class=sf-dump-public title=\"Runtime added dynamic property\">updated_at</span>\": \"<span class=sf-dump-str title=\"23 characters\">2025-10-30 00:52:32.323</span>\"
    </samp>}
    <span class=sf-dump-index>22</span> => {<a class=sf-dump-ref>#4510</a><samp data-depth=3 class=sf-dump-compact>
      +\"<span class=sf-dump-public title=\"Runtime added dynamic property\">id</span>\": \"<span class=sf-dump-str title=\"2 characters\">25</span>\"
      +\"<span class=sf-dump-public title=\"Runtime added dynamic property\">name</span>\": \"<span class=sf-dump-str title=\"8 characters\">Gabasawa</span>\"
      +\"<span class=sf-dump-public title=\"Runtime added dynamic property\">slug</span>\": \"<span class=sf-dump-str title=\"8 characters\">gabasawa</span>\"
      +\"<span class=sf-dump-public title=\"Runtime added dynamic property\">is_active</span>\": \"<span class=sf-dump-str>1</span>\"
      +\"<span class=sf-dump-public title=\"Runtime added dynamic property\">created_at</span>\": \"<span class=sf-dump-str title=\"23 characters\">2025-10-24 01:41:04.013</span>\"
      +\"<span class=sf-dump-public title=\"Runtime added dynamic property\">updated_at</span>\": \"<span class=sf-dump-str title=\"23 characters\">2025-10-30 00:52:32.323</span>\"
    </samp>}
    <span class=sf-dump-index>23</span> => {<a class=sf-dump-ref>#4511</a><samp data-depth=3 class=sf-dump-compact>
      +\"<span class=sf-dump-public title=\"Runtime added dynamic property\">id</span>\": \"<span class=sf-dump-str title=\"2 characters\">26</span>\"
      +\"<span class=sf-dump-public title=\"Runtime added dynamic property\">name</span>\": \"<span class=sf-dump-str title=\"5 characters\">Garko</span>\"
      +\"<span class=sf-dump-public title=\"Runtime added dynamic property\">slug</span>\": \"<span class=sf-dump-str title=\"5 characters\">garko</span>\"
      +\"<span class=sf-dump-public title=\"Runtime added dynamic property\">is_active</span>\": \"<span class=sf-dump-str>1</span>\"
      +\"<span class=sf-dump-public title=\"Runtime added dynamic property\">created_at</span>\": \"<span class=sf-dump-str title=\"23 characters\">2025-10-24 01:41:04.013</span>\"
      +\"<span class=sf-dump-public title=\"Runtime added dynamic property\">updated_at</span>\": \"<span class=sf-dump-str title=\"23 characters\">2025-10-30 00:52:32.323</span>\"
    </samp>}
    <span class=sf-dump-index>24</span> => {<a class=sf-dump-ref>#4512</a><samp data-depth=3 class=sf-dump-compact>
      +\"<span class=sf-dump-public title=\"Runtime added dynamic property\">id</span>\": \"<span class=sf-dump-str title=\"2 characters\">27</span>\"
      +\"<span class=sf-dump-public title=\"Runtime added dynamic property\">name</span>\": \"<span class=sf-dump-str title=\"11 characters\">Garun Malam</span>\"
      +\"<span class=sf-dump-public title=\"Runtime added dynamic property\">slug</span>\": \"<span class=sf-dump-str title=\"11 characters\">garun-malam</span>\"
      +\"<span class=sf-dump-public title=\"Runtime added dynamic property\">is_active</span>\": \"<span class=sf-dump-str>1</span>\"
      +\"<span class=sf-dump-public title=\"Runtime added dynamic property\">created_at</span>\": \"<span class=sf-dump-str title=\"23 characters\">2025-10-24 01:41:04.013</span>\"
      +\"<span class=sf-dump-public title=\"Runtime added dynamic property\">updated_at</span>\": \"<span class=sf-dump-str title=\"23 characters\">2025-10-24 01:41:04.013</span>\"
    </samp>}
    <span class=sf-dump-index>25</span> => {<a class=sf-dump-ref>#4513</a><samp data-depth=3 class=sf-dump-compact>
      +\"<span class=sf-dump-public title=\"Runtime added dynamic property\">id</span>\": \"<span class=sf-dump-str title=\"2 characters\">28</span>\"
      +\"<span class=sf-dump-public title=\"Runtime added dynamic property\">name</span>\": \"<span class=sf-dump-str title=\"12 characters\">Garun Mallam</span>\"
      +\"<span class=sf-dump-public title=\"Runtime added dynamic property\">slug</span>\": \"<span class=sf-dump-str title=\"12 characters\">garun-mallam</span>\"
      +\"<span class=sf-dump-public title=\"Runtime added dynamic property\">is_active</span>\": \"<span class=sf-dump-str>1</span>\"
      +\"<span class=sf-dump-public title=\"Runtime added dynamic property\">created_at</span>\": \"<span class=sf-dump-str title=\"23 characters\">2025-10-24 01:41:04.013</span>\"
      +\"<span class=sf-dump-public title=\"Runtime added dynamic property\">updated_at</span>\": \"<span class=sf-dump-str title=\"23 characters\">2025-10-30 00:52:32.323</span>\"
    </samp>}
    <span class=sf-dump-index>26</span> => {<a class=sf-dump-ref>#4514</a><samp data-depth=3 class=sf-dump-compact>
      +\"<span class=sf-dump-public title=\"Runtime added dynamic property\">id</span>\": \"<span class=sf-dump-str title=\"2 characters\">29</span>\"
      +\"<span class=sf-dump-public title=\"Runtime added dynamic property\">name</span>\": \"<span class=sf-dump-str title=\"4 characters\">Gaya</span>\"
      +\"<span class=sf-dump-public title=\"Runtime added dynamic property\">slug</span>\": \"<span class=sf-dump-str title=\"4 characters\">gaya</span>\"
      +\"<span class=sf-dump-public title=\"Runtime added dynamic property\">is_active</span>\": \"<span class=sf-dump-str>1</span>\"
      +\"<span class=sf-dump-public title=\"Runtime added dynamic property\">created_at</span>\": \"<span class=sf-dump-str title=\"23 characters\">2025-10-24 01:41:04.013</span>\"
      +\"<span class=sf-dump-public title=\"Runtime added dynamic property\">updated_at</span>\": \"<span class=sf-dump-str title=\"23 characters\">2025-10-30 00:52:32.323</span>\"
    </samp>}
    <span class=sf-dump-index>27</span> => {<a class=sf-dump-ref>#4515</a><samp data-depth=3 class=sf-dump-compact>
      +\"<span class=sf-dump-public title=\"Runtime added dynamic property\">id</span>\": \"<span class=sf-dump-str title=\"2 characters\">30</span>\"
      +\"<span class=sf-dump-public title=\"Runtime added dynamic property\">name</span>\": \"<span class=sf-dump-str title=\"6 characters\">Gezawa</span>\"
      +\"<span class=sf-dump-public title=\"Runtime added dynamic property\">slug</span>\": \"<span class=sf-dump-str title=\"6 characters\">gezawa</span>\"
      +\"<span class=sf-dump-public title=\"Runtime added dynamic property\">is_active</span>\": \"<span class=sf-dump-str>1</span>\"
      +\"<span class=sf-dump-public title=\"Runtime added dynamic property\">created_at</span>\": \"<span class=sf-dump-str title=\"23 characters\">2025-10-24 01:41:04.013</span>\"
      +\"<span class=sf-dump-public title=\"Runtime added dynamic property\">updated_at</span>\": \"<span class=sf-dump-str title=\"23 characters\">2025-10-30 00:52:32.323</span>\"
    </samp>}
    <span class=sf-dump-index>28</span> => {<a class=sf-dump-ref>#4516</a><samp data-depth=3 class=sf-dump-compact>
      +\"<span class=sf-dump-public title=\"Runtime added dynamic property\">id</span>\": \"<span class=sf-dump-str title=\"2 characters\">31</span>\"
      +\"<span class=sf-dump-public title=\"Runtime added dynamic property\">name</span>\": \"<span class=sf-dump-str title=\"5 characters\">Gwala</span>\"
      +\"<span class=sf-dump-public title=\"Runtime added dynamic property\">slug</span>\": \"<span class=sf-dump-str title=\"5 characters\">gwala</span>\"
      +\"<span class=sf-dump-public title=\"Runtime added dynamic property\">is_active</span>\": \"<span class=sf-dump-str>1</span>\"
      +\"<span class=sf-dump-public title=\"Runtime added dynamic property\">created_at</span>\": \"<span class=sf-dump-str title=\"23 characters\">2025-10-24 01:41:04.013</span>\"
      +\"<span class=sf-dump-public title=\"Runtime added dynamic property\">updated_at</span>\": \"<span class=sf-dump-str title=\"23 characters\">2025-10-24 01:41:04.013</span>\"
    </samp>}
    <span class=sf-dump-index>29</span> => {<a class=sf-dump-ref>#4517</a><samp data-depth=3 class=sf-dump-compact>
      +\"<span class=sf-dump-public title=\"Runtime added dynamic property\">id</span>\": \"<span class=sf-dump-str>4</span>\"
      +\"<span class=sf-dump-public title=\"Runtime added dynamic property\">name</span>\": \"<span class=sf-dump-str title=\"5 characters\">Gwale</span>\"
      +\"<span class=sf-dump-public title=\"Runtime added dynamic property\">slug</span>\": \"<span class=sf-dump-str title=\"5 characters\">gwale</span>\"
      +\"<span class=sf-dump-public title=\"Runtime added dynamic property\">is_active</span>\": \"<span class=sf-dump-str>1</span>\"
      +\"<span class=sf-dump-public title=\"Runtime added dynamic property\">created_at</span>\": \"<span class=sf-dump-str title=\"23 characters\">2025-10-24 01:41:04.013</span>\"
      +\"<span class=sf-dump-public title=\"Runtime added dynamic property\">updated_at</span>\": \"<span class=sf-dump-str title=\"23 characters\">2025-10-30 00:52:32.323</span>\"
    </samp>}
    <span class=sf-dump-index>30</span> => {<a class=sf-dump-ref>#4518</a><samp data-depth=3 class=sf-dump-compact>
      +\"<span class=sf-dump-public title=\"Runtime added dynamic property\">id</span>\": \"<span class=sf-dump-str title=\"2 characters\">32</span>\"
      +\"<span class=sf-dump-public title=\"Runtime added dynamic property\">name</span>\": \"<span class=sf-dump-str title=\"14 characters\">Gwale District</span>\"
      +\"<span class=sf-dump-public title=\"Runtime added dynamic property\">slug</span>\": \"<span class=sf-dump-str title=\"14 characters\">gwale-district</span>\"
      +\"<span class=sf-dump-public title=\"Runtime added dynamic property\">is_active</span>\": \"<span class=sf-dump-str>1</span>\"
      +\"<span class=sf-dump-public title=\"Runtime added dynamic property\">created_at</span>\": \"<span class=sf-dump-str title=\"23 characters\">2025-10-24 01:41:04.013</span>\"
      +\"<span class=sf-dump-public title=\"Runtime added dynamic property\">updated_at</span>\": \"<span class=sf-dump-str title=\"23 characters\">2025-10-24 01:41:04.013</span>\"
    </samp>}
    <span class=sf-dump-index>31</span> => {<a class=sf-dump-ref>#4519</a><samp data-depth=3 class=sf-dump-compact>
      +\"<span class=sf-dump-public title=\"Runtime added dynamic property\">id</span>\": \"<span class=sf-dump-str title=\"2 characters\">33</span>\"
      +\"<span class=sf-dump-public title=\"Runtime added dynamic property\">name</span>\": \"<span class=sf-dump-str title=\"7 characters\">Gwamaja</span>\"
      +\"<span class=sf-dump-public title=\"Runtime added dynamic property\">slug</span>\": \"<span class=sf-dump-str title=\"7 characters\">gwamaja</span>\"
      +\"<span class=sf-dump-public title=\"Runtime added dynamic property\">is_active</span>\": \"<span class=sf-dump-str>1</span>\"
      +\"<span class=sf-dump-public title=\"Runtime added dynamic property\">created_at</span>\": \"<span class=sf-dump-str title=\"23 characters\">2025-10-24 01:41:04.013</span>\"
      +\"<span class=sf-dump-public title=\"Runtime added dynamic property\">updated_at</span>\": \"<span class=sf-dump-str title=\"23 characters\">2025-10-30 00:52:32.323</span>\"
    </samp>}
    <span class=sf-dump-index>32</span> => {<a class=sf-dump-ref>#4520</a><samp data-depth=3 class=sf-dump-compact>
      +\"<span class=sf-dump-public title=\"Runtime added dynamic property\">id</span>\": \"<span class=sf-dump-str title=\"2 characters\">34</span>\"
      +\"<span class=sf-dump-public title=\"Runtime added dynamic property\">name</span>\": \"<span class=sf-dump-str title=\"6 characters\">Gwarzo</span>\"
      +\"<span class=sf-dump-public title=\"Runtime added dynamic property\">slug</span>\": \"<span class=sf-dump-str title=\"6 characters\">gwarzo</span>\"
      +\"<span class=sf-dump-public title=\"Runtime added dynamic property\">is_active</span>\": \"<span class=sf-dump-str>1</span>\"
      +\"<span class=sf-dump-public title=\"Runtime added dynamic property\">created_at</span>\": \"<span class=sf-dump-str title=\"23 characters\">2025-10-24 01:41:04.013</span>\"
      +\"<span class=sf-dump-public title=\"Runtime added dynamic property\">updated_at</span>\": \"<span class=sf-dump-str title=\"23 characters\">2025-10-30 00:52:32.323</span>\"
    </samp>}
    <span class=sf-dump-index>33</span> => {<a class=sf-dump-ref>#4521</a><samp data-depth=3 class=sf-dump-compact>
      +\"<span class=sf-dump-public title=\"Runtime added dynamic property\">id</span>\": \"<span class=sf-dump-str title=\"2 characters\">35</span>\"
      +\"<span class=sf-dump-public title=\"Runtime added dynamic property\">name</span>\": \"<span class=sf-dump-str title=\"7 characters\">Hausawa</span>\"
      +\"<span class=sf-dump-public title=\"Runtime added dynamic property\">slug</span>\": \"<span class=sf-dump-str title=\"7 characters\">hausawa</span>\"
      +\"<span class=sf-dump-public title=\"Runtime added dynamic property\">is_active</span>\": \"<span class=sf-dump-str>1</span>\"
      +\"<span class=sf-dump-public title=\"Runtime added dynamic property\">created_at</span>\": \"<span class=sf-dump-str title=\"23 characters\">2025-10-24 01:41:04.013</span>\"
      +\"<span class=sf-dump-public title=\"Runtime added dynamic property\">updated_at</span>\": \"<span class=sf-dump-str title=\"23 characters\">2025-10-30 00:52:32.323</span>\"
    </samp>}
    <span class=sf-dump-index>34</span> => {<a class=sf-dump-ref>#4522</a><samp data-depth=3 class=sf-dump-compact>
      +\"<span class=sf-dump-public title=\"Runtime added dynamic property\">id</span>\": \"<span class=sf-dump-str title=\"2 characters\">36</span>\"
      +\"<span class=sf-dump-public title=\"Runtime added dynamic property\">name</span>\": \"<span class=sf-dump-str title=\"7 characters\">Inubawa</span>\"
      +\"<span class=sf-dump-public title=\"Runtime added dynamic property\">slug</span>\": \"<span class=sf-dump-str title=\"7 characters\">inubawa</span>\"
      +\"<span class=sf-dump-public title=\"Runtime added dynamic property\">is_active</span>\": \"<span class=sf-dump-str>1</span>\"
      +\"<span class=sf-dump-public title=\"Runtime added dynamic property\">created_at</span>\": \"<span class=sf-dump-str title=\"23 characters\">2025-10-24 01:41:04.013</span>\"
      +\"<span class=sf-dump-public title=\"Runtime added dynamic property\">updated_at</span>\": \"<span class=sf-dump-str title=\"23 characters\">2025-10-30 00:52:32.323</span>\"
    </samp>}
    <span class=sf-dump-index>35</span> => {<a class=sf-dump-ref>#4523</a><samp data-depth=3 class=sf-dump-compact>
      +\"<span class=sf-dump-public title=\"Runtime added dynamic property\">id</span>\": \"<span class=sf-dump-str title=\"2 characters\">37</span>\"
      +\"<span class=sf-dump-public title=\"Runtime added dynamic property\">name</span>\": \"<span class=sf-dump-str title=\"4 characters\">Kabo</span>\"
      +\"<span class=sf-dump-public title=\"Runtime added dynamic property\">slug</span>\": \"<span class=sf-dump-str title=\"4 characters\">kabo</span>\"
      +\"<span class=sf-dump-public title=\"Runtime added dynamic property\">is_active</span>\": \"<span class=sf-dump-str>1</span>\"
      +\"<span class=sf-dump-public title=\"Runtime added dynamic property\">created_at</span>\": \"<span class=sf-dump-str title=\"23 characters\">2025-10-24 01:41:04.013</span>\"
      +\"<span class=sf-dump-public title=\"Runtime added dynamic property\">updated_at</span>\": \"<span class=sf-dump-str title=\"23 characters\">2025-10-30 00:52:32.323</span>\"
    </samp>}
    <span class=sf-dump-index>36</span> => {<a class=sf-dump-ref>#4524</a><samp data-depth=3 class=sf-dump-compact>
      +\"<span class=sf-dump-public title=\"Runtime added dynamic property\">id</span>\": \"<span class=sf-dump-str title=\"2 characters\">38</span>\"
      +\"<span class=sf-dump-public title=\"Runtime added dynamic property\">name</span>\": \"<span class=sf-dump-str title=\"9 characters\">Kano City</span>\"
      +\"<span class=sf-dump-public title=\"Runtime added dynamic property\">slug</span>\": \"<span class=sf-dump-str title=\"9 characters\">kano-city</span>\"
      +\"<span class=sf-dump-public title=\"Runtime added dynamic property\">is_active</span>\": \"<span class=sf-dump-str>1</span>\"
      +\"<span class=sf-dump-public title=\"Runtime added dynamic property\">created_at</span>\": \"<span class=sf-dump-str title=\"23 characters\">2025-10-24 01:41:04.013</span>\"
      +\"<span class=sf-dump-public title=\"Runtime added dynamic property\">updated_at</span>\": \"<span class=sf-dump-str title=\"23 characters\">2025-10-30 00:52:32.323</span>\"
    </samp>}
    <span class=sf-dump-index>37</span> => {<a class=sf-dump-ref>#4525</a><samp data-depth=3 class=sf-dump-compact>
      +\"<span class=sf-dump-public title=\"Runtime added dynamic property\">id</span>\": \"<span class=sf-dump-str title=\"2 characters\">39</span>\"
      +\"<span class=sf-dump-public title=\"Runtime added dynamic property\">name</span>\": \"<span class=sf-dump-str title=\"14 characters\">Kano Municipal</span>\"
      +\"<span class=sf-dump-public title=\"Runtime added dynamic property\">slug</span>\": \"<span class=sf-dump-str title=\"14 characters\">kano-municipal</span>\"
      +\"<span class=sf-dump-public title=\"Runtime added dynamic property\">is_active</span>\": \"<span class=sf-dump-str>1</span>\"
      +\"<span class=sf-dump-public title=\"Runtime added dynamic property\">created_at</span>\": \"<span class=sf-dump-str title=\"23 characters\">2025-10-24 01:41:04.013</span>\"
      +\"<span class=sf-dump-public title=\"Runtime added dynamic property\">updated_at</span>\": \"<span class=sf-dump-str title=\"23 characters\">2025-10-30 00:52:32.323</span>\"
    </samp>}
    <span class=sf-dump-index>38</span> => {<a class=sf-dump-ref>#4526</a><samp data-depth=3 class=sf-dump-compact>
      +\"<span class=sf-dump-public title=\"Runtime added dynamic property\">id</span>\": \"<span class=sf-dump-str title=\"2 characters\">40</span>\"
      +\"<span class=sf-dump-public title=\"Runtime added dynamic property\">name</span>\": \"<span class=sf-dump-str title=\"19 characters\">Kano Municipal City</span>\"
      +\"<span class=sf-dump-public title=\"Runtime added dynamic property\">slug</span>\": \"<span class=sf-dump-str title=\"19 characters\">kano-municipal-city</span>\"
      +\"<span class=sf-dump-public title=\"Runtime added dynamic property\">is_active</span>\": \"<span class=sf-dump-str>1</span>\"
      +\"<span class=sf-dump-public title=\"Runtime added dynamic property\">created_at</span>\": \"<span class=sf-dump-str title=\"23 characters\">2025-10-24 01:41:04.013</span>\"
      +\"<span class=sf-dump-public title=\"Runtime added dynamic property\">updated_at</span>\": \"<span class=sf-dump-str title=\"23 characters\">2025-10-24 01:41:04.013</span>\"
    </samp>}
    <span class=sf-dump-index>39</span> => {<a class=sf-dump-ref>#4527</a><samp data-depth=3 class=sf-dump-compact>
      +\"<span class=sf-dump-public title=\"Runtime added dynamic property\">id</span>\": \"<span class=sf-dump-str title=\"2 characters\">41</span>\"
      +\"<span class=sf-dump-public title=\"Runtime added dynamic property\">name</span>\": \"<span class=sf-dump-str title=\"10 characters\">Kano State</span>\"
      +\"<span class=sf-dump-public title=\"Runtime added dynamic property\">slug</span>\": \"<span class=sf-dump-str title=\"10 characters\">kano-state</span>\"
      +\"<span class=sf-dump-public title=\"Runtime added dynamic property\">is_active</span>\": \"<span class=sf-dump-str>1</span>\"
      +\"<span class=sf-dump-public title=\"Runtime added dynamic property\">created_at</span>\": \"<span class=sf-dump-str title=\"23 characters\">2025-10-24 01:41:04.013</span>\"
      +\"<span class=sf-dump-public title=\"Runtime added dynamic property\">updated_at</span>\": \"<span class=sf-dump-str title=\"23 characters\">2025-10-24 01:41:04.013</span>\"
    </samp>}
    <span class=sf-dump-index>40</span> => {<a class=sf-dump-ref>#4528</a><samp data-depth=3 class=sf-dump-compact>
      +\"<span class=sf-dump-public title=\"Runtime added dynamic property\">id</span>\": \"<span class=sf-dump-str title=\"2 characters\">42</span>\"
      +\"<span class=sf-dump-public title=\"Runtime added dynamic property\">name</span>\": \"<span class=sf-dump-str title=\"9 characters\">Kano-City</span>\"
      +\"<span class=sf-dump-public title=\"Runtime added dynamic property\">slug</span>\": \"<span class=sf-dump-str title=\"9 characters\">kano-city</span>\"
      +\"<span class=sf-dump-public title=\"Runtime added dynamic property\">is_active</span>\": \"<span class=sf-dump-str>1</span>\"
      +\"<span class=sf-dump-public title=\"Runtime added dynamic property\">created_at</span>\": \"<span class=sf-dump-str title=\"23 characters\">2025-10-24 01:41:04.013</span>\"
      +\"<span class=sf-dump-public title=\"Runtime added dynamic property\">updated_at</span>\": \"<span class=sf-dump-str title=\"23 characters\">2025-10-24 01:41:04.013</span>\"
    </samp>}
    <span class=sf-dump-index>41</span> => {<a class=sf-dump-ref>#4529</a><samp data-depth=3 class=sf-dump-compact>
      +\"<span class=sf-dump-public title=\"Runtime added dynamic property\">id</span>\": \"<span class=sf-dump-str title=\"2 characters\">43</span>\"
      +\"<span class=sf-dump-public title=\"Runtime added dynamic property\">name</span>\": \"<span class=sf-dump-str title=\"6 characters\">Karaye</span>\"
      +\"<span class=sf-dump-public title=\"Runtime added dynamic property\">slug</span>\": \"<span class=sf-dump-str title=\"6 characters\">karaye</span>\"
      +\"<span class=sf-dump-public title=\"Runtime added dynamic property\">is_active</span>\": \"<span class=sf-dump-str>1</span>\"
      +\"<span class=sf-dump-public title=\"Runtime added dynamic property\">created_at</span>\": \"<span class=sf-dump-str title=\"23 characters\">2025-10-24 01:41:04.013</span>\"
      +\"<span class=sf-dump-public title=\"Runtime added dynamic property\">updated_at</span>\": \"<span class=sf-dump-str title=\"23 characters\">2025-10-30 00:52:32.323</span>\"
    </samp>}
    <span class=sf-dump-index>42</span> => {<a class=sf-dump-ref>#4530</a><samp data-depth=3 class=sf-dump-compact>
      +\"<span class=sf-dump-public title=\"Runtime added dynamic property\">id</span>\": \"<span class=sf-dump-str title=\"2 characters\">44</span>\"
      +\"<span class=sf-dump-public title=\"Runtime added dynamic property\">name</span>\": \"<span class=sf-dump-str title=\"6 characters\">Kibiya</span>\"
      +\"<span class=sf-dump-public title=\"Runtime added dynamic property\">slug</span>\": \"<span class=sf-dump-str title=\"6 characters\">kibiya</span>\"
      +\"<span class=sf-dump-public title=\"Runtime added dynamic property\">is_active</span>\": \"<span class=sf-dump-str>1</span>\"
      +\"<span class=sf-dump-public title=\"Runtime added dynamic property\">created_at</span>\": \"<span class=sf-dump-str title=\"23 characters\">2025-10-24 01:41:04.013</span>\"
      +\"<span class=sf-dump-public title=\"Runtime added dynamic property\">updated_at</span>\": \"<span class=sf-dump-str title=\"23 characters\">2025-10-30 00:52:32.323</span>\"
    </samp>}
    <span class=sf-dump-index>43</span> => {<a class=sf-dump-ref>#4531</a><samp data-depth=3 class=sf-dump-compact>
      +\"<span class=sf-dump-public title=\"Runtime added dynamic property\">id</span>\": \"<span class=sf-dump-str title=\"2 characters\">45</span>\"
      +\"<span class=sf-dump-public title=\"Runtime added dynamic property\">name</span>\": \"<span class=sf-dump-str title=\"8 characters\">Kimbotso</span>\"
      +\"<span class=sf-dump-public title=\"Runtime added dynamic property\">slug</span>\": \"<span class=sf-dump-str title=\"8 characters\">kimbotso</span>\"
      +\"<span class=sf-dump-public title=\"Runtime added dynamic property\">is_active</span>\": \"<span class=sf-dump-str>1</span>\"
      +\"<span class=sf-dump-public title=\"Runtime added dynamic property\">created_at</span>\": \"<span class=sf-dump-str title=\"23 characters\">2025-10-24 01:41:04.013</span>\"
      +\"<span class=sf-dump-public title=\"Runtime added dynamic property\">updated_at</span>\": \"<span class=sf-dump-str title=\"23 characters\">2025-10-24 01:41:04.013</span>\"
    </samp>}
    <span class=sf-dump-index>44</span> => {<a class=sf-dump-ref>#4532</a><samp data-depth=3 class=sf-dump-compact>
      +\"<span class=sf-dump-public title=\"Runtime added dynamic property\">id</span>\": \"<span class=sf-dump-str title=\"2 characters\">46</span>\"
      +\"<span class=sf-dump-public title=\"Runtime added dynamic property\">name</span>\": \"<span class=sf-dump-str title=\"4 characters\">Kiru</span>\"
      +\"<span class=sf-dump-public title=\"Runtime added dynamic property\">slug</span>\": \"<span class=sf-dump-str title=\"4 characters\">kiru</span>\"
      +\"<span class=sf-dump-public title=\"Runtime added dynamic property\">is_active</span>\": \"<span class=sf-dump-str>1</span>\"
      +\"<span class=sf-dump-public title=\"Runtime added dynamic property\">created_at</span>\": \"<span class=sf-dump-str title=\"23 characters\">2025-10-24 01:41:04.013</span>\"
      +\"<span class=sf-dump-public title=\"Runtime added dynamic property\">updated_at</span>\": \"<span class=sf-dump-str title=\"23 characters\">2025-10-30 00:52:32.323</span>\"
    </samp>}
    <span class=sf-dump-index>45</span> => {<a class=sf-dump-ref>#4533</a><samp data-depth=3 class=sf-dump-compact>
      +\"<span class=sf-dump-public title=\"Runtime added dynamic property\">id</span>\": \"<span class=sf-dump-str title=\"2 characters\">47</span>\"
      +\"<span class=sf-dump-public title=\"Runtime added dynamic property\">name</span>\": \"<span class=sf-dump-str title=\"14 characters\">Kofar Dawannau</span>\"
      +\"<span class=sf-dump-public title=\"Runtime added dynamic property\">slug</span>\": \"<span class=sf-dump-str title=\"14 characters\">kofar-dawannau</span>\"
      +\"<span class=sf-dump-public title=\"Runtime added dynamic property\">is_active</span>\": \"<span class=sf-dump-str>1</span>\"
      +\"<span class=sf-dump-public title=\"Runtime added dynamic property\">created_at</span>\": \"<span class=sf-dump-str title=\"23 characters\">2025-10-24 01:41:04.013</span>\"
      +\"<span class=sf-dump-public title=\"Runtime added dynamic property\">updated_at</span>\": \"<span class=sf-dump-str title=\"23 characters\">2025-10-24 01:41:04.013</span>\"
    </samp>}
    <span class=sf-dump-index>46</span> => {<a class=sf-dump-ref>#4534</a><samp data-depth=3 class=sf-dump-compact>
      +\"<span class=sf-dump-public title=\"Runtime added dynamic property\">id</span>\": \"<span class=sf-dump-str>5</span>\"
      +\"<span class=sf-dump-public title=\"Runtime added dynamic property\">name</span>\": \"<span class=sf-dump-str title=\"8 characters\">Kumbotso</span>\"
      +\"<span class=sf-dump-public title=\"Runtime added dynamic property\">slug</span>\": \"<span class=sf-dump-str title=\"8 characters\">kumbotso</span>\"
      +\"<span class=sf-dump-public title=\"Runtime added dynamic property\">is_active</span>\": \"<span class=sf-dump-str>1</span>\"
      +\"<span class=sf-dump-public title=\"Runtime added dynamic property\">created_at</span>\": \"<span class=sf-dump-str title=\"23 characters\">2025-10-24 01:41:04.013</span>\"
      +\"<span class=sf-dump-public title=\"Runtime added dynamic property\">updated_at</span>\": \"<span class=sf-dump-str title=\"23 characters\">2025-10-30 00:52:32.323</span>\"
    </samp>}
    <span class=sf-dump-index>47</span> => {<a class=sf-dump-ref>#4535</a><samp data-depth=3 class=sf-dump-compact>
      +\"<span class=sf-dump-public title=\"Runtime added dynamic property\">id</span>\": \"<span class=sf-dump-str title=\"2 characters\">48</span>\"
      +\"<span class=sf-dump-public title=\"Runtime added dynamic property\">name</span>\": \"<span class=sf-dump-str title=\"16 characters\">Kumbotso Village</span>\"
      +\"<span class=sf-dump-public title=\"Runtime added dynamic property\">slug</span>\": \"<span class=sf-dump-str title=\"16 characters\">kumbotso-village</span>\"
      +\"<span class=sf-dump-public title=\"Runtime added dynamic property\">is_active</span>\": \"<span class=sf-dump-str>1</span>\"
      +\"<span class=sf-dump-public title=\"Runtime added dynamic property\">created_at</span>\": \"<span class=sf-dump-str title=\"23 characters\">2025-10-24 01:41:04.013</span>\"
      +\"<span class=sf-dump-public title=\"Runtime added dynamic property\">updated_at</span>\": \"<span class=sf-dump-str title=\"23 characters\">2025-10-24 01:41:04.013</span>\"
    </samp>}
    <span class=sf-dump-index>48</span> => {<a class=sf-dump-ref>#4536</a><samp data-depth=3 class=sf-dump-compact>
      +\"<span class=sf-dump-public title=\"Runtime added dynamic property\">id</span>\": \"<span class=sf-dump-str title=\"2 characters\">49</span>\"
      +\"<span class=sf-dump-public title=\"Runtime added dynamic property\">name</span>\": \"<span class=sf-dump-str title=\"9 characters\">Kumbotsoi</span>\"
      +\"<span class=sf-dump-public title=\"Runtime added dynamic property\">slug</span>\": \"<span class=sf-dump-str title=\"9 characters\">kumbotsoi</span>\"
      +\"<span class=sf-dump-public title=\"Runtime added dynamic property\">is_active</span>\": \"<span class=sf-dump-str>1</span>\"
      +\"<span class=sf-dump-public title=\"Runtime added dynamic property\">created_at</span>\": \"<span class=sf-dump-str title=\"23 characters\">2025-10-24 01:41:04.013</span>\"
      +\"<span class=sf-dump-public title=\"Runtime added dynamic property\">updated_at</span>\": \"<span class=sf-dump-str title=\"23 characters\">2025-10-24 01:41:04.013</span>\"
    </samp>}
    <span class=sf-dump-index>49</span> => {<a class=sf-dump-ref>#4537</a><samp data-depth=3 class=sf-dump-compact>
      +\"<span class=sf-dump-public title=\"Runtime added dynamic property\">id</span>\": \"<span class=sf-dump-str title=\"2 characters\">50</span>\"
      +\"<span class=sf-dump-public title=\"Runtime added dynamic property\">name</span>\": \"<span class=sf-dump-str title=\"6 characters\">Kunchi</span>\"
      +\"<span class=sf-dump-public title=\"Runtime added dynamic property\">slug</span>\": \"<span class=sf-dump-str title=\"6 characters\">kunchi</span>\"
      +\"<span class=sf-dump-public title=\"Runtime added dynamic property\">is_active</span>\": \"<span class=sf-dump-str>1</span>\"
      +\"<span class=sf-dump-public title=\"Runtime added dynamic property\">created_at</span>\": \"<span class=sf-dump-str title=\"23 characters\">2025-10-24 01:41:04.013</span>\"
      +\"<span class=sf-dump-public title=\"Runtime added dynamic property\">updated_at</span>\": \"<span class=sf-dump-str title=\"23 characters\">2025-10-30 00:52:32.323</span>\"
    </samp>}
    <span class=sf-dump-index>50</span> => {<a class=sf-dump-ref>#4538</a><samp data-depth=3 class=sf-dump-compact>
      +\"<span class=sf-dump-public title=\"Runtime added dynamic property\">id</span>\": \"<span class=sf-dump-str title=\"2 characters\">51</span>\"
      +\"<span class=sf-dump-public title=\"Runtime added dynamic property\">name</span>\": \"<span class=sf-dump-str title=\"4 characters\">Kura</span>\"
      +\"<span class=sf-dump-public title=\"Runtime added dynamic property\">slug</span>\": \"<span class=sf-dump-str title=\"4 characters\">kura</span>\"
      +\"<span class=sf-dump-public title=\"Runtime added dynamic property\">is_active</span>\": \"<span class=sf-dump-str>1</span>\"
      +\"<span class=sf-dump-public title=\"Runtime added dynamic property\">created_at</span>\": \"<span class=sf-dump-str title=\"23 characters\">2025-10-24 01:41:04.013</span>\"
      +\"<span class=sf-dump-public title=\"Runtime added dynamic property\">updated_at</span>\": \"<span class=sf-dump-str title=\"23 characters\">2025-10-30 00:52:32.323</span>\"
    </samp>}
    <span class=sf-dump-index>51</span> => {<a class=sf-dump-ref>#4539</a><samp data-depth=3 class=sf-dump-compact>
      +\"<span class=sf-dump-public title=\"Runtime added dynamic property\">id</span>\": \"<span class=sf-dump-str title=\"2 characters\">52</span>\"
      +\"<span class=sf-dump-public title=\"Runtime added dynamic property\">name</span>\": \"<span class=sf-dump-str title=\"6 characters\">Madobi</span>\"
      +\"<span class=sf-dump-public title=\"Runtime added dynamic property\">slug</span>\": \"<span class=sf-dump-str title=\"6 characters\">madobi</span>\"
      +\"<span class=sf-dump-public title=\"Runtime added dynamic property\">is_active</span>\": \"<span class=sf-dump-str>1</span>\"
      +\"<span class=sf-dump-public title=\"Runtime added dynamic property\">created_at</span>\": \"<span class=sf-dump-str title=\"23 characters\">2025-10-24 01:41:04.013</span>\"
      +\"<span class=sf-dump-public title=\"Runtime added dynamic property\">updated_at</span>\": \"<span class=sf-dump-str title=\"23 characters\">2025-10-30 00:52:32.323</span>\"
    </samp>}
    <span class=sf-dump-index>52</span> => {<a class=sf-dump-ref>#4540</a><samp data-depth=3 class=sf-dump-compact>
      +\"<span class=sf-dump-public title=\"Runtime added dynamic property\">id</span>\": \"<span class=sf-dump-str title=\"2 characters\">53</span>\"
      +\"<span class=sf-dump-public title=\"Runtime added dynamic property\">name</span>\": \"<span class=sf-dump-str title=\"6 characters\">Makoda</span>\"
      +\"<span class=sf-dump-public title=\"Runtime added dynamic property\">slug</span>\": \"<span class=sf-dump-str title=\"6 characters\">makoda</span>\"
      +\"<span class=sf-dump-public title=\"Runtime added dynamic property\">is_active</span>\": \"<span class=sf-dump-str>1</span>\"
      +\"<span class=sf-dump-public title=\"Runtime added dynamic property\">created_at</span>\": \"<span class=sf-dump-str title=\"23 characters\">2025-10-24 01:41:04.013</span>\"
      +\"<span class=sf-dump-public title=\"Runtime added dynamic property\">updated_at</span>\": \"<span class=sf-dump-str title=\"23 characters\">2025-10-30 00:52:32.323</span>\"
    </samp>}
    <span class=sf-dump-index>53</span> => {<a class=sf-dump-ref>#4541</a><samp data-depth=3 class=sf-dump-compact>
      +\"<span class=sf-dump-public title=\"Runtime added dynamic property\">id</span>\": \"<span class=sf-dump-str title=\"2 characters\">54</span>\"
      +\"<span class=sf-dump-public title=\"Runtime added dynamic property\">name</span>\": \"<span class=sf-dump-str title=\"8 characters\">Minjibir</span>\"
      +\"<span class=sf-dump-public title=\"Runtime added dynamic property\">slug</span>\": \"<span class=sf-dump-str title=\"8 characters\">minjibir</span>\"
      +\"<span class=sf-dump-public title=\"Runtime added dynamic property\">is_active</span>\": \"<span class=sf-dump-str>1</span>\"
      +\"<span class=sf-dump-public title=\"Runtime added dynamic property\">created_at</span>\": \"<span class=sf-dump-str title=\"23 characters\">2025-10-24 01:41:04.013</span>\"
      +\"<span class=sf-dump-public title=\"Runtime added dynamic property\">updated_at</span>\": \"<span class=sf-dump-str title=\"23 characters\">2025-10-30 00:52:32.323</span>\"
    </samp>}
    <span class=sf-dump-index>54</span> => {<a class=sf-dump-ref>#4542</a><samp data-depth=3 class=sf-dump-compact>
      +\"<span class=sf-dump-public title=\"Runtime added dynamic property\">id</span>\": \"<span class=sf-dump-str title=\"2 characters\">55</span>\"
      +\"<span class=sf-dump-public title=\"Runtime added dynamic property\">name</span>\": \"<span class=sf-dump-str title=\"9 characters\">Municipal</span>\"
      +\"<span class=sf-dump-public title=\"Runtime added dynamic property\">slug</span>\": \"<span class=sf-dump-str title=\"9 characters\">municipal</span>\"
      +\"<span class=sf-dump-public title=\"Runtime added dynamic property\">is_active</span>\": \"<span class=sf-dump-str>1</span>\"
      +\"<span class=sf-dump-public title=\"Runtime added dynamic property\">created_at</span>\": \"<span class=sf-dump-str title=\"23 characters\">2025-10-24 01:41:04.013</span>\"
      +\"<span class=sf-dump-public title=\"Runtime added dynamic property\">updated_at</span>\": \"<span class=sf-dump-str title=\"23 characters\">2025-10-30 00:52:32.323</span>\"
    </samp>}
    <span class=sf-dump-index>55</span> => {<a class=sf-dump-ref>#4543</a><samp data-depth=3 class=sf-dump-compact>
      +\"<span class=sf-dump-public title=\"Runtime added dynamic property\">id</span>\": \"<span class=sf-dump-str title=\"2 characters\">56</span>\"
      +\"<span class=sf-dump-public title=\"Runtime added dynamic property\">name</span>\": \"<span class=sf-dump-str title=\"26 characters\">Municipal Local Government</span>\"
      +\"<span class=sf-dump-public title=\"Runtime added dynamic property\">slug</span>\": \"<span class=sf-dump-str title=\"26 characters\">municipal-local-government</span>\"
      +\"<span class=sf-dump-public title=\"Runtime added dynamic property\">is_active</span>\": \"<span class=sf-dump-str>1</span>\"
      +\"<span class=sf-dump-public title=\"Runtime added dynamic property\">created_at</span>\": \"<span class=sf-dump-str title=\"23 characters\">2025-10-24 01:41:04.013</span>\"
      +\"<span class=sf-dump-public title=\"Runtime added dynamic property\">updated_at</span>\": \"<span class=sf-dump-str title=\"23 characters\">2025-10-24 01:41:04.013</span>\"
    </samp>}
    <span class=sf-dump-index>56</span> => {<a class=sf-dump-ref>#4544</a><samp data-depth=3 class=sf-dump-compact>
      +\"<span class=sf-dump-public title=\"Runtime added dynamic property\">id</span>\": \"<span class=sf-dump-str title=\"2 characters\">57</span>\"
      +\"<span class=sf-dump-public title=\"Runtime added dynamic property\">name</span>\": \"<span class=sf-dump-str title=\"10 characters\">Munnicipal</span>\"
      +\"<span class=sf-dump-public title=\"Runtime added dynamic property\">slug</span>\": \"<span class=sf-dump-str title=\"10 characters\">munnicipal</span>\"
      +\"<span class=sf-dump-public title=\"Runtime added dynamic property\">is_active</span>\": \"<span class=sf-dump-str>1</span>\"
      +\"<span class=sf-dump-public title=\"Runtime added dynamic property\">created_at</span>\": \"<span class=sf-dump-str title=\"23 characters\">2025-10-24 01:41:04.013</span>\"
      +\"<span class=sf-dump-public title=\"Runtime added dynamic property\">updated_at</span>\": \"<span class=sf-dump-str title=\"23 characters\">2025-10-24 01:41:04.013</span>\"
    </samp>}
    <span class=sf-dump-index>57</span> => {<a class=sf-dump-ref>#4545</a><samp data-depth=3 class=sf-dump-compact>
      +\"<span class=sf-dump-public title=\"Runtime added dynamic property\">id</span>\": \"<span class=sf-dump-str title=\"2 characters\">58</span>\"
      +\"<span class=sf-dump-public title=\"Runtime added dynamic property\">name</span>\": \"<span class=sf-dump-str title=\"8 characters\">Nasarawa</span>\"
      +\"<span class=sf-dump-public title=\"Runtime added dynamic property\">slug</span>\": \"<span class=sf-dump-str title=\"8 characters\">nasarawa</span>\"
      +\"<span class=sf-dump-public title=\"Runtime added dynamic property\">is_active</span>\": \"<span class=sf-dump-str>1</span>\"
      +\"<span class=sf-dump-public title=\"Runtime added dynamic property\">created_at</span>\": \"<span class=sf-dump-str title=\"23 characters\">2025-10-24 01:41:04.013</span>\"
      +\"<span class=sf-dump-public title=\"Runtime added dynamic property\">updated_at</span>\": \"<span class=sf-dump-str title=\"23 characters\">2025-10-30 00:52:32.323</span>\"
    </samp>}
    <span class=sf-dump-index>58</span> => {<a class=sf-dump-ref>#4546</a><samp data-depth=3 class=sf-dump-compact>
      +\"<span class=sf-dump-public title=\"Runtime added dynamic property\">id</span>\": \"<span class=sf-dump-str title=\"2 characters\">59</span>\"
      +\"<span class=sf-dump-public title=\"Runtime added dynamic property\">name</span>\": \"<span class=sf-dump-str title=\"9 characters\">Nassarawa</span>\"
      +\"<span class=sf-dump-public title=\"Runtime added dynamic property\">slug</span>\": \"<span class=sf-dump-str title=\"9 characters\">nassarawa</span>\"
      +\"<span class=sf-dump-public title=\"Runtime added dynamic property\">is_active</span>\": \"<span class=sf-dump-str>1</span>\"
      +\"<span class=sf-dump-public title=\"Runtime added dynamic property\">created_at</span>\": \"<span class=sf-dump-str title=\"23 characters\">2025-10-24 01:41:04.013</span>\"
      +\"<span class=sf-dump-public title=\"Runtime added dynamic property\">updated_at</span>\": \"<span class=sf-dump-str title=\"23 characters\">2025-10-24 01:41:04.013</span>\"
    </samp>}
    <span class=sf-dump-index>59</span> => {<a class=sf-dump-ref>#4547</a><samp data-depth=3 class=sf-dump-compact>
      +\"<span class=sf-dump-public title=\"Runtime added dynamic property\">id</span>\": \"<span class=sf-dump-str title=\"5 characters\">10079</span>\"
      +\"<span class=sf-dump-public title=\"Runtime added dynamic property\">name</span>\": \"<span class=sf-dump-str title=\"5 characters\">Other</span>\"
      +\"<span class=sf-dump-public title=\"Runtime added dynamic property\">slug</span>\": \"<span class=sf-dump-str title=\"5 characters\">Other</span>\"
      +\"<span class=sf-dump-public title=\"Runtime added dynamic property\">is_active</span>\": \"<span class=sf-dump-str>1</span>\"
      +\"<span class=sf-dump-public title=\"Runtime added dynamic property\">created_at</span>\": <span class=sf-dump-const>null</span>
      +\"<span class=sf-dump-public title=\"Runtime added dynamic property\">updated_at</span>\": <span class=sf-dump-const>null</span>
    </samp>}
    <span class=sf-dump-index>60</span> => {<a class=sf-dump-ref>#4548</a><samp data-depth=3 class=sf-dump-compact>
      +\"<span class=sf-dump-public title=\"Runtime added dynamic property\">id</span>\": \"<span class=sf-dump-str title=\"2 characters\">60</span>\"
      +\"<span class=sf-dump-public title=\"Runtime added dynamic property\">name</span>\": \"<span class=sf-dump-str title=\"4 characters\">Rano</span>\"
      +\"<span class=sf-dump-public title=\"Runtime added dynamic property\">slug</span>\": \"<span class=sf-dump-str title=\"4 characters\">rano</span>\"
      +\"<span class=sf-dump-public title=\"Runtime added dynamic property\">is_active</span>\": \"<span class=sf-dump-str>1</span>\"
      +\"<span class=sf-dump-public title=\"Runtime added dynamic property\">created_at</span>\": \"<span class=sf-dump-str title=\"23 characters\">2025-10-24 01:41:04.013</span>\"
      +\"<span class=sf-dump-public title=\"Runtime added dynamic property\">updated_at</span>\": \"<span class=sf-dump-str title=\"23 characters\">2025-10-30 00:52:32.323</span>\"
    </samp>}
    <span class=sf-dump-index>61</span> => {<a class=sf-dump-ref>#4549</a><samp data-depth=3 class=sf-dump-compact>
      +\"<span class=sf-dump-public title=\"Runtime added dynamic property\">id</span>\": \"<span class=sf-dump-str title=\"2 characters\">61</span>\"
      +\"<span class=sf-dump-public title=\"Runtime added dynamic property\">name</span>\": \"<span class=sf-dump-str title=\"10 characters\">Rimin Gado</span>\"
      +\"<span class=sf-dump-public title=\"Runtime added dynamic property\">slug</span>\": \"<span class=sf-dump-str title=\"10 characters\">rimin-gado</span>\"
      +\"<span class=sf-dump-public title=\"Runtime added dynamic property\">is_active</span>\": \"<span class=sf-dump-str>1</span>\"
      +\"<span class=sf-dump-public title=\"Runtime added dynamic property\">created_at</span>\": \"<span class=sf-dump-str title=\"23 characters\">2025-10-24 01:41:04.013</span>\"
      +\"<span class=sf-dump-public title=\"Runtime added dynamic property\">updated_at</span>\": \"<span class=sf-dump-str title=\"23 characters\">2025-10-30 00:52:32.323</span>\"
    </samp>}
    <span class=sf-dump-index>62</span> => {<a class=sf-dump-ref>#4550</a><samp data-depth=3 class=sf-dump-compact>
      +\"<span class=sf-dump-public title=\"Runtime added dynamic property\">id</span>\": \"<span class=sf-dump-str title=\"2 characters\">62</span>\"
      +\"<span class=sf-dump-public title=\"Runtime added dynamic property\">name</span>\": \"<span class=sf-dump-str title=\"12 characters\">Rimin Zakara</span>\"
      +\"<span class=sf-dump-public title=\"Runtime added dynamic property\">slug</span>\": \"<span class=sf-dump-str title=\"12 characters\">rimin-zakara</span>\"
      +\"<span class=sf-dump-public title=\"Runtime added dynamic property\">is_active</span>\": \"<span class=sf-dump-str>1</span>\"
      +\"<span class=sf-dump-public title=\"Runtime added dynamic property\">created_at</span>\": \"<span class=sf-dump-str title=\"23 characters\">2025-10-24 01:41:04.013</span>\"
      +\"<span class=sf-dump-public title=\"Runtime added dynamic property\">updated_at</span>\": \"<span class=sf-dump-str title=\"23 characters\">2025-10-30 00:52:32.323</span>\"
    </samp>}
    <span class=sf-dump-index>63</span> => {<a class=sf-dump-ref>#4551</a><samp data-depth=3 class=sf-dump-compact>
      +\"<span class=sf-dump-public title=\"Runtime added dynamic property\">id</span>\": \"<span class=sf-dump-str title=\"2 characters\">63</span>\"
      +\"<span class=sf-dump-public title=\"Runtime added dynamic property\">name</span>\": \"<span class=sf-dump-str title=\"4 characters\">Rogo</span>\"
      +\"<span class=sf-dump-public title=\"Runtime added dynamic property\">slug</span>\": \"<span class=sf-dump-str title=\"4 characters\">rogo</span>\"
      +\"<span class=sf-dump-public title=\"Runtime added dynamic property\">is_active</span>\": \"<span class=sf-dump-str>1</span>\"
      +\"<span class=sf-dump-public title=\"Runtime added dynamic property\">created_at</span>\": \"<span class=sf-dump-str title=\"23 characters\">2025-10-24 01:41:04.013</span>\"
      +\"<span class=sf-dump-public title=\"Runtime added dynamic property\">updated_at</span>\": \"<span class=sf-dump-str title=\"23 characters\">2025-10-30 00:52:32.323</span>\"
    </samp>}
    <span class=sf-dump-index>64</span> => {<a class=sf-dump-ref>#4552</a><samp data-depth=3 class=sf-dump-compact>
      +\"<span class=sf-dump-public title=\"Runtime added dynamic property\">id</span>\": \"<span class=sf-dump-str title=\"2 characters\">78</span>\"
      +\"<span class=sf-dump-public title=\"Runtime added dynamic property\">name</span>\": \"<span class=sf-dump-str title=\"7 characters\">Shanono</span>\"
      +\"<span class=sf-dump-public title=\"Runtime added dynamic property\">slug</span>\": \"<span class=sf-dump-str title=\"7 characters\">shanono</span>\"
      +\"<span class=sf-dump-public title=\"Runtime added dynamic property\">is_active</span>\": \"<span class=sf-dump-str>1</span>\"
      +\"<span class=sf-dump-public title=\"Runtime added dynamic property\">created_at</span>\": \"<span class=sf-dump-str title=\"23 characters\">2025-10-24 02:14:31.217</span>\"
      +\"<span class=sf-dump-public title=\"Runtime added dynamic property\">updated_at</span>\": \"<span class=sf-dump-str title=\"23 characters\">2025-10-30 00:52:32.323</span>\"
    </samp>}
    <span class=sf-dump-index>65</span> => {<a class=sf-dump-ref>#4553</a><samp data-depth=3 class=sf-dump-compact>
      +\"<span class=sf-dump-public title=\"Runtime added dynamic property\">id</span>\": \"<span class=sf-dump-str title=\"2 characters\">64</span>\"
      +\"<span class=sf-dump-public title=\"Runtime added dynamic property\">name</span>\": \"<span class=sf-dump-str title=\"7 characters\">Sumaila</span>\"
      +\"<span class=sf-dump-public title=\"Runtime added dynamic property\">slug</span>\": \"<span class=sf-dump-str title=\"7 characters\">sumaila</span>\"
      +\"<span class=sf-dump-public title=\"Runtime added dynamic property\">is_active</span>\": \"<span class=sf-dump-str>1</span>\"
      +\"<span class=sf-dump-public title=\"Runtime added dynamic property\">created_at</span>\": \"<span class=sf-dump-str title=\"23 characters\">2025-10-24 01:41:04.013</span>\"
      +\"<span class=sf-dump-public title=\"Runtime added dynamic property\">updated_at</span>\": \"<span class=sf-dump-str title=\"23 characters\">2025-10-30 00:52:32.323</span>\"
    </samp>}
    <span class=sf-dump-index>66</span> => {<a class=sf-dump-ref>#4554</a><samp data-depth=3 class=sf-dump-compact>
      +\"<span class=sf-dump-public title=\"Runtime added dynamic property\">id</span>\": \"<span class=sf-dump-str title=\"2 characters\">65</span>\"
      +\"<span class=sf-dump-public title=\"Runtime added dynamic property\">name</span>\": \"<span class=sf-dump-str title=\"5 characters\">Takai</span>\"
      +\"<span class=sf-dump-public title=\"Runtime added dynamic property\">slug</span>\": \"<span class=sf-dump-str title=\"5 characters\">takai</span>\"
      +\"<span class=sf-dump-public title=\"Runtime added dynamic property\">is_active</span>\": \"<span class=sf-dump-str>1</span>\"
      +\"<span class=sf-dump-public title=\"Runtime added dynamic property\">created_at</span>\": \"<span class=sf-dump-str title=\"23 characters\">2025-10-24 01:41:04.013</span>\"
      +\"<span class=sf-dump-public title=\"Runtime added dynamic property\">updated_at</span>\": \"<span class=sf-dump-str title=\"23 characters\">2025-10-30 00:52:32.323</span>\"
    </samp>}
    <span class=sf-dump-index>67</span> => {<a class=sf-dump-ref>#4555</a><samp data-depth=3 class=sf-dump-compact>
      +\"<span class=sf-dump-public title=\"Runtime added dynamic property\">id</span>\": \"<span class=sf-dump-str title=\"2 characters\">66</span>\"
      +\"<span class=sf-dump-public title=\"Runtime added dynamic property\">name</span>\": \"<span class=sf-dump-str title=\"7 characters\">Tarauni</span>\"
      +\"<span class=sf-dump-public title=\"Runtime added dynamic property\">slug</span>\": \"<span class=sf-dump-str title=\"7 characters\">tarauni</span>\"
      +\"<span class=sf-dump-public title=\"Runtime added dynamic property\">is_active</span>\": \"<span class=sf-dump-str>1</span>\"
      +\"<span class=sf-dump-public title=\"Runtime added dynamic property\">created_at</span>\": \"<span class=sf-dump-str title=\"23 characters\">2025-10-24 01:41:04.013</span>\"
      +\"<span class=sf-dump-public title=\"Runtime added dynamic property\">updated_at</span>\": \"<span class=sf-dump-str title=\"23 characters\">2025-10-30 00:52:32.323</span>\"
    </samp>}
    <span class=sf-dump-index>68</span> => {<a class=sf-dump-ref>#4556</a><samp data-depth=3 class=sf-dump-compact>
      +\"<span class=sf-dump-public title=\"Runtime added dynamic property\">id</span>\": \"<span class=sf-dump-str title=\"2 characters\">67</span>\"
      +\"<span class=sf-dump-public title=\"Runtime added dynamic property\">name</span>\": \"<span class=sf-dump-str title=\"16 characters\">Tarauni District</span>\"
      +\"<span class=sf-dump-public title=\"Runtime added dynamic property\">slug</span>\": \"<span class=sf-dump-str title=\"16 characters\">tarauni-district</span>\"
      +\"<span class=sf-dump-public title=\"Runtime added dynamic property\">is_active</span>\": \"<span class=sf-dump-str>1</span>\"
      +\"<span class=sf-dump-public title=\"Runtime added dynamic property\">created_at</span>\": \"<span class=sf-dump-str title=\"23 characters\">2025-10-24 01:41:04.013</span>\"
      +\"<span class=sf-dump-public title=\"Runtime added dynamic property\">updated_at</span>\": \"<span class=sf-dump-str title=\"23 characters\">2025-10-24 01:41:04.013</span>\"
    </samp>}
    <span class=sf-dump-index>69</span> => {<a class=sf-dump-ref>#4557</a><samp data-depth=3 class=sf-dump-compact>
      +\"<span class=sf-dump-public title=\"Runtime added dynamic property\">id</span>\": \"<span class=sf-dump-str title=\"2 characters\">68</span>\"
      +\"<span class=sf-dump-public title=\"Runtime added dynamic property\">name</span>\": \"<span class=sf-dump-str title=\"4 characters\">Tofa</span>\"
      +\"<span class=sf-dump-public title=\"Runtime added dynamic property\">slug</span>\": \"<span class=sf-dump-str title=\"4 characters\">tofa</span>\"
      +\"<span class=sf-dump-public title=\"Runtime added dynamic property\">is_active</span>\": \"<span class=sf-dump-str>1</span>\"
      +\"<span class=sf-dump-public title=\"Runtime added dynamic property\">created_at</span>\": \"<span class=sf-dump-str title=\"23 characters\">2025-10-24 01:41:04.013</span>\"
      +\"<span class=sf-dump-public title=\"Runtime added dynamic property\">updated_at</span>\": \"<span class=sf-dump-str title=\"23 characters\">2025-10-30 00:52:32.323</span>\"
    </samp>}
    <span class=sf-dump-index>70</span> => {<a class=sf-dump-ref>#4558</a><samp data-depth=3 class=sf-dump-compact>
      +\"<span class=sf-dump-public title=\"Runtime added dynamic property\">id</span>\": \"<span class=sf-dump-str title=\"2 characters\">69</span>\"
      +\"<span class=sf-dump-public title=\"Runtime added dynamic property\">name</span>\": \"<span class=sf-dump-str title=\"8 characters\">Tsantawa</span>\"
      +\"<span class=sf-dump-public title=\"Runtime added dynamic property\">slug</span>\": \"<span class=sf-dump-str title=\"8 characters\">tsantawa</span>\"
      +\"<span class=sf-dump-public title=\"Runtime added dynamic property\">is_active</span>\": \"<span class=sf-dump-str>1</span>\"
      +\"<span class=sf-dump-public title=\"Runtime added dynamic property\">created_at</span>\": \"<span class=sf-dump-str title=\"23 characters\">2025-10-24 01:41:04.013</span>\"
      +\"<span class=sf-dump-public title=\"Runtime added dynamic property\">updated_at</span>\": \"<span class=sf-dump-str title=\"23 characters\">2025-10-24 01:41:04.013</span>\"
    </samp>}
    <span class=sf-dump-index>71</span> => {<a class=sf-dump-ref>#4559</a><samp data-depth=3 class=sf-dump-compact>
      +\"<span class=sf-dump-public title=\"Runtime added dynamic property\">id</span>\": \"<span class=sf-dump-str title=\"2 characters\">70</span>\"
      +\"<span class=sf-dump-public title=\"Runtime added dynamic property\">name</span>\": \"<span class=sf-dump-str title=\"8 characters\">Tsanyawa</span>\"
      +\"<span class=sf-dump-public title=\"Runtime added dynamic property\">slug</span>\": \"<span class=sf-dump-str title=\"8 characters\">tsanyawa</span>\"
      +\"<span class=sf-dump-public title=\"Runtime added dynamic property\">is_active</span>\": \"<span class=sf-dump-str>1</span>\"
      +\"<span class=sf-dump-public title=\"Runtime added dynamic property\">created_at</span>\": \"<span class=sf-dump-str title=\"23 characters\">2025-10-24 01:41:04.013</span>\"
      +\"<span class=sf-dump-public title=\"Runtime added dynamic property\">updated_at</span>\": \"<span class=sf-dump-str title=\"23 characters\">2025-10-30 00:52:32.323</span>\"
    </samp>}
    <span class=sf-dump-index>72</span> => {<a class=sf-dump-ref>#4560</a><samp data-depth=3 class=sf-dump-compact>
      +\"<span class=sf-dump-public title=\"Runtime added dynamic property\">id</span>\": \"<span class=sf-dump-str title=\"2 characters\">71</span>\"
      +\"<span class=sf-dump-public title=\"Runtime added dynamic property\">name</span>\": \"<span class=sf-dump-str title=\"10 characters\">Tudun Wada</span>\"
      +\"<span class=sf-dump-public title=\"Runtime added dynamic property\">slug</span>\": \"<span class=sf-dump-str title=\"10 characters\">tudun-wada</span>\"
      +\"<span class=sf-dump-public title=\"Runtime added dynamic property\">is_active</span>\": \"<span class=sf-dump-str>1</span>\"
      +\"<span class=sf-dump-public title=\"Runtime added dynamic property\">created_at</span>\": \"<span class=sf-dump-str title=\"23 characters\">2025-10-24 01:41:04.013</span>\"
      +\"<span class=sf-dump-public title=\"Runtime added dynamic property\">updated_at</span>\": \"<span class=sf-dump-str title=\"23 characters\">2025-10-30 00:52:32.323</span>\"
    </samp>}
    <span class=sf-dump-index>73</span> => {<a class=sf-dump-ref>#4561</a><samp data-depth=3 class=sf-dump-compact>
      +\"<span class=sf-dump-public title=\"Runtime added dynamic property\">id</span>\": \"<span class=sf-dump-str title=\"2 characters\">72</span>\"
      +\"<span class=sf-dump-public title=\"Runtime added dynamic property\">name</span>\": \"<span class=sf-dump-str title=\"7 characters\">Ungoggo</span>\"
      +\"<span class=sf-dump-public title=\"Runtime added dynamic property\">slug</span>\": \"<span class=sf-dump-str title=\"7 characters\">ungoggo</span>\"
      +\"<span class=sf-dump-public title=\"Runtime added dynamic property\">is_active</span>\": \"<span class=sf-dump-str>1</span>\"
      +\"<span class=sf-dump-public title=\"Runtime added dynamic property\">created_at</span>\": \"<span class=sf-dump-str title=\"23 characters\">2025-10-24 01:41:04.013</span>\"
      +\"<span class=sf-dump-public title=\"Runtime added dynamic property\">updated_at</span>\": \"<span class=sf-dump-str title=\"23 characters\">2025-10-24 01:41:04.013</span>\"
    </samp>}
    <span class=sf-dump-index>74</span> => {<a class=sf-dump-ref>#4562</a><samp data-depth=3 class=sf-dump-compact>
      +\"<span class=sf-dump-public title=\"Runtime added dynamic property\">id</span>\": \"<span class=sf-dump-str title=\"2 characters\">73</span>\"
      +\"<span class=sf-dump-public title=\"Runtime added dynamic property\">name</span>\": \"<span class=sf-dump-str title=\"6 characters\">Ungogo</span>\"
      +\"<span class=sf-dump-public title=\"Runtime added dynamic property\">slug</span>\": \"<span class=sf-dump-str title=\"6 characters\">ungogo</span>\"
      +\"<span class=sf-dump-public title=\"Runtime added dynamic property\">is_active</span>\": \"<span class=sf-dump-str>1</span>\"
      +\"<span class=sf-dump-public title=\"Runtime added dynamic property\">created_at</span>\": \"<span class=sf-dump-str title=\"23 characters\">2025-10-24 01:41:04.013</span>\"
      +\"<span class=sf-dump-public title=\"Runtime added dynamic property\">updated_at</span>\": \"<span class=sf-dump-str title=\"23 characters\">2025-10-30 00:52:32.323</span>\"
    </samp>}
    <span class=sf-dump-index>75</span> => {<a class=sf-dump-ref>#4563</a><samp data-depth=3 class=sf-dump-compact>
      +\"<span class=sf-dump-public title=\"Runtime added dynamic property\">id</span>\": \"<span class=sf-dump-str title=\"2 characters\">74</span>\"
      +\"<span class=sf-dump-public title=\"Runtime added dynamic property\">name</span>\": \"<span class=sf-dump-str title=\"4 characters\">Waje</span>\"
      +\"<span class=sf-dump-public title=\"Runtime added dynamic property\">slug</span>\": \"<span class=sf-dump-str title=\"4 characters\">waje</span>\"
      +\"<span class=sf-dump-public title=\"Runtime added dynamic property\">is_active</span>\": \"<span class=sf-dump-str>1</span>\"
      +\"<span class=sf-dump-public title=\"Runtime added dynamic property\">created_at</span>\": \"<span class=sf-dump-str title=\"23 characters\">2025-10-24 01:41:04.013</span>\"
      +\"<span class=sf-dump-public title=\"Runtime added dynamic property\">updated_at</span>\": \"<span class=sf-dump-str title=\"23 characters\">2025-10-30 00:52:32.323</span>\"
    </samp>}
    <span class=sf-dump-index>76</span> => {<a class=sf-dump-ref>#4564</a><samp data-depth=3 class=sf-dump-compact>
      +\"<span class=sf-dump-public title=\"Runtime added dynamic property\">id</span>\": \"<span class=sf-dump-str title=\"2 characters\">75</span>\"
      +\"<span class=sf-dump-public title=\"Runtime added dynamic property\">name</span>\": \"<span class=sf-dump-str title=\"6 characters\">Warawa</span>\"
      +\"<span class=sf-dump-public title=\"Runtime added dynamic property\">slug</span>\": \"<span class=sf-dump-str title=\"6 characters\">warawa</span>\"
      +\"<span class=sf-dump-public title=\"Runtime added dynamic property\">is_active</span>\": \"<span class=sf-dump-str>1</span>\"
      +\"<span class=sf-dump-public title=\"Runtime added dynamic property\">created_at</span>\": \"<span class=sf-dump-str title=\"23 characters\">2025-10-24 01:41:04.013</span>\"
      +\"<span class=sf-dump-public title=\"Runtime added dynamic property\">updated_at</span>\": \"<span class=sf-dump-str title=\"23 characters\">2025-10-30 00:52:32.323</span>\"
    </samp>}
    <span class=sf-dump-index>77</span> => {<a class=sf-dump-ref>#4565</a><samp data-depth=3 class=sf-dump-compact>
      +\"<span class=sf-dump-public title=\"Runtime added dynamic property\">id</span>\": \"<span class=sf-dump-str title=\"5 characters\">10078</span>\"
      +\"<span class=sf-dump-public title=\"Runtime added dynamic property\">name</span>\": \"<span class=sf-dump-str title=\"15 characters\">Western Bypass </span>\"
      +\"<span class=sf-dump-public title=\"Runtime added dynamic property\">slug</span>\": \"<span class=sf-dump-str title=\"15 characters\">Western Bypass </span>\"
      +\"<span class=sf-dump-public title=\"Runtime added dynamic property\">is_active</span>\": \"<span class=sf-dump-str>1</span>\"
      +\"<span class=sf-dump-public title=\"Runtime added dynamic property\">created_at</span>\": <span class=sf-dump-const>null</span>
      +\"<span class=sf-dump-public title=\"Runtime added dynamic property\">updated_at</span>\": <span class=sf-dump-const>null</span>
    </samp>}
    <span class=sf-dump-index>78</span> => {<a class=sf-dump-ref>#4566</a><samp data-depth=3 class=sf-dump-compact>
      +\"<span class=sf-dump-public title=\"Runtime added dynamic property\">id</span>\": \"<span class=sf-dump-str title=\"2 characters\">76</span>\"
      +\"<span class=sf-dump-public title=\"Runtime added dynamic property\">name</span>\": \"<span class=sf-dump-str title=\"5 characters\">Wudil</span>\"
      +\"<span class=sf-dump-public title=\"Runtime added dynamic property\">slug</span>\": \"<span class=sf-dump-str title=\"5 characters\">wudil</span>\"
      +\"<span class=sf-dump-public title=\"Runtime added dynamic property\">is_active</span>\": \"<span class=sf-dump-str>1</span>\"
      +\"<span class=sf-dump-public title=\"Runtime added dynamic property\">created_at</span>\": \"<span class=sf-dump-str title=\"23 characters\">2025-10-24 01:41:04.013</span>\"
      +\"<span class=sf-dump-public title=\"Runtime added dynamic property\">updated_at</span>\": \"<span class=sf-dump-str title=\"23 characters\">2025-10-30 00:52:32.323</span>\"
    </samp>}
    <span class=sf-dump-index>79</span> => {<a class=sf-dump-ref>#4567</a><samp data-depth=3 class=sf-dump-compact>
      +\"<span class=sf-dump-public title=\"Runtime added dynamic property\">id</span>\": \"<span class=sf-dump-str title=\"2 characters\">77</span>\"
      +\"<span class=sf-dump-public title=\"Runtime added dynamic property\">name</span>\": \"<span class=sf-dump-str title=\"9 characters\">Zawachiki</span>\"
      +\"<span class=sf-dump-public title=\"Runtime added dynamic property\">slug</span>\": \"<span class=sf-dump-str title=\"9 characters\">zawachiki</span>\"
      +\"<span class=sf-dump-public title=\"Runtime added dynamic property\">is_active</span>\": \"<span class=sf-dump-str>1</span>\"
      +\"<span class=sf-dump-public title=\"Runtime added dynamic property\">created_at</span>\": \"<span class=sf-dump-str title=\"23 characters\">2025-10-24 01:41:04.013</span>\"
      +\"<span class=sf-dump-public title=\"Runtime added dynamic property\">updated_at</span>\": \"<span class=sf-dump-str title=\"23 characters\">2025-10-30 00:52:32.323</span>\"
    </samp>}
  </samp>]
  #<span class=sf-dump-protected title=\"Protected property\">escapeWhenCastingToString</span>: <span class=sf-dump-const>false</span>
</samp>}
</pre><script>Sfdump(\"sf-dump-46107507\", {\"maxDepth\":3,\"maxStringLength\":160})</script>
"}},"userId":1,"exception":"[object] (Spatie\\LaravelIgnition\\Exceptions\\ViewException(code: 0): Route [temporary-file.print-recommendation] not defined. at C:\\wamp64\\www\\klaes\\vendor\\laravel\\framework\\src\\Illuminate\\Routing\\UrlGenerator.php:467)
[stacktrace]
#0 C:\\wamp64\\www\\klaes\\vendor\\laravel\\framework\\src\\Illuminate\\Foundation\\helpers.php(826): Illuminate\\Routing\\UrlGenerator->route('temporary-file....', 2, true)
#1 C:\\wamp64\\www\\klaes\\resources\\views\\lands_one_stop_shop\\temporary_file.blade.php(101): route('temporary-file....', 2)
#2 C:\\wamp64\\www\\klaes\\vendor\\laravel\\framework\\src\\Illuminate\\Filesystem\\Filesystem.php(109): require('C:\\\\wamp64\\\\www\\\\k...')
#3 C:\\wamp64\\www\\klaes\\vendor\\laravel\\framework\\src\\Illuminate\\Filesystem\\Filesystem.php(110): Illuminate\\Filesystem\\Filesystem::Illuminate\\Filesystem\\{closure}()
#4 C:\\wamp64\\www\\klaes\\vendor\\laravel\\framework\\src\\Illuminate\\View\\Engines\\PhpEngine.php(58): Illuminate\\Filesystem\\Filesystem->getRequire('C:\\\\wamp64\\\\www\\\\k...', Array)
#5 C:\\wamp64\\www\\klaes\\vendor\\livewire\\livewire\\src\\ComponentConcerns\\RendersLivewireComponents.php(69): Illuminate\\View\\Engines\\PhpEngine->evaluatePath('C:\\\\wamp64\\\\www\\\\k...', Array)
#6 C:\\wamp64\\www\\klaes\\vendor\\laravel\\framework\\src\\Illuminate\\View\\Engines\\CompilerEngine.php(70): Livewire\\LivewireViewCompilerEngine->evaluatePath('C:\\\\wamp64\\\\www\\\\k...', Array)
#7 C:\\wamp64\\www\\klaes\\vendor\\livewire\\livewire\\src\\ComponentConcerns\\RendersLivewireComponents.php(35): Illuminate\\View\\Engines\\CompilerEngine->get('C:\\\\wamp64\\\\www\\\\k...', Array)
#8 C:\\wamp64\\www\\klaes\\vendor\\laravel\\framework\\src\\Illuminate\\View\\View.php(195): Livewire\\LivewireViewCompilerEngine->get('C:\\\\wamp64\\\\www\\\\k...', Array)
#9 C:\\wamp64\\www\\klaes\\vendor\\laravel\\framework\\src\\Illuminate\\View\\View.php(178): Illuminate\\View\\View->getContents()
#10 C:\\wamp64\\www\\klaes\\vendor\\laravel\\framework\\src\\Illuminate\\View\\View.php(147): Illuminate\\View\\View->renderContents()
#11 C:\\wamp64\\www\\klaes\\vendor\\laravel\\framework\\src\\Illuminate\\Http\\Response.php(69): Illuminate\\View\\View->render()
#12 C:\\wamp64\\www\\klaes\\vendor\\laravel\\framework\\src\\Illuminate\\Http\\Response.php(35): Illuminate\\Http\\Response->setContent(Object(Illuminate\\View\\View))
#13 C:\\wamp64\\www\\klaes\\vendor\\laravel\\framework\\src\\Illuminate\\Routing\\Router.php(906): Illuminate\\Http\\Response->__construct(Object(Illuminate\\View\\View), 200, Array)
#14 C:\\wamp64\\www\\klaes\\vendor\\laravel\\framework\\src\\Illuminate\\Routing\\Router.php(875): Illuminate\\Routing\\Router::toResponse(Object(Illuminate\\Http\\Request), Object(Illuminate\\View\\View))
#15 C:\\wamp64\\www\\klaes\\vendor\\laravel\\framework\\src\\Illuminate\\Routing\\Router.php(797): Illuminate\\Routing\\Router->prepareResponse(Object(Illuminate\\Http\\Request), Object(Illuminate\\View\\View))
#16 C:\\wamp64\\www\\klaes\\vendor\\laravel\\framework\\src\\Illuminate\\Pipeline\\Pipeline.php(141): Illuminate\\Routing\\Router->Illuminate\\Routing\\{closure}(Object(Illuminate\\Http\\Request))
#17 C:\\wamp64\\www\\klaes\\app\\Http\\Middleware\\Verify2FA.php(26): Illuminate\\Pipeline\\Pipeline->Illuminate\\Pipeline\\{closure}(Object(Illuminate\\Http\\Request))
#18 C:\\wamp64\\www\\klaes\\vendor\\laravel\\framework\\src\\Illuminate\\Pipeline\\Pipeline.php(180): App\\Http\\Middleware\\Verify2FA->handle(Object(Illuminate\\Http\\Request), Object(Closure))
#19 C:\\wamp64\\www\\klaes\\vendor\\laravel\\framework\\src\\Illuminate\\Routing\\Middleware\\SubstituteBindings.php(50): Illuminate\\Pipeline\\Pipeline->Illuminate\\Pipeline\\{closure}(Object(Illuminate\\Http\\Request))
#20 C:\\wamp64\\www\\klaes\\vendor\\laravel\\framework\\src\\Illuminate\\Pipeline\\Pipeline.php(180): Illuminate\\Routing\\Middleware\\SubstituteBindings->handle(Object(Illuminate\\Http\\Request), Object(Closure))
#21 C:\\wamp64\\www\\klaes\\vendor\\laravel\\framework\\src\\Illuminate\\Auth\\Middleware\\Authenticate.php(44): Illuminate\\Pipeline\\Pipeline->Illuminate\\Pipeline\\{closure}(Object(Illuminate\\Http\\Request))
#22 C:\\wamp64\\www\\klaes\\vendor\\laravel\\framework\\src\\Illuminate\\Pipeline\\Pipeline.php(180): Illuminate\\Auth\\Middleware\\Authenticate->handle(Object(Illuminate\\Http\\Request), Object(Closure))
#23 C:\\wamp64\\www\\klaes\\vendor\\laravel\\framework\\src\\Illuminate\\Foundation\\Http\\Middleware\\VerifyCsrfToken.php(78): Illuminate\\Pipeline\\Pipeline->Illuminate\\Pipeline\\{closure}(Object(Illuminate\\Http\\Request))
#24 C:\\wamp64\\www\\klaes\\vendor\\laravel\\framework\\src\\Illuminate\\Pipeline\\Pipeline.php(180): Illuminate\\Foundation\\Http\\Middleware\\VerifyCsrfToken->handle(Object(Illuminate\\Http\\Request), Object(Closure))
#25 C:\\wamp64\\www\\klaes\\vendor\\laravel\\framework\\src\\Illuminate\\View\\Middleware\\ShareErrorsFromSession.php(49): Illuminate\\Pipeline\\Pipeline->Illuminate\\Pipeline\\{closure}(Object(Illuminate\\Http\\Request))
#26 C:\\wamp64\\www\\klaes\\vendor\\laravel\\framework\\src\\Illuminate\\Pipeline\\Pipeline.php(180): Illuminate\\View\\Middleware\\ShareErrorsFromSession->handle(Object(Illuminate\\Http\\Request), Object(Closure))
#27 C:\\wamp64\\www\\klaes\\vendor\\laravel\\framework\\src\\Illuminate\\Session\\Middleware\\StartSession.php(121): Illuminate\\Pipeline\\Pipeline->Illuminate\\Pipeline\\{closure}(Object(Illuminate\\Http\\Request))
#28 C:\\wamp64\\www\\klaes\\vendor\\laravel\\framework\\src\\Illuminate\\Session\\Middleware\\StartSession.php(64): Illuminate\\Session\\Middleware\\StartSession->handleStatefulRequest(Object(Illuminate\\Http\\Request), Object(Illuminate\\Session\\Store), Object(Closure))
#29 C:\\wamp64\\www\\klaes\\vendor\\laravel\\framework\\src\\Illuminate\\Pipeline\\Pipeline.php(180): Illuminate\\Session\\Middleware\\StartSession->handle(Object(Illuminate\\Http\\Request), Object(Closure))
#30 C:\\wamp64\\www\\klaes\\vendor\\laravel\\framework\\src\\Illuminate\\Cookie\\Middleware\\AddQueuedCookiesToResponse.php(37): Illuminate\\Pipeline\\Pipeline->Illuminate\\Pipeline\\{closure}(Object(Illuminate\\Http\\Request))
#31 C:\\wamp64\\www\\klaes\\vendor\\laravel\\framework\\src\\Illuminate\\Pipeline\\Pipeline.php(180): Illuminate\\Cookie\\Middleware\\AddQueuedCookiesToResponse->handle(Object(Illuminate\\Http\\Request), Object(Closure))
#32 C:\\wamp64\\www\\klaes\\vendor\\laravel\\framework\\src\\Illuminate\\Cookie\\Middleware\\EncryptCookies.php(67): Illuminate\\Pipeline\\Pipeline->Illuminate\\Pipeline\\{closure}(Object(Illuminate\\Http\\Request))
#33 C:\\wamp64\\www\\klaes\\vendor\\laravel\\framework\\src\\Illuminate\\Pipeline\\Pipeline.php(180): Illuminate\\Cookie\\Middleware\\EncryptCookies->handle(Object(Illuminate\\Http\\Request), Object(Closure))
#34 C:\\wamp64\\www\\klaes\\vendor\\laravel\\framework\\src\\Illuminate\\Pipeline\\Pipeline.php(116): Illuminate\\Pipeline\\Pipeline->Illuminate\\Pipeline\\{closure}(Object(Illuminate\\Http\\Request))
#35 C:\\wamp64\\www\\klaes\\vendor\\laravel\\framework\\src\\Illuminate\\Routing\\Router.php(797): Illuminate\\Pipeline\\Pipeline->then(Object(Closure))
#36 C:\\wamp64\\www\\klaes\\vendor\\laravel\\framework\\src\\Illuminate\\Routing\\Router.php(776): Illuminate\\Routing\\Router->runRouteWithinStack(Object(Illuminate\\Routing\\Route), Object(Illuminate\\Http\\Request))
#37 C:\\wamp64\\www\\klaes\\vendor\\laravel\\framework\\src\\Illuminate\\Routing\\Router.php(740): Illuminate\\Routing\\Router->runRoute(Object(Illuminate\\Http\\Request), Object(Illuminate\\Routing\\Route))
#38 C:\\wamp64\\www\\klaes\\vendor\\laravel\\framework\\src\\Illuminate\\Routing\\Router.php(729): Illuminate\\Routing\\Router->dispatchToRoute(Object(Illuminate\\Http\\Request))
#39 C:\\wamp64\\www\\klaes\\vendor\\laravel\\framework\\src\\Illuminate\\Foundation\\Http\\Kernel.php(190): Illuminate\\Routing\\Router->dispatch(Object(Illuminate\\Http\\Request))
#40 C:\\wamp64\\www\\klaes\\vendor\\laravel\\framework\\src\\Illuminate\\Pipeline\\Pipeline.php(141): Illuminate\\Foundation\\Http\\Kernel->Illuminate\\Foundation\\Http\\{closure}(Object(Illuminate\\Http\\Request))
#41 C:\\wamp64\\www\\klaes\\vendor\\livewire\\livewire\\src\\DisableBrowserCache.php(19): Illuminate\\Pipeline\\Pipeline->Illuminate\\Pipeline\\{closure}(Object(Illuminate\\Http\\Request))
#42 C:\\wamp64\\www\\klaes\\vendor\\laravel\\framework\\src\\Illuminate\\Pipeline\\Pipeline.php(180): Livewire\\DisableBrowserCache->handle(Object(Illuminate\\Http\\Request), Object(Closure))
#43 C:\\wamp64\\www\\klaes\\app\\Http\\Middleware\\Cors.php(23): Illuminate\\Pipeline\\Pipeline->Illuminate\\Pipeline\\{closure}(Object(Illuminate\\Http\\Request))
#44 C:\\wamp64\\www\\klaes\\vendor\\laravel\\framework\\src\\Illuminate\\Pipeline\\Pipeline.php(180): App\\Http\\Middleware\\Cors->handle(Object(Illuminate\\Http\\Request), Object(Closure))
#45 C:\\wamp64\\www\\klaes\\vendor\\laravel\\framework\\src\\Illuminate\\Foundation\\Http\\Middleware\\TransformsRequest.php(21): Illuminate\\Pipeline\\Pipeline->Illuminate\\Pipeline\\{closure}(Object(Illuminate\\Http\\Request))
#46 C:\\wamp64\\www\\klaes\\vendor\\laravel\\framework\\src\\Illuminate\\Foundation\\Http\\Middleware\\ConvertEmptyStringsToNull.php(31): Illuminate\\Foundation\\Http\\Middleware\\TransformsRequest->handle(Object(Illuminate\\Http\\Request), Object(Closure))
#47 C:\\wamp64\\www\\klaes\\vendor\\laravel\\framework\\src\\Illuminate\\Pipeline\\Pipeline.php(180): Illuminate\\Foundation\\Http\\Middleware\\ConvertEmptyStringsToNull->handle(Object(Illuminate\\Http\\Request), Object(Closure))
#48 C:\\wamp64\\www\\klaes\\vendor\\laravel\\framework\\src\\Illuminate\\Foundation\\Http\\Middleware\\TransformsRequest.php(21): Illuminate\\Pipeline\\Pipeline->Illuminate\\Pipeline\\{closure}(Object(Illuminate\\Http\\Request))
#49 C:\\wamp64\\www\\klaes\\vendor\\laravel\\framework\\src\\Illuminate\\Foundation\\Http\\Middleware\\TrimStrings.php(40): Illuminate\\Foundation\\Http\\Middleware\\TransformsRequest->handle(Object(Illuminate\\Http\\Request), Object(Closure))
#50 C:\\wamp64\\www\\klaes\\vendor\\laravel\\framework\\src\\Illuminate\\Pipeline\\Pipeline.php(180): Illuminate\\Foundation\\Http\\Middleware\\TrimStrings->handle(Object(Illuminate\\Http\\Request), Object(Closure))
#51 C:\\wamp64\\www\\klaes\\vendor\\laravel\\framework\\src\\Illuminate\\Foundation\\Http\\Middleware\\ValidatePostSize.php(27): Illuminate\\Pipeline\\Pipeline->Illuminate\\Pipeline\\{closure}(Object(Illuminate\\Http\\Request))
#52 C:\\wamp64\\www\\klaes\\vendor\\laravel\\framework\\src\\Illuminate\\Pipeline\\Pipeline.php(180): Illuminate\\Foundation\\Http\\Middleware\\ValidatePostSize->handle(Object(Illuminate\\Http\\Request), Object(Closure))
#53 C:\\wamp64\\www\\klaes\\vendor\\laravel\\framework\\src\\Illuminate\\Foundation\\Http\\Middleware\\PreventRequestsDuringMaintenance.php(86): Illuminate\\Pipeline\\Pipeline->Illuminate\\Pipeline\\{closure}(Object(Illuminate\\Http\\Request))
#54 C:\\wamp64\\www\\klaes\\vendor\\laravel\\framework\\src\\Illuminate\\Pipeline\\Pipeline.php(180): Illuminate\\Foundation\\Http\\Middleware\\PreventRequestsDuringMaintenance->handle(Object(Illuminate\\Http\\Request), Object(Closure))
#55 C:\\wamp64\\www\\klaes\\vendor\\laravel\\framework\\src\\Illuminate\\Http\\Middleware\\HandleCors.php(49): Illuminate\\Pipeline\\Pipeline->Illuminate\\Pipeline\\{closure}(Object(Illuminate\\Http\\Request))
#56 C:\\wamp64\\www\\klaes\\vendor\\laravel\\framework\\src\\Illuminate\\Pipeline\\Pipeline.php(180): Illuminate\\Http\\Middleware\\HandleCors->handle(Object(Illuminate\\Http\\Request), Object(Closure))
#57 C:\\wamp64\\www\\klaes\\vendor\\laravel\\framework\\src\\Illuminate\\Http\\Middleware\\TrustProxies.php(39): Illuminate\\Pipeline\\Pipeline->Illuminate\\Pipeline\\{closure}(Object(Illuminate\\Http\\Request))
#58 C:\\wamp64\\www\\klaes\\vendor\\laravel\\framework\\src\\Illuminate\\Pipeline\\Pipeline.php(180): Illuminate\\Http\\Middleware\\TrustProxies->handle(Object(Illuminate\\Http\\Request), Object(Closure))
#59 C:\\wamp64\\www\\klaes\\vendor\\laravel\\framework\\src\\Illuminate\\Pipeline\\Pipeline.php(116): Illuminate\\Pipeline\\Pipeline->Illuminate\\Pipeline\\{closure}(Object(Illuminate\\Http\\Request))
#60 C:\\wamp64\\www\\klaes\\vendor\\laravel\\framework\\src\\Illuminate\\Foundation\\Http\\Kernel.php(165): Illuminate\\Pipeline\\Pipeline->then(Object(Closure))
#61 C:\\wamp64\\www\\klaes\\vendor\\laravel\\framework\\src\\Illuminate\\Foundation\\Http\\Kernel.php(134): Illuminate\\Foundation\\Http\\Kernel->sendRequestThroughRouter(Object(Illuminate\\Http\\Request))
#62 C:\\wamp64\\www\\klaes\\public\\index.php(54): Illuminate\\Foundation\\Http\\Kernel->handle(Object(Illuminate\\Http\\Request))
#63 C:\\wamp64\\www\\klaes\\vendor\\laravel\\framework\\src\\Illuminate\\Foundation\\resources\\server.php(16): require_once('C:\\\\wamp64\\\\www\\\\k...')
#64 {main}

[previous exception] [object] (Symfony\\Component\\Routing\\Exception\\RouteNotFoundException(code: 0): Route [temporary-file.print-recommendation] not defined. at C:\\wamp64\\www\\klaes\\vendor\\laravel\\framework\\src\\Illuminate\\Routing\\UrlGenerator.php:467)
[stacktrace]
#0 C:\\wamp64\\www\\klaes\\vendor\\laravel\\framework\\src\\Illuminate\\Foundation\\helpers.php(826): Illuminate\\Routing\\UrlGenerator->route('temporary-file....', 2, true)
#1 C:\\wamp64\\www\\klaes\\storage\\framework\\views\\f93918a37c874f9ca355e70f1a3beb7fd9213ac5.php(102): route('temporary-file....', 2)
#2 C:\\wamp64\\www\\klaes\\vendor\\laravel\\framework\\src\\Illuminate\\Filesystem\\Filesystem.php(109): require('C:\\\\wamp64\\\\www\\\\k...')
#3 C:\\wamp64\\www\\klaes\\vendor\\laravel\\framework\\src\\Illuminate\\Filesystem\\Filesystem.php(110): Illuminate\\Filesystem\\Filesystem::Illuminate\\Filesystem\\{closure}()
#4 C:\\wamp64\\www\\klaes\\vendor\\laravel\\framework\\src\\Illuminate\\View\\Engines\\PhpEngine.php(58): Illuminate\\Filesystem\\Filesystem->getRequire('C:\\\\wamp64\\\\www\\\\k...', Array)
#5 C:\\wamp64\\www\\klaes\\vendor\\livewire\\livewire\\src\\ComponentConcerns\\RendersLivewireComponents.php(69): Illuminate\\View\\Engines\\PhpEngine->evaluatePath('C:\\\\wamp64\\\\www\\\\k...', Array)
#6 C:\\wamp64\\www\\klaes\\vendor\\laravel\\framework\\src\\Illuminate\\View\\Engines\\CompilerEngine.php(70): Livewire\\LivewireViewCompilerEngine->evaluatePath('C:\\\\wamp64\\\\www\\\\k...', Array)
#7 C:\\wamp64\\www\\klaes\\vendor\\livewire\\livewire\\src\\ComponentConcerns\\RendersLivewireComponents.php(35): Illuminate\\View\\Engines\\CompilerEngine->get('C:\\\\wamp64\\\\www\\\\k...', Array)
#8 C:\\wamp64\\www\\klaes\\vendor\\laravel\\framework\\src\\Illuminate\\View\\View.php(195): Livewire\\LivewireViewCompilerEngine->get('C:\\\\wamp64\\\\www\\\\k...', Array)
#9 C:\\wamp64\\www\\klaes\\vendor\\laravel\\framework\\src\\Illuminate\\View\\View.php(178): Illuminate\\View\\View->getContents()
#10 C:\\wamp64\\www\\klaes\\vendor\\laravel\\framework\\src\\Illuminate\\View\\View.php(147): Illuminate\\View\\View->renderContents()
#11 C:\\wamp64\\www\\klaes\\vendor\\laravel\\framework\\src\\Illuminate\\Http\\Response.php(69): Illuminate\\View\\View->render()
#12 C:\\wamp64\\www\\klaes\\vendor\\laravel\\framework\\src\\Illuminate\\Http\\Response.php(35): Illuminate\\Http\\Response->setContent(Object(Illuminate\\View\\View))
#13 C:\\wamp64\\www\\klaes\\vendor\\laravel\\framework\\src\\Illuminate\\Routing\\Router.php(906): Illuminate\\Http\\Response->__construct(Object(Illuminate\\View\\View), 200, Array)
#14 C:\\wamp64\\www\\klaes\\vendor\\laravel\\framework\\src\\Illuminate\\Routing\\Router.php(875): Illuminate\\Routing\\Router::toResponse(Object(Illuminate\\Http\\Request), Object(Illuminate\\View\\View))
#15 C:\\wamp64\\www\\klaes\\vendor\\laravel\\framework\\src\\Illuminate\\Routing\\Router.php(797): Illuminate\\Routing\\Router->prepareResponse(Object(Illuminate\\Http\\Request), Object(Illuminate\\View\\View))
#16 C:\\wamp64\\www\\klaes\\vendor\\laravel\\framework\\src\\Illuminate\\Pipeline\\Pipeline.php(141): Illuminate\\Routing\\Router->Illuminate\\Routing\\{closure}(Object(Illuminate\\Http\\Request))
#17 C:\\wamp64\\www\\klaes\\app\\Http\\Middleware\\Verify2FA.php(26): Illuminate\\Pipeline\\Pipeline->Illuminate\\Pipeline\\{closure}(Object(Illuminate\\Http\\Request))
#18 C:\\wamp64\\www\\klaes\\vendor\\laravel\\framework\\src\\Illuminate\\Pipeline\\Pipeline.php(180): App\\Http\\Middleware\\Verify2FA->handle(Object(Illuminate\\Http\\Request), Object(Closure))
#19 C:\\wamp64\\www\\klaes\\vendor\\laravel\\framework\\src\\Illuminate\\Routing\\Middleware\\SubstituteBindings.php(50): Illuminate\\Pipeline\\Pipeline->Illuminate\\Pipeline\\{closure}(Object(Illuminate\\Http\\Request))
#20 C:\\wamp64\\www\\klaes\\vendor\\laravel\\framework\\src\\Illuminate\\Pipeline\\Pipeline.php(180): Illuminate\\Routing\\Middleware\\SubstituteBindings->handle(Object(Illuminate\\Http\\Request), Object(Closure))
#21 C:\\wamp64\\www\\klaes\\vendor\\laravel\\framework\\src\\Illuminate\\Auth\\Middleware\\Authenticate.php(44): Illuminate\\Pipeline\\Pipeline->Illuminate\\Pipeline\\{closure}(Object(Illuminate\\Http\\Request))
#22 C:\\wamp64\\www\\klaes\\vendor\\laravel\\framework\\src\\Illuminate\\Pipeline\\Pipeline.php(180): Illuminate\\Auth\\Middleware\\Authenticate->handle(Object(Illuminate\\Http\\Request), Object(Closure))
#23 C:\\wamp64\\www\\klaes\\vendor\\laravel\\framework\\src\\Illuminate\\Foundation\\Http\\Middleware\\VerifyCsrfToken.php(78): Illuminate\\Pipeline\\Pipeline->Illuminate\\Pipeline\\{closure}(Object(Illuminate\\Http\\Request))
#24 C:\\wamp64\\www\\klaes\\vendor\\laravel\\framework\\src\\Illuminate\\Pipeline\\Pipeline.php(180): Illuminate\\Foundation\\Http\\Middleware\\VerifyCsrfToken->handle(Object(Illuminate\\Http\\Request), Object(Closure))
#25 C:\\wamp64\\www\\klaes\\vendor\\laravel\\framework\\src\\Illuminate\\View\\Middleware\\ShareErrorsFromSession.php(49): Illuminate\\Pipeline\\Pipeline->Illuminate\\Pipeline\\{closure}(Object(Illuminate\\Http\\Request))
#26 C:\\wamp64\\www\\klaes\\vendor\\laravel\\framework\\src\\Illuminate\\Pipeline\\Pipeline.php(180): Illuminate\\View\\Middleware\\ShareErrorsFromSession->handle(Object(Illuminate\\Http\\Request), Object(Closure))
#27 C:\\wamp64\\www\\klaes\\vendor\\laravel\\framework\\src\\Illuminate\\Session\\Middleware\\StartSession.php(121): Illuminate\\Pipeline\\Pipeline->Illuminate\\Pipeline\\{closure}(Object(Illuminate\\Http\\Request))
#28 C:\\wamp64\\www\\klaes\\vendor\\laravel\\framework\\src\\Illuminate\\Session\\Middleware\\StartSession.php(64): Illuminate\\Session\\Middleware\\StartSession->handleStatefulRequest(Object(Illuminate\\Http\\Request), Object(Illuminate\\Session\\Store), Object(Closure))
#29 C:\\wamp64\\www\\klaes\\vendor\\laravel\\framework\\src\\Illuminate\\Pipeline\\Pipeline.php(180): Illuminate\\Session\\Middleware\\StartSession->handle(Object(Illuminate\\Http\\Request), Object(Closure))
#30 C:\\wamp64\\www\\klaes\\vendor\\laravel\\framework\\src\\Illuminate\\Cookie\\Middleware\\AddQueuedCookiesToResponse.php(37): Illuminate\\Pipeline\\Pipeline->Illuminate\\Pipeline\\{closure}(Object(Illuminate\\Http\\Request))
#31 C:\\wamp64\\www\\klaes\\vendor\\laravel\\framework\\src\\Illuminate\\Pipeline\\Pipeline.php(180): Illuminate\\Cookie\\Middleware\\AddQueuedCookiesToResponse->handle(Object(Illuminate\\Http\\Request), Object(Closure))
#32 C:\\wamp64\\www\\klaes\\vendor\\laravel\\framework\\src\\Illuminate\\Cookie\\Middleware\\EncryptCookies.php(67): Illuminate\\Pipeline\\Pipeline->Illuminate\\Pipeline\\{closure}(Object(Illuminate\\Http\\Request))
#33 C:\\wamp64\\www\\klaes\\vendor\\laravel\\framework\\src\\Illuminate\\Pipeline\\Pipeline.php(180): Illuminate\\Cookie\\Middleware\\EncryptCookies->handle(Object(Illuminate\\Http\\Request), Object(Closure))
#34 C:\\wamp64\\www\\klaes\\vendor\\laravel\\framework\\src\\Illuminate\\Pipeline\\Pipeline.php(116): Illuminate\\Pipeline\\Pipeline->Illuminate\\Pipeline\\{closure}(Object(Illuminate\\Http\\Request))
#35 C:\\wamp64\\www\\klaes\\vendor\\laravel\\framework\\src\\Illuminate\\Routing\\Router.php(797): Illuminate\\Pipeline\\Pipeline->then(Object(Closure))
#36 C:\\wamp64\\www\\klaes\\vendor\\laravel\\framework\\src\\Illuminate\\Routing\\Router.php(776): Illuminate\\Routing\\Router->runRouteWithinStack(Object(Illuminate\\Routing\\Route), Object(Illuminate\\Http\\Request))
#37 C:\\wamp64\\www\\klaes\\vendor\\laravel\\framework\\src\\Illuminate\\Routing\\Router.php(740): Illuminate\\Routing\\Router->runRoute(Object(Illuminate\\Http\\Request), Object(Illuminate\\Routing\\Route))
#38 C:\\wamp64\\www\\klaes\\vendor\\laravel\\framework\\src\\Illuminate\\Routing\\Router.php(729): Illuminate\\Routing\\Router->dispatchToRoute(Object(Illuminate\\Http\\Request))
#39 C:\\wamp64\\www\\klaes\\vendor\\laravel\\framework\\src\\Illuminate\\Foundation\\Http\\Kernel.php(190): Illuminate\\Routing\\Router->dispatch(Object(Illuminate\\Http\\Request))
#40 C:\\wamp64\\www\\klaes\\vendor\\laravel\\framework\\src\\Illuminate\\Pipeline\\Pipeline.php(141): Illuminate\\Foundation\\Http\\Kernel->Illuminate\\Foundation\\Http\\{closure}(Object(Illuminate\\Http\\Request))
#41 C:\\wamp64\\www\\klaes\\vendor\\livewire\\livewire\\src\\DisableBrowserCache.php(19): Illuminate\\Pipeline\\Pipeline->Illuminate\\Pipeline\\{closure}(Object(Illuminate\\Http\\Request))
#42 C:\\wamp64\\www\\klaes\\vendor\\laravel\\framework\\src\\Illuminate\\Pipeline\\Pipeline.php(180): Livewire\\DisableBrowserCache->handle(Object(Illuminate\\Http\\Request), Object(Closure))
#43 C:\\wamp64\\www\\klaes\\app\\Http\\Middleware\\Cors.php(23): Illuminate\\Pipeline\\Pipeline->Illuminate\\Pipeline\\{closure}(Object(Illuminate\\Http\\Request))
#44 C:\\wamp64\\www\\klaes\\vendor\\laravel\\framework\\src\\Illuminate\\Pipeline\\Pipeline.php(180): App\\Http\\Middleware\\Cors->handle(Object(Illuminate\\Http\\Request), Object(Closure))
#45 C:\\wamp64\\www\\klaes\\vendor\\laravel\\framework\\src\\Illuminate\\Foundation\\Http\\Middleware\\TransformsRequest.php(21): Illuminate\\Pipeline\\Pipeline->Illuminate\\Pipeline\\{closure}(Object(Illuminate\\Http\\Request))
#46 C:\\wamp64\\www\\klaes\\vendor\\laravel\\framework\\src\\Illuminate\\Foundation\\Http\\Middleware\\ConvertEmptyStringsToNull.php(31): Illuminate\\Foundation\\Http\\Middleware\\TransformsRequest->handle(Object(Illuminate\\Http\\Request), Object(Closure))
#47 C:\\wamp64\\www\\klaes\\vendor\\laravel\\framework\\src\\Illuminate\\Pipeline\\Pipeline.php(180): Illuminate\\Foundation\\Http\\Middleware\\ConvertEmptyStringsToNull->handle(Object(Illuminate\\Http\\Request), Object(Closure))
#48 C:\\wamp64\\www\\klaes\\vendor\\laravel\\framework\\src\\Illuminate\\Foundation\\Http\\Middleware\\TransformsRequest.php(21): Illuminate\\Pipeline\\Pipeline->Illuminate\\Pipeline\\{closure}(Object(Illuminate\\Http\\Request))
#49 C:\\wamp64\\www\\klaes\\vendor\\laravel\\framework\\src\\Illuminate\\Foundation\\Http\\Middleware\\TrimStrings.php(40): Illuminate\\Foundation\\Http\\Middleware\\TransformsRequest->handle(Object(Illuminate\\Http\\Request), Object(Closure))
#50 C:\\wamp64\\www\\klaes\\vendor\\laravel\\framework\\src\\Illuminate\\Pipeline\\Pipeline.php(180): Illuminate\\Foundation\\Http\\Middleware\\TrimStrings->handle(Object(Illuminate\\Http\\Request), Object(Closure))
#51 C:\\wamp64\\www\\klaes\\vendor\\laravel\\framework\\src\\Illuminate\\Foundation\\Http\\Middleware\\ValidatePostSize.php(27): Illuminate\\Pipeline\\Pipeline->Illuminate\\Pipeline\\{closure}(Object(Illuminate\\Http\\Request))
#52 C:\\wamp64\\www\\klaes\\vendor\\laravel\\framework\\src\\Illuminate\\Pipeline\\Pipeline.php(180): Illuminate\\Foundation\\Http\\Middleware\\ValidatePostSize->handle(Object(Illuminate\\Http\\Request), Object(Closure))
#53 C:\\wamp64\\www\\klaes\\vendor\\laravel\\framework\\src\\Illuminate\\Foundation\\Http\\Middleware\\PreventRequestsDuringMaintenance.php(86): Illuminate\\Pipeline\\Pipeline->Illuminate\\Pipeline\\{closure}(Object(Illuminate\\Http\\Request))
#54 C:\\wamp64\\www\\klaes\\vendor\\laravel\\framework\\src\\Illuminate\\Pipeline\\Pipeline.php(180): Illuminate\\Foundation\\Http\\Middleware\\PreventRequestsDuringMaintenance->handle(Object(Illuminate\\Http\\Request), Object(Closure))
#55 C:\\wamp64\\www\\klaes\\vendor\\laravel\\framework\\src\\Illuminate\\Http\\Middleware\\HandleCors.php(49): Illuminate\\Pipeline\\Pipeline->Illuminate\\Pipeline\\{closure}(Object(Illuminate\\Http\\Request))
#56 C:\\wamp64\\www\\klaes\\vendor\\laravel\\framework\\src\\Illuminate\\Pipeline\\Pipeline.php(180): Illuminate\\Http\\Middleware\\HandleCors->handle(Object(Illuminate\\Http\\Request), Object(Closure))
#57 C:\\wamp64\\www\\klaes\\vendor\\laravel\\framework\\src\\Illuminate\\Http\\Middleware\\TrustProxies.php(39): Illuminate\\Pipeline\\Pipeline->Illuminate\\Pipeline\\{closure}(Object(Illuminate\\Http\\Request))
#58 C:\\wamp64\\www\\klaes\\vendor\\laravel\\framework\\src\\Illuminate\\Pipeline\\Pipeline.php(180): Illuminate\\Http\\Middleware\\TrustProxies->handle(Object(Illuminate\\Http\\Request), Object(Closure))
#59 C:\\wamp64\\www\\klaes\\vendor\\laravel\\framework\\src\\Illuminate\\Pipeline\\Pipeline.php(116): Illuminate\\Pipeline\\Pipeline->Illuminate\\Pipeline\\{closure}(Object(Illuminate\\Http\\Request))
#60 C:\\wamp64\\www\\klaes\\vendor\\laravel\\framework\\src\\Illuminate\\Foundation\\Http\\Kernel.php(165): Illuminate\\Pipeline\\Pipeline->then(Object(Closure))
#61 C:\\wamp64\\www\\klaes\\vendor\\laravel\\framework\\src\\Illuminate\\Foundation\\Http\\Kernel.php(134): Illuminate\\Foundation\\Http\\Kernel->sendRequestThroughRouter(Object(Illuminate\\Http\\Request))
#62 C:\\wamp64\\www\\klaes\\public\\index.php(54): Illuminate\\Foundation\\Http\\Kernel->handle(Object(Illuminate\\Http\\Request))
#63 C:\\wamp64\\www\\klaes\\vendor\\laravel\\framework\\src\\Illuminate\\Foundation\\resources\\server.php(16): require_once('C:\\\\wamp64\\\\www\\\\k...')
#64 {main}
"} 
[2026-05-19 16:12:52] local.ERROR: Route [temporary-file.print-recommendation] not defined. {"view":{"view":"C:\\wamp64\\www\\klaes\\resources\\views\\lands_one_stop_shop\\temporary_file.blade.php","data":{"errors":"<pre class=sf-dump id=sf-dump-10406040 data-indent-pad=\"  \"><span class=sf-dump-note>Illuminate\\Support\\ViewErrorBag</span> {<a class=sf-dump-ref>#4416</a><samp data-depth=1 class=sf-dump-expanded>
  #<span class=sf-dump-protected title=\"Protected property\">bags</span>: []
</samp>}
</pre><script>Sfdump(\"sf-dump-10406040\", {\"maxDepth\":3,\"maxStringLength\":160})</script>
","records":"<pre class=sf-dump id=sf-dump-318869997 data-indent-pad=\"  \"><span class=sf-dump-note>Illuminate\\Database\\Eloquent\\Collection</span> {<a class=sf-dump-ref>#4441</a><samp data-depth=1 class=sf-dump-expanded>
  #<span class=sf-dump-protected title=\"Protected property\">items</span>: <span class=sf-dump-note>array:1</span> [<samp data-depth=2 class=sf-dump-compact>
    <span class=sf-dump-index>0</span> => <span class=sf-dump-note title=\"App\\Models\\LandsOneStopShop\\LandTemporaryFileNumber
\"><span class=\"sf-dump-ellipsis sf-dump-ellipsis-note\">App\\Models\\LandsOneStopShop</span><span class=\"sf-dump-ellipsis sf-dump-ellipsis-note\">\\</span>LandTemporaryFileNumber</span> {<a class=sf-dump-ref>#4444</a><samp data-depth=3 class=sf-dump-compact>
      #<span class=sf-dump-protected title=\"Protected property\">connection</span>: \"<span class=sf-dump-str title=\"6 characters\">sqlsrv</span>\"
      #<span class=sf-dump-protected title=\"Protected property\">table</span>: \"<span class=sf-dump-str title=\"27 characters\">land_temporary_file_numbers</span>\"
      #<span class=sf-dump-protected title=\"Protected property\">primaryKey</span>: \"<span class=sf-dump-str title=\"2 characters\">id</span>\"
      #<span class=sf-dump-protected title=\"Protected property\">keyType</span>: \"<span class=sf-dump-str title=\"3 characters\">int</span>\"
      +<span class=sf-dump-public title=\"Public property\">incrementing</span>: <span class=sf-dump-const>true</span>
      #<span class=sf-dump-protected title=\"Protected property\">with</span>: []
      #<span class=sf-dump-protected title=\"Protected property\">withCount</span>: []
      +<span class=sf-dump-public title=\"Public property\">preventsLazyLoading</span>: <span class=sf-dump-const>false</span>
      #<span class=sf-dump-protected title=\"Protected property\">perPage</span>: <span class=sf-dump-num>15</span>
      +<span class=sf-dump-public title=\"Public property\">exists</span>: <span class=sf-dump-const>true</span>
      +<span class=sf-dump-public title=\"Public property\">wasRecentlyCreated</span>: <span class=sf-dump-const>false</span>
      #<span class=sf-dump-protected title=\"Protected property\">escapeWhenCastingToString</span>: <span class=sf-dump-const>false</span>
      #<span class=sf-dump-protected title=\"Protected property\">attributes</span>: <span class=sf-dump-note>array:15</span> [ &#8230;15]
      #<span class=sf-dump-protected title=\"Protected property\">original</span>: <span class=sf-dump-note>array:15</span> [ &#8230;15]
      #<span class=sf-dump-protected title=\"Protected property\">changes</span>: []
      #<span class=sf-dump-protected title=\"Protected property\">casts</span>: <span class=sf-dump-note>array:3</span> [ &#8230;3]
      #<span class=sf-dump-protected title=\"Protected property\">classCastCache</span>: []
      #<span class=sf-dump-protected title=\"Protected property\">attributeCastCache</span>: []
      #<span class=sf-dump-protected title=\"Protected property\">dates</span>: []
      #<span class=sf-dump-protected title=\"Protected property\">dateFormat</span>: <span class=sf-dump-const>null</span>
      #<span class=sf-dump-protected title=\"Protected property\">appends</span>: []
      #<span class=sf-dump-protected title=\"Protected property\">dispatchesEvents</span>: []
      #<span class=sf-dump-protected title=\"Protected property\">observables</span>: []
      #<span class=sf-dump-protected title=\"Protected property\">relations</span>: []
      #<span class=sf-dump-protected title=\"Protected property\">touches</span>: []
      +<span class=sf-dump-public title=\"Public property\">timestamps</span>: <span class=sf-dump-const>true</span>
      #<span class=sf-dump-protected title=\"Protected property\">hidden</span>: []
      #<span class=sf-dump-protected title=\"Protected property\">visible</span>: []
      #<span class=sf-dump-protected title=\"Protected property\">fillable</span>: <span class=sf-dump-note>array:12</span> [ &#8230;12]
      #<span class=sf-dump-protected title=\"Protected property\">guarded</span>: <span class=sf-dump-note>array:1</span> [ &#8230;1]
    </samp>}
  </samp>]
  #<span class=sf-dump-protected title=\"Protected property\">escapeWhenCastingToString</span>: <span class=sf-dump-const>false</span>
</samp>}
</pre><script>Sfdump(\"sf-dump-318869997\", {\"maxDepth\":3,\"maxStringLength\":160})</script>
","limit":"<pre class=sf-dump id=sf-dump-1513875760 data-indent-pad=\"  \"><span class=sf-dump-num>50</span>
</pre><script>Sfdump(\"sf-dump-1513875760\", {\"maxDepth\":3,\"maxStringLength\":160})</script>
","search":"<pre class=sf-dump id=sf-dump-1954939733 data-indent-pad=\"  \">\"\"
</pre><script>Sfdump(\"sf-dump-1954939733\", {\"maxDepth\":3,\"maxStringLength\":160})</script>
","lgas":"<pre class=sf-dump id=sf-dump-759656687 data-indent-pad=\"  \"><span class=sf-dump-note>Illuminate\\Support\\Collection</span> {<a class=sf-dump-ref>#4432</a><samp data-depth=1 class=sf-dump-expanded>
  #<span class=sf-dump-protected title=\"Protected property\">items</span>: <span class=sf-dump-note>array:45</span> [<samp data-depth=2 class=sf-dump-compact>
    <span class=sf-dump-index>0</span> => {<a class=sf-dump-ref>#4436</a><samp data-depth=3 class=sf-dump-compact>
      +\"<span class=sf-dump-public title=\"Runtime added dynamic property\">id</span>\": \"<span class=sf-dump-str>1</span>\"
      +\"<span class=sf-dump-public title=\"Runtime added dynamic property\">name</span>\": \"<span class=sf-dump-str title=\"6 characters\">Ajingi</span>\"
      +\"<span class=sf-dump-public title=\"Runtime added dynamic property\">code</span>\": \"<span class=sf-dump-str title=\"6 characters\">AJINGI</span>\"
      +\"<span class=sf-dump-public title=\"Runtime added dynamic property\">slug</span>\": \"<span class=sf-dump-str title=\"6 characters\">ajingi</span>\"
      +\"<span class=sf-dump-public title=\"Runtime added dynamic property\">is_active</span>\": \"<span class=sf-dump-str>1</span>\"
      +\"<span class=sf-dump-public title=\"Runtime added dynamic property\">created_at</span>\": \"<span class=sf-dump-str title=\"23 characters\">2025-10-24 01:41:04.013</span>\"
      +\"<span class=sf-dump-public title=\"Runtime added dynamic property\">updated_at</span>\": \"<span class=sf-dump-str title=\"23 characters\">2025-10-30 00:52:32.323</span>\"
    </samp>}
    <span class=sf-dump-index>1</span> => {<a class=sf-dump-ref>#4434</a><samp data-depth=3 class=sf-dump-compact>
      +\"<span class=sf-dump-public title=\"Runtime added dynamic property\">id</span>\": \"<span class=sf-dump-str>2</span>\"
      +\"<span class=sf-dump-public title=\"Runtime added dynamic property\">name</span>\": \"<span class=sf-dump-str title=\"6 characters\">Albasu</span>\"
      +\"<span class=sf-dump-public title=\"Runtime added dynamic property\">code</span>\": \"<span class=sf-dump-str title=\"6 characters\">ALBASU</span>\"
      +\"<span class=sf-dump-public title=\"Runtime added dynamic property\">slug</span>\": \"<span class=sf-dump-str title=\"6 characters\">albasu</span>\"
      +\"<span class=sf-dump-public title=\"Runtime added dynamic property\">is_active</span>\": \"<span class=sf-dump-str>1</span>\"
      +\"<span class=sf-dump-public title=\"Runtime added dynamic property\">created_at</span>\": \"<span class=sf-dump-str title=\"23 characters\">2025-10-24 01:41:04.013</span>\"
      +\"<span class=sf-dump-public title=\"Runtime added dynamic property\">updated_at</span>\": \"<span class=sf-dump-str title=\"23 characters\">2025-10-30 00:52:32.323</span>\"
    </samp>}
    <span class=sf-dump-index>2</span> => {<a class=sf-dump-ref>#4435</a><samp data-depth=3 class=sf-dump-compact>
      +\"<span class=sf-dump-public title=\"Runtime added dynamic property\">id</span>\": \"<span class=sf-dump-str>3</span>\"
      +\"<span class=sf-dump-public title=\"Runtime added dynamic property\">name</span>\": \"<span class=sf-dump-str title=\"6 characters\">Bagwai</span>\"
      +\"<span class=sf-dump-public title=\"Runtime added dynamic property\">code</span>\": \"<span class=sf-dump-str title=\"6 characters\">BAGWAI</span>\"
      +\"<span class=sf-dump-public title=\"Runtime added dynamic property\">slug</span>\": \"<span class=sf-dump-str title=\"6 characters\">bagwai</span>\"
      +\"<span class=sf-dump-public title=\"Runtime added dynamic property\">is_active</span>\": \"<span class=sf-dump-str>1</span>\"
      +\"<span class=sf-dump-public title=\"Runtime added dynamic property\">created_at</span>\": \"<span class=sf-dump-str title=\"23 characters\">2025-10-24 01:41:04.013</span>\"
      +\"<span class=sf-dump-public title=\"Runtime added dynamic property\">updated_at</span>\": \"<span class=sf-dump-str title=\"23 characters\">2025-10-30 00:52:32.323</span>\"
    </samp>}
    <span class=sf-dump-index>3</span> => {<a class=sf-dump-ref>#4442</a><samp data-depth=3 class=sf-dump-compact>
      +\"<span class=sf-dump-public title=\"Runtime added dynamic property\">id</span>\": \"<span class=sf-dump-str>4</span>\"
      +\"<span class=sf-dump-public title=\"Runtime added dynamic property\">name</span>\": \"<span class=sf-dump-str title=\"6 characters\">Bebeji</span>\"
      +\"<span class=sf-dump-public title=\"Runtime added dynamic property\">code</span>\": \"<span class=sf-dump-str title=\"6 characters\">BEBEJI</span>\"
      +\"<span class=sf-dump-public title=\"Runtime added dynamic property\">slug</span>\": \"<span class=sf-dump-str title=\"6 characters\">bebeji</span>\"
      +\"<span class=sf-dump-public title=\"Runtime added dynamic property\">is_active</span>\": \"<span class=sf-dump-str>1</span>\"
      +\"<span class=sf-dump-public title=\"Runtime added dynamic property\">created_at</span>\": \"<span class=sf-dump-str title=\"23 characters\">2025-10-24 01:41:04.013</span>\"
      +\"<span class=sf-dump-public title=\"Runtime added dynamic property\">updated_at</span>\": \"<span class=sf-dump-str title=\"23 characters\">2025-10-30 00:52:32.323</span>\"
    </samp>}
    <span class=sf-dump-index>4</span> => {<a class=sf-dump-ref>#4446</a><samp data-depth=3 class=sf-dump-compact>
      +\"<span class=sf-dump-public title=\"Runtime added dynamic property\">id</span>\": \"<span class=sf-dump-str>5</span>\"
      +\"<span class=sf-dump-public title=\"Runtime added dynamic property\">name</span>\": \"<span class=sf-dump-str title=\"5 characters\">Bichi</span>\"
      +\"<span class=sf-dump-public title=\"Runtime added dynamic property\">code</span>\": \"<span class=sf-dump-str title=\"5 characters\">BICHI</span>\"
      +\"<span class=sf-dump-public title=\"Runtime added dynamic property\">slug</span>\": \"<span class=sf-dump-str title=\"5 characters\">bichi</span>\"
      +\"<span class=sf-dump-public title=\"Runtime added dynamic property\">is_active</span>\": \"<span class=sf-dump-str>1</span>\"
      +\"<span class=sf-dump-public title=\"Runtime added dynamic property\">created_at</span>\": \"<span class=sf-dump-str title=\"23 characters\">2025-10-24 01:41:04.013</span>\"
      +\"<span class=sf-dump-public title=\"Runtime added dynamic property\">updated_at</span>\": \"<span class=sf-dump-str title=\"23 characters\">2025-10-30 00:52:32.323</span>\"
    </samp>}
    <span class=sf-dump-index>5</span> => {<a class=sf-dump-ref>#4447</a><samp data-depth=3 class=sf-dump-compact>
      +\"<span class=sf-dump-public title=\"Runtime added dynamic property\">id</span>\": \"<span class=sf-dump-str>6</span>\"
      +\"<span class=sf-dump-public title=\"Runtime added dynamic property\">name</span>\": \"<span class=sf-dump-str title=\"7 characters\">Bunkure</span>\"
      +\"<span class=sf-dump-public title=\"Runtime added dynamic property\">code</span>\": \"<span class=sf-dump-str title=\"7 characters\">BUNKURE</span>\"
      +\"<span class=sf-dump-public title=\"Runtime added dynamic property\">slug</span>\": \"<span class=sf-dump-str title=\"7 characters\">bunkure</span>\"
      +\"<span class=sf-dump-public title=\"Runtime added dynamic property\">is_active</span>\": \"<span class=sf-dump-str>1</span>\"
      +\"<span class=sf-dump-public title=\"Runtime added dynamic property\">created_at</span>\": \"<span class=sf-dump-str title=\"23 characters\">2025-10-24 01:41:04.013</span>\"
      +\"<span class=sf-dump-public title=\"Runtime added dynamic property\">updated_at</span>\": \"<span class=sf-dump-str title=\"23 characters\">2025-10-30 00:52:32.323</span>\"
    </samp>}
    <span class=sf-dump-index>6</span> => {<a class=sf-dump-ref>#4448</a><samp data-depth=3 class=sf-dump-compact>
      +\"<span class=sf-dump-public title=\"Runtime added dynamic property\">id</span>\": \"<span class=sf-dump-str>7</span>\"
      +\"<span class=sf-dump-public title=\"Runtime added dynamic property\">name</span>\": \"<span class=sf-dump-str title=\"4 characters\">Dala</span>\"
      +\"<span class=sf-dump-public title=\"Runtime added dynamic property\">code</span>\": \"<span class=sf-dump-str title=\"4 characters\">DALA</span>\"
      +\"<span class=sf-dump-public title=\"Runtime added dynamic property\">slug</span>\": \"<span class=sf-dump-str title=\"4 characters\">dala</span>\"
      +\"<span class=sf-dump-public title=\"Runtime added dynamic property\">is_active</span>\": \"<span class=sf-dump-str>1</span>\"
      +\"<span class=sf-dump-public title=\"Runtime added dynamic property\">created_at</span>\": \"<span class=sf-dump-str title=\"23 characters\">2025-10-24 01:41:04.013</span>\"
      +\"<span class=sf-dump-public title=\"Runtime added dynamic property\">updated_at</span>\": \"<span class=sf-dump-str title=\"23 characters\">2025-10-30 00:52:32.323</span>\"
    </samp>}
    <span class=sf-dump-index>7</span> => {<a class=sf-dump-ref>#4449</a><samp data-depth=3 class=sf-dump-compact>
      +\"<span class=sf-dump-public title=\"Runtime added dynamic property\">id</span>\": \"<span class=sf-dump-str>8</span>\"
      +\"<span class=sf-dump-public title=\"Runtime added dynamic property\">name</span>\": \"<span class=sf-dump-str title=\"8 characters\">Dambatta</span>\"
      +\"<span class=sf-dump-public title=\"Runtime added dynamic property\">code</span>\": \"<span class=sf-dump-str title=\"8 characters\">DAMBATTA</span>\"
      +\"<span class=sf-dump-public title=\"Runtime added dynamic property\">slug</span>\": \"<span class=sf-dump-str title=\"8 characters\">dambatta</span>\"
      +\"<span class=sf-dump-public title=\"Runtime added dynamic property\">is_active</span>\": \"<span class=sf-dump-str>1</span>\"
      +\"<span class=sf-dump-public title=\"Runtime added dynamic property\">created_at</span>\": \"<span class=sf-dump-str title=\"23 characters\">2025-10-24 01:41:04.013</span>\"
      +\"<span class=sf-dump-public title=\"Runtime added dynamic property\">updated_at</span>\": \"<span class=sf-dump-str title=\"23 characters\">2025-10-30 00:52:32.323</span>\"
    </samp>}
    <span class=sf-dump-index>8</span> => {<a class=sf-dump-ref>#4450</a><samp data-depth=3 class=sf-dump-compact>
      +\"<span class=sf-dump-public title=\"Runtime added dynamic property\">id</span>\": \"<span class=sf-dump-str>9</span>\"
      +\"<span class=sf-dump-public title=\"Runtime added dynamic property\">name</span>\": \"<span class=sf-dump-str title=\"12 characters\">Dawakin Kudu</span>\"
      +\"<span class=sf-dump-public title=\"Runtime added dynamic property\">code</span>\": \"<span class=sf-dump-str title=\"12 characters\">DAWAKIN_KUDU</span>\"
      +\"<span class=sf-dump-public title=\"Runtime added dynamic property\">slug</span>\": \"<span class=sf-dump-str title=\"12 characters\">dawakin-kudu</span>\"
      +\"<span class=sf-dump-public title=\"Runtime added dynamic property\">is_active</span>\": \"<span class=sf-dump-str>1</span>\"
      +\"<span class=sf-dump-public title=\"Runtime added dynamic property\">created_at</span>\": \"<span class=sf-dump-str title=\"23 characters\">2025-10-24 01:41:04.013</span>\"
      +\"<span class=sf-dump-public title=\"Runtime added dynamic property\">updated_at</span>\": \"<span class=sf-dump-str title=\"23 characters\">2025-10-30 00:52:32.323</span>\"
    </samp>}
    <span class=sf-dump-index>9</span> => {<a class=sf-dump-ref>#4451</a><samp data-depth=3 class=sf-dump-compact>
      +\"<span class=sf-dump-public title=\"Runtime added dynamic property\">id</span>\": \"<span class=sf-dump-str title=\"2 characters\">10</span>\"
      +\"<span class=sf-dump-public title=\"Runtime added dynamic property\">name</span>\": \"<span class=sf-dump-str title=\"12 characters\">Dawakin Tofa</span>\"
      +\"<span class=sf-dump-public title=\"Runtime added dynamic property\">code</span>\": \"<span class=sf-dump-str title=\"12 characters\">DAWAKIN_TOFA</span>\"
      +\"<span class=sf-dump-public title=\"Runtime added dynamic property\">slug</span>\": \"<span class=sf-dump-str title=\"12 characters\">dawakin-tofa</span>\"
      +\"<span class=sf-dump-public title=\"Runtime added dynamic property\">is_active</span>\": \"<span class=sf-dump-str>1</span>\"
      +\"<span class=sf-dump-public title=\"Runtime added dynamic property\">created_at</span>\": \"<span class=sf-dump-str title=\"23 characters\">2025-10-24 01:41:04.013</span>\"
      +\"<span class=sf-dump-public title=\"Runtime added dynamic property\">updated_at</span>\": \"<span class=sf-dump-str title=\"23 characters\">2025-10-30 00:52:32.323</span>\"
    </samp>}
    <span class=sf-dump-index>10</span> => {<a class=sf-dump-ref>#4452</a><samp data-depth=3 class=sf-dump-compact>
      +\"<span class=sf-dump-public title=\"Runtime added dynamic property\">id</span>\": \"<span class=sf-dump-str title=\"2 characters\">11</span>\"
      +\"<span class=sf-dump-public title=\"Runtime added dynamic property\">name</span>\": \"<span class=sf-dump-str title=\"6 characters\">Doguwa</span>\"
      +\"<span class=sf-dump-public title=\"Runtime added dynamic property\">code</span>\": \"<span class=sf-dump-str title=\"6 characters\">DOGUWA</span>\"
      +\"<span class=sf-dump-public title=\"Runtime added dynamic property\">slug</span>\": \"<span class=sf-dump-str title=\"6 characters\">doguwa</span>\"
      +\"<span class=sf-dump-public title=\"Runtime added dynamic property\">is_active</span>\": \"<span class=sf-dump-str>1</span>\"
      +\"<span class=sf-dump-public title=\"Runtime added dynamic property\">created_at</span>\": \"<span class=sf-dump-str title=\"23 characters\">2025-10-24 01:41:04.013</span>\"
      +\"<span class=sf-dump-public title=\"Runtime added dynamic property\">updated_at</span>\": \"<span class=sf-dump-str title=\"23 characters\">2025-10-30 00:52:32.323</span>\"
    </samp>}
    <span class=sf-dump-index>11</span> => {<a class=sf-dump-ref>#4453</a><samp data-depth=3 class=sf-dump-compact>
      +\"<span class=sf-dump-public title=\"Runtime added dynamic property\">id</span>\": \"<span class=sf-dump-str title=\"2 characters\">12</span>\"
      +\"<span class=sf-dump-public title=\"Runtime added dynamic property\">name</span>\": \"<span class=sf-dump-str title=\"5 characters\">Fagge</span>\"
      +\"<span class=sf-dump-public title=\"Runtime added dynamic property\">code</span>\": \"<span class=sf-dump-str title=\"5 characters\">FAGGE</span>\"
      +\"<span class=sf-dump-public title=\"Runtime added dynamic property\">slug</span>\": \"<span class=sf-dump-str title=\"5 characters\">fagge</span>\"
      +\"<span class=sf-dump-public title=\"Runtime added dynamic property\">is_active</span>\": \"<span class=sf-dump-str>1</span>\"
      +\"<span class=sf-dump-public title=\"Runtime added dynamic property\">created_at</span>\": \"<span class=sf-dump-str title=\"23 characters\">2025-10-24 01:41:04.013</span>\"
      +\"<span class=sf-dump-public title=\"Runtime added dynamic property\">updated_at</span>\": \"<span class=sf-dump-str title=\"23 characters\">2025-10-30 00:52:32.323</span>\"
    </samp>}
    <span class=sf-dump-index>12</span> => {<a class=sf-dump-ref>#4454</a><samp data-depth=3 class=sf-dump-compact>
      +\"<span class=sf-dump-public title=\"Runtime added dynamic property\">id</span>\": \"<span class=sf-dump-str title=\"2 characters\">13</span>\"
      +\"<span class=sf-dump-public title=\"Runtime added dynamic property\">name</span>\": \"<span class=sf-dump-str title=\"8 characters\">Gabasawa</span>\"
      +\"<span class=sf-dump-public title=\"Runtime added dynamic property\">code</span>\": \"<span class=sf-dump-str title=\"8 characters\">GABASAWA</span>\"
      +\"<span class=sf-dump-public title=\"Runtime added dynamic property\">slug</span>\": \"<span class=sf-dump-str title=\"8 characters\">gabasawa</span>\"
      +\"<span class=sf-dump-public title=\"Runtime added dynamic property\">is_active</span>\": \"<span class=sf-dump-str>1</span>\"
      +\"<span class=sf-dump-public title=\"Runtime added dynamic property\">created_at</span>\": \"<span class=sf-dump-str title=\"23 characters\">2025-10-24 01:41:04.013</span>\"
      +\"<span class=sf-dump-public title=\"Runtime added dynamic property\">updated_at</span>\": \"<span class=sf-dump-str title=\"23 characters\">2025-10-30 00:52:32.323</span>\"
    </samp>}
    <span class=sf-dump-index>13</span> => {<a class=sf-dump-ref>#4455</a><samp data-depth=3 class=sf-dump-compact>
      +\"<span class=sf-dump-public title=\"Runtime added dynamic property\">id</span>\": \"<span class=sf-dump-str title=\"2 characters\">14</span>\"
      +\"<span class=sf-dump-public title=\"Runtime added dynamic property\">name</span>\": \"<span class=sf-dump-str title=\"5 characters\">Garko</span>\"
      +\"<span class=sf-dump-public title=\"Runtime added dynamic property\">code</span>\": \"<span class=sf-dump-str title=\"5 characters\">GARKO</span>\"
      +\"<span class=sf-dump-public title=\"Runtime added dynamic property\">slug</span>\": \"<span class=sf-dump-str title=\"5 characters\">garko</span>\"
      +\"<span class=sf-dump-public title=\"Runtime added dynamic property\">is_active</span>\": \"<span class=sf-dump-str>1</span>\"
      +\"<span class=sf-dump-public title=\"Runtime added dynamic property\">created_at</span>\": \"<span class=sf-dump-str title=\"23 characters\">2025-10-24 01:41:04.013</span>\"
      +\"<span class=sf-dump-public title=\"Runtime added dynamic property\">updated_at</span>\": \"<span class=sf-dump-str title=\"23 characters\">2025-10-30 00:52:32.323</span>\"
    </samp>}
    <span class=sf-dump-index>14</span> => {<a class=sf-dump-ref>#4456</a><samp data-depth=3 class=sf-dump-compact>
      +\"<span class=sf-dump-public title=\"Runtime added dynamic property\">id</span>\": \"<span class=sf-dump-str title=\"2 characters\">15</span>\"
      +\"<span class=sf-dump-public title=\"Runtime added dynamic property\">name</span>\": \"<span class=sf-dump-str title=\"12 characters\">Garun Mallam</span>\"
      +\"<span class=sf-dump-public title=\"Runtime added dynamic property\">code</span>\": \"<span class=sf-dump-str title=\"12 characters\">GARUN_MALLAM</span>\"
      +\"<span class=sf-dump-public title=\"Runtime added dynamic property\">slug</span>\": \"<span class=sf-dump-str title=\"12 characters\">garun-mallam</span>\"
      +\"<span class=sf-dump-public title=\"Runtime added dynamic property\">is_active</span>\": \"<span class=sf-dump-str>1</span>\"
      +\"<span class=sf-dump-public title=\"Runtime added dynamic property\">created_at</span>\": \"<span class=sf-dump-str title=\"23 characters\">2025-10-24 01:41:04.013</span>\"
      +\"<span class=sf-dump-public title=\"Runtime added dynamic property\">updated_at</span>\": \"<span class=sf-dump-str title=\"23 characters\">2025-10-30 00:52:32.323</span>\"
    </samp>}
    <span class=sf-dump-index>15</span> => {<a class=sf-dump-ref>#4457</a><samp data-depth=3 class=sf-dump-compact>
      +\"<span class=sf-dump-public title=\"Runtime added dynamic property\">id</span>\": \"<span class=sf-dump-str title=\"2 characters\">16</span>\"
      +\"<span class=sf-dump-public title=\"Runtime added dynamic property\">name</span>\": \"<span class=sf-dump-str title=\"4 characters\">Gaya</span>\"
      +\"<span class=sf-dump-public title=\"Runtime added dynamic property\">code</span>\": \"<span class=sf-dump-str title=\"4 characters\">GAYA</span>\"
      +\"<span class=sf-dump-public title=\"Runtime added dynamic property\">slug</span>\": \"<span class=sf-dump-str title=\"4 characters\">gaya</span>\"
      +\"<span class=sf-dump-public title=\"Runtime added dynamic property\">is_active</span>\": \"<span class=sf-dump-str>1</span>\"
      +\"<span class=sf-dump-public title=\"Runtime added dynamic property\">created_at</span>\": \"<span class=sf-dump-str title=\"23 characters\">2025-10-24 01:41:04.013</span>\"
      +\"<span class=sf-dump-public title=\"Runtime added dynamic property\">updated_at</span>\": \"<span class=sf-dump-str title=\"23 characters\">2025-10-30 00:52:32.323</span>\"
    </samp>}
    <span class=sf-dump-index>16</span> => {<a class=sf-dump-ref>#4458</a><samp data-depth=3 class=sf-dump-compact>
      +\"<span class=sf-dump-public title=\"Runtime added dynamic property\">id</span>\": \"<span class=sf-dump-str title=\"2 characters\">17</span>\"
      +\"<span class=sf-dump-public title=\"Runtime added dynamic property\">name</span>\": \"<span class=sf-dump-str title=\"6 characters\">Gezawa</span>\"
      +\"<span class=sf-dump-public title=\"Runtime added dynamic property\">code</span>\": \"<span class=sf-dump-str title=\"6 characters\">GEZAWA</span>\"
      +\"<span class=sf-dump-public title=\"Runtime added dynamic property\">slug</span>\": \"<span class=sf-dump-str title=\"6 characters\">gezawa</span>\"
      +\"<span class=sf-dump-public title=\"Runtime added dynamic property\">is_active</span>\": \"<span class=sf-dump-str>1</span>\"
      +\"<span class=sf-dump-public title=\"Runtime added dynamic property\">created_at</span>\": \"<span class=sf-dump-str title=\"23 characters\">2025-10-24 01:41:04.013</span>\"
      +\"<span class=sf-dump-public title=\"Runtime added dynamic property\">updated_at</span>\": \"<span class=sf-dump-str title=\"23 characters\">2025-10-30 00:52:32.323</span>\"
    </samp>}
    <span class=sf-dump-index>17</span> => {<a class=sf-dump-ref>#4459</a><samp data-depth=3 class=sf-dump-compact>
      +\"<span class=sf-dump-public title=\"Runtime added dynamic property\">id</span>\": \"<span class=sf-dump-str title=\"2 characters\">26</span>\"
      +\"<span class=sf-dump-public title=\"Runtime added dynamic property\">name</span>\": \"<span class=sf-dump-str title=\"5 characters\">Ghari</span>\"
      +\"<span class=sf-dump-public title=\"Runtime added dynamic property\">code</span>\": \"<span class=sf-dump-str title=\"5 characters\">GHARI</span>\"
      +\"<span class=sf-dump-public title=\"Runtime added dynamic property\">slug</span>\": \"<span class=sf-dump-str title=\"5 characters\">Ghari</span>\"
      +\"<span class=sf-dump-public title=\"Runtime added dynamic property\">is_active</span>\": \"<span class=sf-dump-str>1</span>\"
      +\"<span class=sf-dump-public title=\"Runtime added dynamic property\">created_at</span>\": \"<span class=sf-dump-str title=\"23 characters\">2025-10-24 01:41:04.013</span>\"
      +\"<span class=sf-dump-public title=\"Runtime added dynamic property\">updated_at</span>\": \"<span class=sf-dump-str title=\"23 characters\">2025-10-30 00:52:32.323</span>\"
    </samp>}
    <span class=sf-dump-index>18</span> => {<a class=sf-dump-ref>#4460</a><samp data-depth=3 class=sf-dump-compact>
      +\"<span class=sf-dump-public title=\"Runtime added dynamic property\">id</span>\": \"<span class=sf-dump-str title=\"2 characters\">18</span>\"
      +\"<span class=sf-dump-public title=\"Runtime added dynamic property\">name</span>\": \"<span class=sf-dump-str title=\"5 characters\">Gwale</span>\"
      +\"<span class=sf-dump-public title=\"Runtime added dynamic property\">code</span>\": \"<span class=sf-dump-str title=\"5 characters\">GWALE</span>\"
      +\"<span class=sf-dump-public title=\"Runtime added dynamic property\">slug</span>\": \"<span class=sf-dump-str title=\"5 characters\">gwale</span>\"
      +\"<span class=sf-dump-public title=\"Runtime added dynamic property\">is_active</span>\": \"<span class=sf-dump-str>1</span>\"
      +\"<span class=sf-dump-public title=\"Runtime added dynamic property\">created_at</span>\": \"<span class=sf-dump-str title=\"23 characters\">2025-10-24 01:41:04.013</span>\"
      +\"<span class=sf-dump-public title=\"Runtime added dynamic property\">updated_at</span>\": \"<span class=sf-dump-str title=\"23 characters\">2025-10-30 00:52:32.323</span>\"
    </samp>}
    <span class=sf-dump-index>19</span> => {<a class=sf-dump-ref>#4461</a><samp data-depth=3 class=sf-dump-compact>
      +\"<span class=sf-dump-public title=\"Runtime added dynamic property\">id</span>\": \"<span class=sf-dump-str title=\"2 characters\">19</span>\"
      +\"<span class=sf-dump-public title=\"Runtime added dynamic property\">name</span>\": \"<span class=sf-dump-str title=\"6 characters\">Gwarzo</span>\"
      +\"<span class=sf-dump-public title=\"Runtime added dynamic property\">code</span>\": \"<span class=sf-dump-str title=\"6 characters\">GWARZO</span>\"
      +\"<span class=sf-dump-public title=\"Runtime added dynamic property\">slug</span>\": \"<span class=sf-dump-str title=\"6 characters\">gwarzo</span>\"
      +\"<span class=sf-dump-public title=\"Runtime added dynamic property\">is_active</span>\": \"<span class=sf-dump-str>1</span>\"
      +\"<span class=sf-dump-public title=\"Runtime added dynamic property\">created_at</span>\": \"<span class=sf-dump-str title=\"23 characters\">2025-10-24 01:41:04.013</span>\"
      +\"<span class=sf-dump-public title=\"Runtime added dynamic property\">updated_at</span>\": \"<span class=sf-dump-str title=\"23 characters\">2025-10-30 00:52:32.323</span>\"
    </samp>}
    <span class=sf-dump-index>20</span> => {<a class=sf-dump-ref>#4462</a><samp data-depth=3 class=sf-dump-compact>
      +\"<span class=sf-dump-public title=\"Runtime added dynamic property\">id</span>\": \"<span class=sf-dump-str title=\"2 characters\">20</span>\"
      +\"<span class=sf-dump-public title=\"Runtime added dynamic property\">name</span>\": \"<span class=sf-dump-str title=\"4 characters\">Kabo</span>\"
      +\"<span class=sf-dump-public title=\"Runtime added dynamic property\">code</span>\": \"<span class=sf-dump-str title=\"4 characters\">KABO</span>\"
      +\"<span class=sf-dump-public title=\"Runtime added dynamic property\">slug</span>\": \"<span class=sf-dump-str title=\"4 characters\">kabo</span>\"
      +\"<span class=sf-dump-public title=\"Runtime added dynamic property\">is_active</span>\": \"<span class=sf-dump-str>1</span>\"
      +\"<span class=sf-dump-public title=\"Runtime added dynamic property\">created_at</span>\": \"<span class=sf-dump-str title=\"23 characters\">2025-10-24 01:41:04.013</span>\"
      +\"<span class=sf-dump-public title=\"Runtime added dynamic property\">updated_at</span>\": \"<span class=sf-dump-str title=\"23 characters\">2025-10-30 00:52:32.323</span>\"
    </samp>}
    <span class=sf-dump-index>21</span> => {<a class=sf-dump-ref>#4463</a><samp data-depth=3 class=sf-dump-compact>
      +\"<span class=sf-dump-public title=\"Runtime added dynamic property\">id</span>\": \"<span class=sf-dump-str title=\"2 characters\">21</span>\"
      +\"<span class=sf-dump-public title=\"Runtime added dynamic property\">name</span>\": \"<span class=sf-dump-str title=\"14 characters\">Kano Municipal</span>\"
      +\"<span class=sf-dump-public title=\"Runtime added dynamic property\">code</span>\": \"<span class=sf-dump-str title=\"14 characters\">KANO_MUNICIPAL</span>\"
      +\"<span class=sf-dump-public title=\"Runtime added dynamic property\">slug</span>\": \"<span class=sf-dump-str title=\"14 characters\">kano-municipal</span>\"
      +\"<span class=sf-dump-public title=\"Runtime added dynamic property\">is_active</span>\": \"<span class=sf-dump-str>1</span>\"
      +\"<span class=sf-dump-public title=\"Runtime added dynamic property\">created_at</span>\": \"<span class=sf-dump-str title=\"23 characters\">2025-10-24 01:41:04.013</span>\"
      +\"<span class=sf-dump-public title=\"Runtime added dynamic property\">updated_at</span>\": \"<span class=sf-dump-str title=\"23 characters\">2025-10-30 00:52:32.323</span>\"
    </samp>}
    <span class=sf-dump-index>22</span> => {<a class=sf-dump-ref>#4464</a><samp data-depth=3 class=sf-dump-compact>
      +\"<span class=sf-dump-public title=\"Runtime added dynamic property\">id</span>\": \"<span class=sf-dump-str title=\"2 characters\">22</span>\"
      +\"<span class=sf-dump-public title=\"Runtime added dynamic property\">name</span>\": \"<span class=sf-dump-str title=\"6 characters\">Karaye</span>\"
      +\"<span class=sf-dump-public title=\"Runtime added dynamic property\">code</span>\": \"<span class=sf-dump-str title=\"6 characters\">KARAYE</span>\"
      +\"<span class=sf-dump-public title=\"Runtime added dynamic property\">slug</span>\": \"<span class=sf-dump-str title=\"6 characters\">karaye</span>\"
      +\"<span class=sf-dump-public title=\"Runtime added dynamic property\">is_active</span>\": \"<span class=sf-dump-str>1</span>\"
      +\"<span class=sf-dump-public title=\"Runtime added dynamic property\">created_at</span>\": \"<span class=sf-dump-str title=\"23 characters\">2025-10-24 01:41:04.013</span>\"
      +\"<span class=sf-dump-public title=\"Runtime added dynamic property\">updated_at</span>\": \"<span class=sf-dump-str title=\"23 characters\">2025-10-30 00:52:32.323</span>\"
    </samp>}
    <span class=sf-dump-index>23</span> => {<a class=sf-dump-ref>#4465</a><samp data-depth=3 class=sf-dump-compact>
      +\"<span class=sf-dump-public title=\"Runtime added dynamic property\">id</span>\": \"<span class=sf-dump-str title=\"2 characters\">23</span>\"
      +\"<span class=sf-dump-public title=\"Runtime added dynamic property\">name</span>\": \"<span class=sf-dump-str title=\"6 characters\">Kibiya</span>\"
      +\"<span class=sf-dump-public title=\"Runtime added dynamic property\">code</span>\": \"<span class=sf-dump-str title=\"6 characters\">KIBIYA</span>\"
      +\"<span class=sf-dump-public title=\"Runtime added dynamic property\">slug</span>\": \"<span class=sf-dump-str title=\"6 characters\">kibiya</span>\"
      +\"<span class=sf-dump-public title=\"Runtime added dynamic property\">is_active</span>\": \"<span class=sf-dump-str>1</span>\"
      +\"<span class=sf-dump-public title=\"Runtime added dynamic property\">created_at</span>\": \"<span class=sf-dump-str title=\"23 characters\">2025-10-24 01:41:04.013</span>\"
      +\"<span class=sf-dump-public title=\"Runtime added dynamic property\">updated_at</span>\": \"<span class=sf-dump-str title=\"23 characters\">2025-10-30 00:52:32.323</span>\"
    </samp>}
    <span class=sf-dump-index>24</span> => {<a class=sf-dump-ref>#4466</a><samp data-depth=3 class=sf-dump-compact>
      +\"<span class=sf-dump-public title=\"Runtime added dynamic property\">id</span>\": \"<span class=sf-dump-str title=\"2 characters\">24</span>\"
      +\"<span class=sf-dump-public title=\"Runtime added dynamic property\">name</span>\": \"<span class=sf-dump-str title=\"4 characters\">Kiru</span>\"
      +\"<span class=sf-dump-public title=\"Runtime added dynamic property\">code</span>\": \"<span class=sf-dump-str title=\"4 characters\">KIRU</span>\"
      +\"<span class=sf-dump-public title=\"Runtime added dynamic property\">slug</span>\": \"<span class=sf-dump-str title=\"4 characters\">kiru</span>\"
      +\"<span class=sf-dump-public title=\"Runtime added dynamic property\">is_active</span>\": \"<span class=sf-dump-str>1</span>\"
      +\"<span class=sf-dump-public title=\"Runtime added dynamic property\">created_at</span>\": \"<span class=sf-dump-str title=\"23 characters\">2025-10-24 01:41:04.013</span>\"
      +\"<span class=sf-dump-public title=\"Runtime added dynamic property\">updated_at</span>\": \"<span class=sf-dump-str title=\"23 characters\">2025-10-30 00:52:32.323</span>\"
    </samp>}
    <span class=sf-dump-index>25</span> => {<a class=sf-dump-ref>#4467</a><samp data-depth=3 class=sf-dump-compact>
      +\"<span class=sf-dump-public title=\"Runtime added dynamic property\">id</span>\": \"<span class=sf-dump-str title=\"2 characters\">25</span>\"
      +\"<span class=sf-dump-public title=\"Runtime added dynamic property\">name</span>\": \"<span class=sf-dump-str title=\"8 characters\">Kumbotso</span>\"
      +\"<span class=sf-dump-public title=\"Runtime added dynamic property\">code</span>\": \"<span class=sf-dump-str title=\"8 characters\">KUMBOTSO</span>\"
      +\"<span class=sf-dump-public title=\"Runtime added dynamic property\">slug</span>\": \"<span class=sf-dump-str title=\"8 characters\">kumbotso</span>\"
      +\"<span class=sf-dump-public title=\"Runtime added dynamic property\">is_active</span>\": \"<span class=sf-dump-str>1</span>\"
      +\"<span class=sf-dump-public title=\"Runtime added dynamic property\">created_at</span>\": \"<span class=sf-dump-str title=\"23 characters\">2025-10-24 01:41:04.013</span>\"
      +\"<span class=sf-dump-public title=\"Runtime added dynamic property\">updated_at</span>\": \"<span class=sf-dump-str title=\"23 characters\">2025-10-30 00:52:32.323</span>\"
    </samp>}
    <span class=sf-dump-index>26</span> => {<a class=sf-dump-ref>#4468</a><samp data-depth=3 class=sf-dump-compact>
      +\"<span class=sf-dump-public title=\"Runtime added dynamic property\">id</span>\": \"<span class=sf-dump-str title=\"2 characters\">27</span>\"
      +\"<span class=sf-dump-public title=\"Runtime added dynamic property\">name</span>\": \"<span class=sf-dump-str title=\"4 characters\">Kura</span>\"
      +\"<span class=sf-dump-public title=\"Runtime added dynamic property\">code</span>\": \"<span class=sf-dump-str title=\"4 characters\">KURA</span>\"
      +\"<span class=sf-dump-public title=\"Runtime added dynamic property\">slug</span>\": \"<span class=sf-dump-str title=\"4 characters\">kura</span>\"
      +\"<span class=sf-dump-public title=\"Runtime added dynamic property\">is_active</span>\": \"<span class=sf-dump-str>1</span>\"
      +\"<span class=sf-dump-public title=\"Runtime added dynamic property\">created_at</span>\": \"<span class=sf-dump-str title=\"23 characters\">2025-10-24 01:41:04.013</span>\"
      +\"<span class=sf-dump-public title=\"Runtime added dynamic property\">updated_at</span>\": \"<span class=sf-dump-str title=\"23 characters\">2025-10-30 00:52:32.323</span>\"
    </samp>}
    <span class=sf-dump-index>27</span> => {<a class=sf-dump-ref>#4469</a><samp data-depth=3 class=sf-dump-compact>
      +\"<span class=sf-dump-public title=\"Runtime added dynamic property\">id</span>\": \"<span class=sf-dump-str title=\"2 characters\">28</span>\"
      +\"<span class=sf-dump-public title=\"Runtime added dynamic property\">name</span>\": \"<span class=sf-dump-str title=\"6 characters\">Madobi</span>\"
      +\"<span class=sf-dump-public title=\"Runtime added dynamic property\">code</span>\": \"<span class=sf-dump-str title=\"6 characters\">MADOBI</span>\"
      +\"<span class=sf-dump-public title=\"Runtime added dynamic property\">slug</span>\": \"<span class=sf-dump-str title=\"6 characters\">madobi</span>\"
      +\"<span class=sf-dump-public title=\"Runtime added dynamic property\">is_active</span>\": \"<span class=sf-dump-str>1</span>\"
      +\"<span class=sf-dump-public title=\"Runtime added dynamic property\">created_at</span>\": \"<span class=sf-dump-str title=\"23 characters\">2025-10-24 01:41:04.013</span>\"
      +\"<span class=sf-dump-public title=\"Runtime added dynamic property\">updated_at</span>\": \"<span class=sf-dump-str title=\"23 characters\">2025-10-30 00:52:32.323</span>\"
    </samp>}
    <span class=sf-dump-index>28</span> => {<a class=sf-dump-ref>#4470</a><samp data-depth=3 class=sf-dump-compact>
      +\"<span class=sf-dump-public title=\"Runtime added dynamic property\">id</span>\": \"<span class=sf-dump-str title=\"2 characters\">29</span>\"
      +\"<span class=sf-dump-public title=\"Runtime added dynamic property\">name</span>\": \"<span class=sf-dump-str title=\"6 characters\">Makoda</span>\"
      +\"<span class=sf-dump-public title=\"Runtime added dynamic property\">code</span>\": \"<span class=sf-dump-str title=\"6 characters\">MAKODA</span>\"
      +\"<span class=sf-dump-public title=\"Runtime added dynamic property\">slug</span>\": \"<span class=sf-dump-str title=\"6 characters\">makoda</span>\"
      +\"<span class=sf-dump-public title=\"Runtime added dynamic property\">is_active</span>\": \"<span class=sf-dump-str>1</span>\"
      +\"<span class=sf-dump-public title=\"Runtime added dynamic property\">created_at</span>\": \"<span class=sf-dump-str title=\"23 characters\">2025-10-24 01:41:04.013</span>\"
      +\"<span class=sf-dump-public title=\"Runtime added dynamic property\">updated_at</span>\": \"<span class=sf-dump-str title=\"23 characters\">2025-10-30 00:52:32.323</span>\"
    </samp>}
    <span class=sf-dump-index>29</span> => {<a class=sf-dump-ref>#4471</a><samp data-depth=3 class=sf-dump-compact>
      +\"<span class=sf-dump-public title=\"Runtime added dynamic property\">id</span>\": \"<span class=sf-dump-str title=\"2 characters\">30</span>\"
      +\"<span class=sf-dump-public title=\"Runtime added dynamic property\">name</span>\": \"<span class=sf-dump-str title=\"8 characters\">Minjibir</span>\"
      +\"<span class=sf-dump-public title=\"Runtime added dynamic property\">code</span>\": \"<span class=sf-dump-str title=\"8 characters\">MINJIBIR</span>\"
      +\"<span class=sf-dump-public title=\"Runtime added dynamic property\">slug</span>\": \"<span class=sf-dump-str title=\"8 characters\">minjibir</span>\"
      +\"<span class=sf-dump-public title=\"Runtime added dynamic property\">is_active</span>\": \"<span class=sf-dump-str>1</span>\"
      +\"<span class=sf-dump-public title=\"Runtime added dynamic property\">created_at</span>\": \"<span class=sf-dump-str title=\"23 characters\">2025-10-24 01:41:04.013</span>\"
      +\"<span class=sf-dump-public title=\"Runtime added dynamic property\">updated_at</span>\": \"<span class=sf-dump-str title=\"23 characters\">2025-10-30 00:52:32.323</span>\"
    </samp>}
    <span class=sf-dump-index>30</span> => {<a class=sf-dump-ref>#4472</a><samp data-depth=3 class=sf-dump-compact>
      +\"<span class=sf-dump-public title=\"Runtime added dynamic property\">id</span>\": \"<span class=sf-dump-str title=\"2 characters\">31</span>\"
      +\"<span class=sf-dump-public title=\"Runtime added dynamic property\">name</span>\": \"<span class=sf-dump-str title=\"8 characters\">Nasarawa</span>\"
      +\"<span class=sf-dump-public title=\"Runtime added dynamic property\">code</span>\": \"<span class=sf-dump-str title=\"8 characters\">NASARAWA</span>\"
      +\"<span class=sf-dump-public title=\"Runtime added dynamic property\">slug</span>\": \"<span class=sf-dump-str title=\"8 characters\">nasarawa</span>\"
      +\"<span class=sf-dump-public title=\"Runtime added dynamic property\">is_active</span>\": \"<span class=sf-dump-str>1</span>\"
      +\"<span class=sf-dump-public title=\"Runtime added dynamic property\">created_at</span>\": \"<span class=sf-dump-str title=\"23 characters\">2025-10-24 01:41:04.013</span>\"
      +\"<span class=sf-dump-public title=\"Runtime added dynamic property\">updated_at</span>\": \"<span class=sf-dump-str title=\"23 characters\">2025-10-30 00:52:32.323</span>\"
    </samp>}
    <span class=sf-dump-index>31</span> => {<a class=sf-dump-ref>#4473</a><samp data-depth=3 class=sf-dump-compact>
      +\"<span class=sf-dump-public title=\"Runtime added dynamic property\">id</span>\": \"<span class=sf-dump-str title=\"2 characters\">32</span>\"
      +\"<span class=sf-dump-public title=\"Runtime added dynamic property\">name</span>\": \"<span class=sf-dump-str title=\"4 characters\">Rano</span>\"
      +\"<span class=sf-dump-public title=\"Runtime added dynamic property\">code</span>\": \"<span class=sf-dump-str title=\"4 characters\">RANO</span>\"
      +\"<span class=sf-dump-public title=\"Runtime added dynamic property\">slug</span>\": \"<span class=sf-dump-str title=\"4 characters\">rano</span>\"
      +\"<span class=sf-dump-public title=\"Runtime added dynamic property\">is_active</span>\": \"<span class=sf-dump-str>1</span>\"
      +\"<span class=sf-dump-public title=\"Runtime added dynamic property\">created_at</span>\": \"<span class=sf-dump-str title=\"23 characters\">2025-10-24 01:41:04.013</span>\"
      +\"<span class=sf-dump-public title=\"Runtime added dynamic property\">updated_at</span>\": \"<span class=sf-dump-str title=\"23 characters\">2025-10-30 00:52:32.323</span>\"
    </samp>}
    <span class=sf-dump-index>32</span> => {<a class=sf-dump-ref>#4474</a><samp data-depth=3 class=sf-dump-compact>
      +\"<span class=sf-dump-public title=\"Runtime added dynamic property\">id</span>\": \"<span class=sf-dump-str title=\"2 characters\">33</span>\"
      +\"<span class=sf-dump-public title=\"Runtime added dynamic property\">name</span>\": \"<span class=sf-dump-str title=\"10 characters\">Rimin Gado</span>\"
      +\"<span class=sf-dump-public title=\"Runtime added dynamic property\">code</span>\": \"<span class=sf-dump-str title=\"10 characters\">RIMIN_GADO</span>\"
      +\"<span class=sf-dump-public title=\"Runtime added dynamic property\">slug</span>\": \"<span class=sf-dump-str title=\"10 characters\">rimin-gado</span>\"
      +\"<span class=sf-dump-public title=\"Runtime added dynamic property\">is_active</span>\": \"<span class=sf-dump-str>1</span>\"
      +\"<span class=sf-dump-public title=\"Runtime added dynamic property\">created_at</span>\": \"<span class=sf-dump-str title=\"23 characters\">2025-10-24 01:41:04.013</span>\"
      +\"<span class=sf-dump-public title=\"Runtime added dynamic property\">updated_at</span>\": \"<span class=sf-dump-str title=\"23 characters\">2025-10-30 00:52:32.323</span>\"
    </samp>}
    <span class=sf-dump-index>33</span> => {<a class=sf-dump-ref>#4475</a><samp data-depth=3 class=sf-dump-compact>
      +\"<span class=sf-dump-public title=\"Runtime added dynamic property\">id</span>\": \"<span class=sf-dump-str title=\"2 characters\">34</span>\"
      +\"<span class=sf-dump-public title=\"Runtime added dynamic property\">name</span>\": \"<span class=sf-dump-str title=\"4 characters\">Rogo</span>\"
      +\"<span class=sf-dump-public title=\"Runtime added dynamic property\">code</span>\": \"<span class=sf-dump-str title=\"4 characters\">ROGO</span>\"
      +\"<span class=sf-dump-public title=\"Runtime added dynamic property\">slug</span>\": \"<span class=sf-dump-str title=\"4 characters\">rogo</span>\"
      +\"<span class=sf-dump-public title=\"Runtime added dynamic property\">is_active</span>\": \"<span class=sf-dump-str>1</span>\"
      +\"<span class=sf-dump-public title=\"Runtime added dynamic property\">created_at</span>\": \"<span class=sf-dump-str title=\"23 characters\">2025-10-24 01:41:04.013</span>\"
      +\"<span class=sf-dump-public title=\"Runtime added dynamic property\">updated_at</span>\": \"<span class=sf-dump-str title=\"23 characters\">2025-10-30 00:52:32.323</span>\"
    </samp>}
    <span class=sf-dump-index>34</span> => {<a class=sf-dump-ref>#4476</a><samp data-depth=3 class=sf-dump-compact>
      +\"<span class=sf-dump-public title=\"Runtime added dynamic property\">id</span>\": \"<span class=sf-dump-str title=\"2 characters\">35</span>\"
      +\"<span class=sf-dump-public title=\"Runtime added dynamic property\">name</span>\": \"<span class=sf-dump-str title=\"7 characters\">Shanono</span>\"
      +\"<span class=sf-dump-public title=\"Runtime added dynamic property\">code</span>\": \"<span class=sf-dump-str title=\"7 characters\">SHANONO</span>\"
      +\"<span class=sf-dump-public title=\"Runtime added dynamic property\">slug</span>\": \"<span class=sf-dump-str title=\"7 characters\">shanono</span>\"
      +\"<span class=sf-dump-public title=\"Runtime added dynamic property\">is_active</span>\": \"<span class=sf-dump-str>1</span>\"
      +\"<span class=sf-dump-public title=\"Runtime added dynamic property\">created_at</span>\": \"<span class=sf-dump-str title=\"23 characters\">2025-10-24 01:41:04.013</span>\"
      +\"<span class=sf-dump-public title=\"Runtime added dynamic property\">updated_at</span>\": \"<span class=sf-dump-str title=\"23 characters\">2025-10-30 00:52:32.323</span>\"
    </samp>}
    <span class=sf-dump-index>35</span> => {<a class=sf-dump-ref>#4477</a><samp data-depth=3 class=sf-dump-compact>
      +\"<span class=sf-dump-public title=\"Runtime added dynamic property\">id</span>\": \"<span class=sf-dump-str title=\"2 characters\">36</span>\"
      +\"<span class=sf-dump-public title=\"Runtime added dynamic property\">name</span>\": \"<span class=sf-dump-str title=\"7 characters\">Sumaila</span>\"
      +\"<span class=sf-dump-public title=\"Runtime added dynamic property\">code</span>\": \"<span class=sf-dump-str title=\"7 characters\">SUMAILA</span>\"
      +\"<span class=sf-dump-public title=\"Runtime added dynamic property\">slug</span>\": \"<span class=sf-dump-str title=\"7 characters\">sumaila</span>\"
      +\"<span class=sf-dump-public title=\"Runtime added dynamic property\">is_active</span>\": \"<span class=sf-dump-str>1</span>\"
      +\"<span class=sf-dump-public title=\"Runtime added dynamic property\">created_at</span>\": \"<span class=sf-dump-str title=\"23 characters\">2025-10-24 01:41:04.013</span>\"
      +\"<span class=sf-dump-public title=\"Runtime added dynamic property\">updated_at</span>\": \"<span class=sf-dump-str title=\"23 characters\">2025-10-30 00:52:32.323</span>\"
    </samp>}
    <span class=sf-dump-index>36</span> => {<a class=sf-dump-ref>#4478</a><samp data-depth=3 class=sf-dump-compact>
      +\"<span class=sf-dump-public title=\"Runtime added dynamic property\">id</span>\": \"<span class=sf-dump-str title=\"2 characters\">37</span>\"
      +\"<span class=sf-dump-public title=\"Runtime added dynamic property\">name</span>\": \"<span class=sf-dump-str title=\"5 characters\">Takai</span>\"
      +\"<span class=sf-dump-public title=\"Runtime added dynamic property\">code</span>\": \"<span class=sf-dump-str title=\"5 characters\">TAKAI</span>\"
      +\"<span class=sf-dump-public title=\"Runtime added dynamic property\">slug</span>\": \"<span class=sf-dump-str title=\"5 characters\">takai</span>\"
      +\"<span class=sf-dump-public title=\"Runtime added dynamic property\">is_active</span>\": \"<span class=sf-dump-str>1</span>\"
      +\"<span class=sf-dump-public title=\"Runtime added dynamic property\">created_at</span>\": \"<span class=sf-dump-str title=\"23 characters\">2025-10-24 01:41:04.013</span>\"
      +\"<span class=sf-dump-public title=\"Runtime added dynamic property\">updated_at</span>\": \"<span class=sf-dump-str title=\"23 characters\">2025-10-30 00:52:32.323</span>\"
    </samp>}
    <span class=sf-dump-index>37</span> => {<a class=sf-dump-ref>#4479</a><samp data-depth=3 class=sf-dump-compact>
      +\"<span class=sf-dump-public title=\"Runtime added dynamic property\">id</span>\": \"<span class=sf-dump-str title=\"2 characters\">38</span>\"
      +\"<span class=sf-dump-public title=\"Runtime added dynamic property\">name</span>\": \"<span class=sf-dump-str title=\"7 characters\">Tarauni</span>\"
      +\"<span class=sf-dump-public title=\"Runtime added dynamic property\">code</span>\": \"<span class=sf-dump-str title=\"7 characters\">TARAUNI</span>\"
      +\"<span class=sf-dump-public title=\"Runtime added dynamic property\">slug</span>\": \"<span class=sf-dump-str title=\"7 characters\">tarauni</span>\"
      +\"<span class=sf-dump-public title=\"Runtime added dynamic property\">is_active</span>\": \"<span class=sf-dump-str>1</span>\"
      +\"<span class=sf-dump-public title=\"Runtime added dynamic property\">created_at</span>\": \"<span class=sf-dump-str title=\"23 characters\">2025-10-24 01:41:04.013</span>\"
      +\"<span class=sf-dump-public title=\"Runtime added dynamic property\">updated_at</span>\": \"<span class=sf-dump-str title=\"23 characters\">2025-10-30 00:52:32.323</span>\"
    </samp>}
    <span class=sf-dump-index>38</span> => {<a class=sf-dump-ref>#4480</a><samp data-depth=3 class=sf-dump-compact>
      +\"<span class=sf-dump-public title=\"Runtime added dynamic property\">id</span>\": \"<span class=sf-dump-str title=\"2 characters\">39</span>\"
      +\"<span class=sf-dump-public title=\"Runtime added dynamic property\">name</span>\": \"<span class=sf-dump-str title=\"4 characters\">Tofa</span>\"
      +\"<span class=sf-dump-public title=\"Runtime added dynamic property\">code</span>\": \"<span class=sf-dump-str title=\"4 characters\">TOFA</span>\"
      +\"<span class=sf-dump-public title=\"Runtime added dynamic property\">slug</span>\": \"<span class=sf-dump-str title=\"4 characters\">tofa</span>\"
      +\"<span class=sf-dump-public title=\"Runtime added dynamic property\">is_active</span>\": \"<span class=sf-dump-str>1</span>\"
      +\"<span class=sf-dump-public title=\"Runtime added dynamic property\">created_at</span>\": \"<span class=sf-dump-str title=\"23 characters\">2025-10-24 01:41:04.013</span>\"
      +\"<span class=sf-dump-public title=\"Runtime added dynamic property\">updated_at</span>\": \"<span class=sf-dump-str title=\"23 characters\">2025-10-30 00:52:32.323</span>\"
    </samp>}
    <span class=sf-dump-index>39</span> => {<a class=sf-dump-ref>#4481</a><samp data-depth=3 class=sf-dump-compact>
      +\"<span class=sf-dump-public title=\"Runtime added dynamic property\">id</span>\": \"<span class=sf-dump-str title=\"2 characters\">40</span>\"
      +\"<span class=sf-dump-public title=\"Runtime added dynamic property\">name</span>\": \"<span class=sf-dump-str title=\"8 characters\">Tsanyawa</span>\"
      +\"<span class=sf-dump-public title=\"Runtime added dynamic property\">code</span>\": \"<span class=sf-dump-str title=\"8 characters\">TSANYAWA</span>\"
      +\"<span class=sf-dump-public title=\"Runtime added dynamic property\">slug</span>\": \"<span class=sf-dump-str title=\"8 characters\">tsanyawa</span>\"
      +\"<span class=sf-dump-public title=\"Runtime added dynamic property\">is_active</span>\": \"<span class=sf-dump-str>1</span>\"
      +\"<span class=sf-dump-public title=\"Runtime added dynamic property\">created_at</span>\": \"<span class=sf-dump-str title=\"23 characters\">2025-10-24 01:41:04.013</span>\"
      +\"<span class=sf-dump-public title=\"Runtime added dynamic property\">updated_at</span>\": \"<span class=sf-dump-str title=\"23 characters\">2025-10-30 00:52:32.323</span>\"
    </samp>}
    <span class=sf-dump-index>40</span> => {<a class=sf-dump-ref>#4482</a><samp data-depth=3 class=sf-dump-compact>
      +\"<span class=sf-dump-public title=\"Runtime added dynamic property\">id</span>\": \"<span class=sf-dump-str title=\"2 characters\">41</span>\"
      +\"<span class=sf-dump-public title=\"Runtime added dynamic property\">name</span>\": \"<span class=sf-dump-str title=\"10 characters\">Tudun Wada</span>\"
      +\"<span class=sf-dump-public title=\"Runtime added dynamic property\">code</span>\": \"<span class=sf-dump-str title=\"10 characters\">TUDUN_WADA</span>\"
      +\"<span class=sf-dump-public title=\"Runtime added dynamic property\">slug</span>\": \"<span class=sf-dump-str title=\"10 characters\">tudun-wada</span>\"
      +\"<span class=sf-dump-public title=\"Runtime added dynamic property\">is_active</span>\": \"<span class=sf-dump-str>1</span>\"
      +\"<span class=sf-dump-public title=\"Runtime added dynamic property\">created_at</span>\": \"<span class=sf-dump-str title=\"23 characters\">2025-10-24 01:41:04.013</span>\"
      +\"<span class=sf-dump-public title=\"Runtime added dynamic property\">updated_at</span>\": \"<span class=sf-dump-str title=\"23 characters\">2025-10-30 00:52:32.323</span>\"
    </samp>}
    <span class=sf-dump-index>41</span> => {<a class=sf-dump-ref>#4483</a><samp data-depth=3 class=sf-dump-compact>
      +\"<span class=sf-dump-public title=\"Runtime added dynamic property\">id</span>\": \"<span class=sf-dump-str title=\"2 characters\">42</span>\"
      +\"<span class=sf-dump-public title=\"Runtime added dynamic property\">name</span>\": \"<span class=sf-dump-str title=\"6 characters\">Ungogo</span>\"
      +\"<span class=sf-dump-public title=\"Runtime added dynamic property\">code</span>\": \"<span class=sf-dump-str title=\"6 characters\">UNGOGO</span>\"
      +\"<span class=sf-dump-public title=\"Runtime added dynamic property\">slug</span>\": \"<span class=sf-dump-str title=\"6 characters\">ungogo</span>\"
      +\"<span class=sf-dump-public title=\"Runtime added dynamic property\">is_active</span>\": \"<span class=sf-dump-str>1</span>\"
      +\"<span class=sf-dump-public title=\"Runtime added dynamic property\">created_at</span>\": \"<span class=sf-dump-str title=\"23 characters\">2025-10-24 01:41:04.013</span>\"
      +\"<span class=sf-dump-public title=\"Runtime added dynamic property\">updated_at</span>\": \"<span class=sf-dump-str title=\"23 characters\">2025-10-30 00:52:32.323</span>\"
    </samp>}
    <span class=sf-dump-index>42</span> => {<a class=sf-dump-ref>#4484</a><samp data-depth=3 class=sf-dump-compact>
      +\"<span class=sf-dump-public title=\"Runtime added dynamic property\">id</span>\": \"<span class=sf-dump-str title=\"2 characters\">45</span>\"
      +\"<span class=sf-dump-public title=\"Runtime added dynamic property\">name</span>\": \"<span class=sf-dump-str title=\"7 characters\">Unknown</span>\"
      +\"<span class=sf-dump-public title=\"Runtime added dynamic property\">code</span>\": \"<span class=sf-dump-str title=\"7 characters\">UNKNOWN</span>\"
      +\"<span class=sf-dump-public title=\"Runtime added dynamic property\">slug</span>\": \"<span class=sf-dump-str title=\"7 characters\">Unknown</span>\"
      +\"<span class=sf-dump-public title=\"Runtime added dynamic property\">is_active</span>\": \"<span class=sf-dump-str>1</span>\"
      +\"<span class=sf-dump-public title=\"Runtime added dynamic property\">created_at</span>\": <span class=sf-dump-const>null</span>
      +\"<span class=sf-dump-public title=\"Runtime added dynamic property\">updated_at</span>\": <span class=sf-dump-const>null</span>
    </samp>}
    <span class=sf-dump-index>43</span> => {<a class=sf-dump-ref>#4485</a><samp data-depth=3 class=sf-dump-compact>
      +\"<span class=sf-dump-public title=\"Runtime added dynamic property\">id</span>\": \"<span class=sf-dump-str title=\"2 characters\">43</span>\"
      +\"<span class=sf-dump-public title=\"Runtime added dynamic property\">name</span>\": \"<span class=sf-dump-str title=\"6 characters\">Warawa</span>\"
      +\"<span class=sf-dump-public title=\"Runtime added dynamic property\">code</span>\": \"<span class=sf-dump-str title=\"6 characters\">WARAWA</span>\"
      +\"<span class=sf-dump-public title=\"Runtime added dynamic property\">slug</span>\": \"<span class=sf-dump-str title=\"6 characters\">warawa</span>\"
      +\"<span class=sf-dump-public title=\"Runtime added dynamic property\">is_active</span>\": \"<span class=sf-dump-str>1</span>\"
      +\"<span class=sf-dump-public title=\"Runtime added dynamic property\">created_at</span>\": \"<span class=sf-dump-str title=\"23 characters\">2025-10-24 01:41:04.013</span>\"
      +\"<span class=sf-dump-public title=\"Runtime added dynamic property\">updated_at</span>\": \"<span class=sf-dump-str title=\"23 characters\">2025-10-30 00:52:32.323</span>\"
    </samp>}
    <span class=sf-dump-index>44</span> => {<a class=sf-dump-ref>#4486</a><samp data-depth=3 class=sf-dump-compact>
      +\"<span class=sf-dump-public title=\"Runtime added dynamic property\">id</span>\": \"<span class=sf-dump-str title=\"2 characters\">44</span>\"
      +\"<span class=sf-dump-public title=\"Runtime added dynamic property\">name</span>\": \"<span class=sf-dump-str title=\"5 characters\">Wudil</span>\"
      +\"<span class=sf-dump-public title=\"Runtime added dynamic property\">code</span>\": \"<span class=sf-dump-str title=\"5 characters\">WUDIL</span>\"
      +\"<span class=sf-dump-public title=\"Runtime added dynamic property\">slug</span>\": \"<span class=sf-dump-str title=\"5 characters\">wudil</span>\"
      +\"<span class=sf-dump-public title=\"Runtime added dynamic property\">is_active</span>\": \"<span class=sf-dump-str>1</span>\"
      +\"<span class=sf-dump-public title=\"Runtime added dynamic property\">created_at</span>\": \"<span class=sf-dump-str title=\"23 characters\">2025-10-24 01:41:04.013</span>\"
      +\"<span class=sf-dump-public title=\"Runtime added dynamic property\">updated_at</span>\": \"<span class=sf-dump-str title=\"23 characters\">2025-10-30 00:52:32.323</span>\"
    </samp>}
  </samp>]
  #<span class=sf-dump-protected title=\"Protected property\">escapeWhenCastingToString</span>: <span class=sf-dump-const>false</span>
</samp>}
</pre><script>Sfdump(\"sf-dump-759656687\", {\"maxDepth\":3,\"maxStringLength\":160})</script>
","districts":"<pre class=sf-dump id=sf-dump-871358772 data-indent-pad=\"  \"><span class=sf-dump-note>Illuminate\\Support\\Collection</span> {<a class=sf-dump-ref>#4437</a><samp data-depth=1 class=sf-dump-expanded>
  #<span class=sf-dump-protected title=\"Protected property\">items</span>: <span class=sf-dump-note>array:80</span> [<samp data-depth=2 class=sf-dump-compact>
    <span class=sf-dump-index>0</span> => {<a class=sf-dump-ref>#4487</a><samp data-depth=3 class=sf-dump-compact>
      +\"<span class=sf-dump-public title=\"Runtime added dynamic property\">id</span>\": \"<span class=sf-dump-str>6</span>\"
      +\"<span class=sf-dump-public title=\"Runtime added dynamic property\">name</span>\": \"<span class=sf-dump-str title=\"6 characters\">Ajingi</span>\"
      +\"<span class=sf-dump-public title=\"Runtime added dynamic property\">slug</span>\": \"<span class=sf-dump-str title=\"6 characters\">ajingi</span>\"
      +\"<span class=sf-dump-public title=\"Runtime added dynamic property\">is_active</span>\": \"<span class=sf-dump-str>1</span>\"
      +\"<span class=sf-dump-public title=\"Runtime added dynamic property\">created_at</span>\": \"<span class=sf-dump-str title=\"23 characters\">2025-10-24 01:41:04.013</span>\"
      +\"<span class=sf-dump-public title=\"Runtime added dynamic property\">updated_at</span>\": \"<span class=sf-dump-str title=\"23 characters\">2025-10-30 00:52:32.323</span>\"
    </samp>}
    <span class=sf-dump-index>1</span> => {<a class=sf-dump-ref>#4489</a><samp data-depth=3 class=sf-dump-compact>
      +\"<span class=sf-dump-public title=\"Runtime added dynamic property\">id</span>\": \"<span class=sf-dump-str>7</span>\"
      +\"<span class=sf-dump-public title=\"Runtime added dynamic property\">name</span>\": \"<span class=sf-dump-str title=\"6 characters\">Albasu</span>\"
      +\"<span class=sf-dump-public title=\"Runtime added dynamic property\">slug</span>\": \"<span class=sf-dump-str title=\"6 characters\">albasu</span>\"
      +\"<span class=sf-dump-public title=\"Runtime added dynamic property\">is_active</span>\": \"<span class=sf-dump-str>1</span>\"
      +\"<span class=sf-dump-public title=\"Runtime added dynamic property\">created_at</span>\": \"<span class=sf-dump-str title=\"23 characters\">2025-10-24 01:41:04.013</span>\"
      +\"<span class=sf-dump-public title=\"Runtime added dynamic property\">updated_at</span>\": \"<span class=sf-dump-str title=\"23 characters\">2025-10-30 00:52:32.323</span>\"
    </samp>}
    <span class=sf-dump-index>2</span> => {<a class=sf-dump-ref>#4490</a><samp data-depth=3 class=sf-dump-compact>
      +\"<span class=sf-dump-public title=\"Runtime added dynamic property\">id</span>\": \"<span class=sf-dump-str>8</span>\"
      +\"<span class=sf-dump-public title=\"Runtime added dynamic property\">name</span>\": \"<span class=sf-dump-str title=\"6 characters\">Bagwai</span>\"
      +\"<span class=sf-dump-public title=\"Runtime added dynamic property\">slug</span>\": \"<span class=sf-dump-str title=\"6 characters\">bagwai</span>\"
      +\"<span class=sf-dump-public title=\"Runtime added dynamic property\">is_active</span>\": \"<span class=sf-dump-str>1</span>\"
      +\"<span class=sf-dump-public title=\"Runtime added dynamic property\">created_at</span>\": \"<span class=sf-dump-str title=\"23 characters\">2025-10-24 01:41:04.013</span>\"
      +\"<span class=sf-dump-public title=\"Runtime added dynamic property\">updated_at</span>\": \"<span class=sf-dump-str title=\"23 characters\">2025-10-30 00:52:32.323</span>\"
    </samp>}
    <span class=sf-dump-index>3</span> => {<a class=sf-dump-ref>#4491</a><samp data-depth=3 class=sf-dump-compact>
      +\"<span class=sf-dump-public title=\"Runtime added dynamic property\">id</span>\": \"<span class=sf-dump-str>9</span>\"
      +\"<span class=sf-dump-public title=\"Runtime added dynamic property\">name</span>\": \"<span class=sf-dump-str title=\"6 characters\">Bebeji</span>\"
      +\"<span class=sf-dump-public title=\"Runtime added dynamic property\">slug</span>\": \"<span class=sf-dump-str title=\"6 characters\">bebeji</span>\"
      +\"<span class=sf-dump-public title=\"Runtime added dynamic property\">is_active</span>\": \"<span class=sf-dump-str>1</span>\"
      +\"<span class=sf-dump-public title=\"Runtime added dynamic property\">created_at</span>\": \"<span class=sf-dump-str title=\"23 characters\">2025-10-24 01:41:04.013</span>\"
      +\"<span class=sf-dump-public title=\"Runtime added dynamic property\">updated_at</span>\": \"<span class=sf-dump-str title=\"23 characters\">2025-10-30 00:52:32.323</span>\"
    </samp>}
    <span class=sf-dump-index>4</span> => {<a class=sf-dump-ref>#4493</a><samp data-depth=3 class=sf-dump-compact>
      +\"<span class=sf-dump-public title=\"Runtime added dynamic property\">id</span>\": \"<span class=sf-dump-str title=\"2 characters\">10</span>\"
      +\"<span class=sf-dump-public title=\"Runtime added dynamic property\">name</span>\": \"<span class=sf-dump-str title=\"5 characters\">Bichi</span>\"
      +\"<span class=sf-dump-public title=\"Runtime added dynamic property\">slug</span>\": \"<span class=sf-dump-str title=\"5 characters\">bichi</span>\"
      +\"<span class=sf-dump-public title=\"Runtime added dynamic property\">is_active</span>\": \"<span class=sf-dump-str>1</span>\"
      +\"<span class=sf-dump-public title=\"Runtime added dynamic property\">created_at</span>\": \"<span class=sf-dump-str title=\"23 characters\">2025-10-24 01:41:04.013</span>\"
      +\"<span class=sf-dump-public title=\"Runtime added dynamic property\">updated_at</span>\": \"<span class=sf-dump-str title=\"23 characters\">2025-10-30 00:52:32.323</span>\"
    </samp>}
    <span class=sf-dump-index>5</span> => {<a class=sf-dump-ref>#4494</a><samp data-depth=3 class=sf-dump-compact>
      +\"<span class=sf-dump-public title=\"Runtime added dynamic property\">id</span>\": \"<span class=sf-dump-str title=\"2 characters\">11</span>\"
      +\"<span class=sf-dump-public title=\"Runtime added dynamic property\">name</span>\": \"<span class=sf-dump-str title=\"7 characters\">Bunkure</span>\"
      +\"<span class=sf-dump-public title=\"Runtime added dynamic property\">slug</span>\": \"<span class=sf-dump-str title=\"7 characters\">bunkure</span>\"
      +\"<span class=sf-dump-public title=\"Runtime added dynamic property\">is_active</span>\": \"<span class=sf-dump-str>1</span>\"
      +\"<span class=sf-dump-public title=\"Runtime added dynamic property\">created_at</span>\": \"<span class=sf-dump-str title=\"23 characters\">2025-10-24 01:41:04.013</span>\"
      +\"<span class=sf-dump-public title=\"Runtime added dynamic property\">updated_at</span>\": \"<span class=sf-dump-str title=\"23 characters\">2025-10-30 00:52:32.323</span>\"
    </samp>}
    <span class=sf-dump-index>6</span> => {<a class=sf-dump-ref>#4495</a><samp data-depth=3 class=sf-dump-compact>
      +\"<span class=sf-dump-public title=\"Runtime added dynamic property\">id</span>\": \"<span class=sf-dump-str title=\"2 characters\">12</span>\"
      +\"<span class=sf-dump-public title=\"Runtime added dynamic property\">name</span>\": \"<span class=sf-dump-str title=\"4 characters\">City</span>\"
      +\"<span class=sf-dump-public title=\"Runtime added dynamic property\">slug</span>\": \"<span class=sf-dump-str title=\"4 characters\">city</span>\"
      +\"<span class=sf-dump-public title=\"Runtime added dynamic property\">is_active</span>\": \"<span class=sf-dump-str>1</span>\"
      +\"<span class=sf-dump-public title=\"Runtime added dynamic property\">created_at</span>\": \"<span class=sf-dump-str title=\"23 characters\">2025-10-24 01:41:04.013</span>\"
      +\"<span class=sf-dump-public title=\"Runtime added dynamic property\">updated_at</span>\": \"<span class=sf-dump-str title=\"23 characters\">2025-10-30 00:52:32.323</span>\"
    </samp>}
    <span class=sf-dump-index>7</span> => {<a class=sf-dump-ref>#4496</a><samp data-depth=3 class=sf-dump-compact>
      +\"<span class=sf-dump-public title=\"Runtime added dynamic property\">id</span>\": \"<span class=sf-dump-str title=\"2 characters\">13</span>\"
      +\"<span class=sf-dump-public title=\"Runtime added dynamic property\">name</span>\": \"<span class=sf-dump-str title=\"13 characters\">City District</span>\"
      +\"<span class=sf-dump-public title=\"Runtime added dynamic property\">slug</span>\": \"<span class=sf-dump-str title=\"13 characters\">city-district</span>\"
      +\"<span class=sf-dump-public title=\"Runtime added dynamic property\">is_active</span>\": \"<span class=sf-dump-str>1</span>\"
      +\"<span class=sf-dump-public title=\"Runtime added dynamic property\">created_at</span>\": \"<span class=sf-dump-str title=\"23 characters\">2025-10-24 01:41:04.013</span>\"
      +\"<span class=sf-dump-public title=\"Runtime added dynamic property\">updated_at</span>\": \"<span class=sf-dump-str title=\"23 characters\">2025-10-30 00:52:32.323</span>\"
    </samp>}
    <span class=sf-dump-index>8</span> => {<a class=sf-dump-ref>#4497</a><samp data-depth=3 class=sf-dump-compact>
      +\"<span class=sf-dump-public title=\"Runtime added dynamic property\">id</span>\": \"<span class=sf-dump-str title=\"2 characters\">14</span>\"
      +\"<span class=sf-dump-public title=\"Runtime added dynamic property\">name</span>\": \"<span class=sf-dump-str title=\"6 characters\">D/Kudu</span>\"
      +\"<span class=sf-dump-public title=\"Runtime added dynamic property\">slug</span>\": \"<span class=sf-dump-str title=\"5 characters\">dkudu</span>\"
      +\"<span class=sf-dump-public title=\"Runtime added dynamic property\">is_active</span>\": \"<span class=sf-dump-str>1</span>\"
      +\"<span class=sf-dump-public title=\"Runtime added dynamic property\">created_at</span>\": \"<span class=sf-dump-str title=\"23 characters\">2025-10-24 01:41:04.013</span>\"
      +\"<span class=sf-dump-public title=\"Runtime added dynamic property\">updated_at</span>\": \"<span class=sf-dump-str title=\"23 characters\">2025-10-24 01:41:04.013</span>\"
    </samp>}
    <span class=sf-dump-index>9</span> => {<a class=sf-dump-ref>#4498</a><samp data-depth=3 class=sf-dump-compact>
      +\"<span class=sf-dump-public title=\"Runtime added dynamic property\">id</span>\": \"<span class=sf-dump-str>1</span>\"
      +\"<span class=sf-dump-public title=\"Runtime added dynamic property\">name</span>\": \"<span class=sf-dump-str title=\"4 characters\">Dala</span>\"
      +\"<span class=sf-dump-public title=\"Runtime added dynamic property\">slug</span>\": \"<span class=sf-dump-str title=\"4 characters\">dala</span>\"
      +\"<span class=sf-dump-public title=\"Runtime added dynamic property\">is_active</span>\": \"<span class=sf-dump-str>1</span>\"
      +\"<span class=sf-dump-public title=\"Runtime added dynamic property\">created_at</span>\": \"<span class=sf-dump-str title=\"23 characters\">2025-10-24 01:41:04.013</span>\"
      +\"<span class=sf-dump-public title=\"Runtime added dynamic property\">updated_at</span>\": \"<span class=sf-dump-str title=\"23 characters\">2025-10-30 00:52:32.323</span>\"
    </samp>}
    <span class=sf-dump-index>10</span> => {<a class=sf-dump-ref>#4499</a><samp data-depth=3 class=sf-dump-compact>
      +\"<span class=sf-dump-public title=\"Runtime added dynamic property\">id</span>\": \"<span class=sf-dump-str title=\"2 characters\">15</span>\"
      +\"<span class=sf-dump-public title=\"Runtime added dynamic property\">name</span>\": \"<span class=sf-dump-str title=\"8 characters\">Dambatta</span>\"
      +\"<span class=sf-dump-public title=\"Runtime added dynamic property\">slug</span>\": \"<span class=sf-dump-str title=\"8 characters\">dambatta</span>\"
      +\"<span class=sf-dump-public title=\"Runtime added dynamic property\">is_active</span>\": \"<span class=sf-dump-str>1</span>\"
      +\"<span class=sf-dump-public title=\"Runtime added dynamic property\">created_at</span>\": \"<span class=sf-dump-str title=\"23 characters\">2025-10-24 01:41:04.013</span>\"
      +\"<span class=sf-dump-public title=\"Runtime added dynamic property\">updated_at</span>\": \"<span class=sf-dump-str title=\"23 characters\">2025-10-30 00:52:32.323</span>\"
    </samp>}
    <span class=sf-dump-index>11</span> => {<a class=sf-dump-ref>#4500</a><samp data-depth=3 class=sf-dump-compact>
      +\"<span class=sf-dump-public title=\"Runtime added dynamic property\">id</span>\": \"<span class=sf-dump-str title=\"2 characters\">16</span>\"
      +\"<span class=sf-dump-public title=\"Runtime added dynamic property\">name</span>\": \"<span class=sf-dump-str title=\"25 characters\">Dan Dinshe Kofar Dawannau</span>\"
      +\"<span class=sf-dump-public title=\"Runtime added dynamic property\">slug</span>\": \"<span class=sf-dump-str title=\"25 characters\">dan-dinshe-kofar-dawannau</span>\"
      +\"<span class=sf-dump-public title=\"Runtime added dynamic property\">is_active</span>\": \"<span class=sf-dump-str>1</span>\"
      +\"<span class=sf-dump-public title=\"Runtime added dynamic property\">created_at</span>\": \"<span class=sf-dump-str title=\"23 characters\">2025-10-24 01:41:04.013</span>\"
      +\"<span class=sf-dump-public title=\"Runtime added dynamic property\">updated_at</span>\": \"<span class=sf-dump-str title=\"23 characters\">2025-10-24 01:41:04.013</span>\"
    </samp>}
    <span class=sf-dump-index>12</span> => {<a class=sf-dump-ref>#4501</a><samp data-depth=3 class=sf-dump-compact>
      +\"<span class=sf-dump-public title=\"Runtime added dynamic property\">id</span>\": \"<span class=sf-dump-str title=\"2 characters\">17</span>\"
      +\"<span class=sf-dump-public title=\"Runtime added dynamic property\">name</span>\": \"<span class=sf-dump-str title=\"8 characters\">Danbatta</span>\"
      +\"<span class=sf-dump-public title=\"Runtime added dynamic property\">slug</span>\": \"<span class=sf-dump-str title=\"8 characters\">danbatta</span>\"
      +\"<span class=sf-dump-public title=\"Runtime added dynamic property\">is_active</span>\": \"<span class=sf-dump-str>1</span>\"
      +\"<span class=sf-dump-public title=\"Runtime added dynamic property\">created_at</span>\": \"<span class=sf-dump-str title=\"23 characters\">2025-10-24 01:41:04.013</span>\"
      +\"<span class=sf-dump-public title=\"Runtime added dynamic property\">updated_at</span>\": \"<span class=sf-dump-str title=\"23 characters\">2025-10-24 01:41:04.013</span>\"
    </samp>}
    <span class=sf-dump-index>13</span> => {<a class=sf-dump-ref>#4502</a><samp data-depth=3 class=sf-dump-compact>
      +\"<span class=sf-dump-public title=\"Runtime added dynamic property\">id</span>\": \"<span class=sf-dump-str>2</span>\"
      +\"<span class=sf-dump-public title=\"Runtime added dynamic property\">name</span>\": \"<span class=sf-dump-str title=\"12 characters\">Dawakin Kudu</span>\"
      +\"<span class=sf-dump-public title=\"Runtime added dynamic property\">slug</span>\": \"<span class=sf-dump-str title=\"12 characters\">dawakin-kudu</span>\"
      +\"<span class=sf-dump-public title=\"Runtime added dynamic property\">is_active</span>\": \"<span class=sf-dump-str>1</span>\"
      +\"<span class=sf-dump-public title=\"Runtime added dynamic property\">created_at</span>\": \"<span class=sf-dump-str title=\"23 characters\">2025-10-24 01:41:04.013</span>\"
      +\"<span class=sf-dump-public title=\"Runtime added dynamic property\">updated_at</span>\": \"<span class=sf-dump-str title=\"23 characters\">2025-10-30 00:52:32.323</span>\"
    </samp>}
    <span class=sf-dump-index>14</span> => {<a class=sf-dump-ref>#4503</a><samp data-depth=3 class=sf-dump-compact>
      +\"<span class=sf-dump-public title=\"Runtime added dynamic property\">id</span>\": \"<span class=sf-dump-str title=\"2 characters\">18</span>\"
      +\"<span class=sf-dump-public title=\"Runtime added dynamic property\">name</span>\": \"<span class=sf-dump-str title=\"21 characters\">Dawakin Kudu District</span>\"
      +\"<span class=sf-dump-public title=\"Runtime added dynamic property\">slug</span>\": \"<span class=sf-dump-str title=\"21 characters\">dawakin-kudu-district</span>\"
      +\"<span class=sf-dump-public title=\"Runtime added dynamic property\">is_active</span>\": \"<span class=sf-dump-str>1</span>\"
      +\"<span class=sf-dump-public title=\"Runtime added dynamic property\">created_at</span>\": \"<span class=sf-dump-str title=\"23 characters\">2025-10-24 01:41:04.013</span>\"
      +\"<span class=sf-dump-public title=\"Runtime added dynamic property\">updated_at</span>\": \"<span class=sf-dump-str title=\"23 characters\">2025-10-24 01:41:04.013</span>\"
    </samp>}
    <span class=sf-dump-index>15</span> => {<a class=sf-dump-ref>#4504</a><samp data-depth=3 class=sf-dump-compact>
      +\"<span class=sf-dump-public title=\"Runtime added dynamic property\">id</span>\": \"<span class=sf-dump-str title=\"2 characters\">19</span>\"
      +\"<span class=sf-dump-public title=\"Runtime added dynamic property\">name</span>\": \"<span class=sf-dump-str title=\"12 characters\">Dawakin Tofa</span>\"
      +\"<span class=sf-dump-public title=\"Runtime added dynamic property\">slug</span>\": \"<span class=sf-dump-str title=\"12 characters\">dawakin-tofa</span>\"
      +\"<span class=sf-dump-public title=\"Runtime added dynamic property\">is_active</span>\": \"<span class=sf-dump-str>1</span>\"
      +\"<span class=sf-dump-public title=\"Runtime added dynamic property\">created_at</span>\": \"<span class=sf-dump-str title=\"23 characters\">2025-10-24 01:41:04.013</span>\"
      +\"<span class=sf-dump-public title=\"Runtime added dynamic property\">updated_at</span>\": \"<span class=sf-dump-str title=\"23 characters\">2025-10-30 00:52:32.323</span>\"
    </samp>}
    <span class=sf-dump-index>16</span> => {<a class=sf-dump-ref>#4505</a><samp data-depth=3 class=sf-dump-compact>
      +\"<span class=sf-dump-public title=\"Runtime added dynamic property\">id</span>\": \"<span class=sf-dump-str title=\"2 characters\">20</span>\"
      +\"<span class=sf-dump-public title=\"Runtime added dynamic property\">name</span>\": \"<span class=sf-dump-str title=\"12 characters\">Dawakin-Kudu</span>\"
      +\"<span class=sf-dump-public title=\"Runtime added dynamic property\">slug</span>\": \"<span class=sf-dump-str title=\"12 characters\">dawakin-kudu</span>\"
      +\"<span class=sf-dump-public title=\"Runtime added dynamic property\">is_active</span>\": \"<span class=sf-dump-str>1</span>\"
      +\"<span class=sf-dump-public title=\"Runtime added dynamic property\">created_at</span>\": \"<span class=sf-dump-str title=\"23 characters\">2025-10-24 01:41:04.013</span>\"
      +\"<span class=sf-dump-public title=\"Runtime added dynamic property\">updated_at</span>\": \"<span class=sf-dump-str title=\"23 characters\">2025-10-24 01:41:04.013</span>\"
    </samp>}
    <span class=sf-dump-index>17</span> => {<a class=sf-dump-ref>#4506</a><samp data-depth=3 class=sf-dump-compact>
      +\"<span class=sf-dump-public title=\"Runtime added dynamic property\">id</span>\": \"<span class=sf-dump-str title=\"2 characters\">21</span>\"
      +\"<span class=sf-dump-public title=\"Runtime added dynamic property\">name</span>\": \"<span class=sf-dump-str title=\"12 characters\">Dawakin-Tofa</span>\"
      +\"<span class=sf-dump-public title=\"Runtime added dynamic property\">slug</span>\": \"<span class=sf-dump-str title=\"12 characters\">dawakin-tofa</span>\"
      +\"<span class=sf-dump-public title=\"Runtime added dynamic property\">is_active</span>\": \"<span class=sf-dump-str>1</span>\"
      +\"<span class=sf-dump-public title=\"Runtime added dynamic property\">created_at</span>\": \"<span class=sf-dump-str title=\"23 characters\">2025-10-24 01:41:04.013</span>\"
      +\"<span class=sf-dump-public title=\"Runtime added dynamic property\">updated_at</span>\": \"<span class=sf-dump-str title=\"23 characters\">2025-10-24 01:41:04.013</span>\"
    </samp>}
    <span class=sf-dump-index>18</span> => {<a class=sf-dump-ref>#4507</a><samp data-depth=3 class=sf-dump-compact>
      +\"<span class=sf-dump-public title=\"Runtime added dynamic property\">id</span>\": \"<span class=sf-dump-str title=\"2 characters\">22</span>\"
      +\"<span class=sf-dump-public title=\"Runtime added dynamic property\">name</span>\": \"<span class=sf-dump-str title=\"12 characters\">Dawanau Tofa</span>\"
      +\"<span class=sf-dump-public title=\"Runtime added dynamic property\">slug</span>\": \"<span class=sf-dump-str title=\"12 characters\">dawanau-tofa</span>\"
      +\"<span class=sf-dump-public title=\"Runtime added dynamic property\">is_active</span>\": \"<span class=sf-dump-str>1</span>\"
      +\"<span class=sf-dump-public title=\"Runtime added dynamic property\">created_at</span>\": \"<span class=sf-dump-str title=\"23 characters\">2025-10-24 01:41:04.013</span>\"
      +\"<span class=sf-dump-public title=\"Runtime added dynamic property\">updated_at</span>\": \"<span class=sf-dump-str title=\"23 characters\">2025-10-24 01:41:04.013</span>\"
    </samp>}
    <span class=sf-dump-index>19</span> => {<a class=sf-dump-ref>#4508</a><samp data-depth=3 class=sf-dump-compact>
      +\"<span class=sf-dump-public title=\"Runtime added dynamic property\">id</span>\": \"<span class=sf-dump-str title=\"2 characters\">23</span>\"
      +\"<span class=sf-dump-public title=\"Runtime added dynamic property\">name</span>\": \"<span class=sf-dump-str title=\"6 characters\">Doguwa</span>\"
      +\"<span class=sf-dump-public title=\"Runtime added dynamic property\">slug</span>\": \"<span class=sf-dump-str title=\"6 characters\">doguwa</span>\"
      +\"<span class=sf-dump-public title=\"Runtime added dynamic property\">is_active</span>\": \"<span class=sf-dump-str>1</span>\"
      +\"<span class=sf-dump-public title=\"Runtime added dynamic property\">created_at</span>\": \"<span class=sf-dump-str title=\"23 characters\">2025-10-24 01:41:04.013</span>\"
      +\"<span class=sf-dump-public title=\"Runtime added dynamic property\">updated_at</span>\": \"<span class=sf-dump-str title=\"23 characters\">2025-10-30 00:52:32.323</span>\"
    </samp>}
    <span class=sf-dump-index>20</span> => {<a class=sf-dump-ref>#4509</a><samp data-depth=3 class=sf-dump-compact>
      +\"<span class=sf-dump-public title=\"Runtime added dynamic property\">id</span>\": \"<span class=sf-dump-str title=\"2 characters\">24</span>\"
      +\"<span class=sf-dump-public title=\"Runtime added dynamic property\">name</span>\": \"<span class=sf-dump-str title=\"13 characters\">Dorayi Karama</span>\"
      +\"<span class=sf-dump-public title=\"Runtime added dynamic property\">slug</span>\": \"<span class=sf-dump-str title=\"13 characters\">dorayi-karama</span>\"
      +\"<span class=sf-dump-public title=\"Runtime added dynamic property\">is_active</span>\": \"<span class=sf-dump-str>1</span>\"
      +\"<span class=sf-dump-public title=\"Runtime added dynamic property\">created_at</span>\": \"<span class=sf-dump-str title=\"23 characters\">2025-10-24 01:41:04.013</span>\"
      +\"<span class=sf-dump-public title=\"Runtime added dynamic property\">updated_at</span>\": \"<span class=sf-dump-str title=\"23 characters\">2025-10-30 00:52:32.323</span>\"
    </samp>}
    <span class=sf-dump-index>21</span> => {<a class=sf-dump-ref>#4510</a><samp data-depth=3 class=sf-dump-compact>
      +\"<span class=sf-dump-public title=\"Runtime added dynamic property\">id</span>\": \"<span class=sf-dump-str>3</span>\"
      +\"<span class=sf-dump-public title=\"Runtime added dynamic property\">name</span>\": \"<span class=sf-dump-str title=\"5 characters\">Fagge</span>\"
      +\"<span class=sf-dump-public title=\"Runtime added dynamic property\">slug</span>\": \"<span class=sf-dump-str title=\"5 characters\">fagge</span>\"
      +\"<span class=sf-dump-public title=\"Runtime added dynamic property\">is_active</span>\": \"<span class=sf-dump-str>1</span>\"
      +\"<span class=sf-dump-public title=\"Runtime added dynamic property\">created_at</span>\": \"<span class=sf-dump-str title=\"23 characters\">2025-10-24 01:41:04.013</span>\"
      +\"<span class=sf-dump-public title=\"Runtime added dynamic property\">updated_at</span>\": \"<span class=sf-dump-str title=\"23 characters\">2025-10-30 00:52:32.323</span>\"
    </samp>}
    <span class=sf-dump-index>22</span> => {<a class=sf-dump-ref>#4511</a><samp data-depth=3 class=sf-dump-compact>
      +\"<span class=sf-dump-public title=\"Runtime added dynamic property\">id</span>\": \"<span class=sf-dump-str title=\"2 characters\">25</span>\"
      +\"<span class=sf-dump-public title=\"Runtime added dynamic property\">name</span>\": \"<span class=sf-dump-str title=\"8 characters\">Gabasawa</span>\"
      +\"<span class=sf-dump-public title=\"Runtime added dynamic property\">slug</span>\": \"<span class=sf-dump-str title=\"8 characters\">gabasawa</span>\"
      +\"<span class=sf-dump-public title=\"Runtime added dynamic property\">is_active</span>\": \"<span class=sf-dump-str>1</span>\"
      +\"<span class=sf-dump-public title=\"Runtime added dynamic property\">created_at</span>\": \"<span class=sf-dump-str title=\"23 characters\">2025-10-24 01:41:04.013</span>\"
      +\"<span class=sf-dump-public title=\"Runtime added dynamic property\">updated_at</span>\": \"<span class=sf-dump-str title=\"23 characters\">2025-10-30 00:52:32.323</span>\"
    </samp>}
    <span class=sf-dump-index>23</span> => {<a class=sf-dump-ref>#4512</a><samp data-depth=3 class=sf-dump-compact>
      +\"<span class=sf-dump-public title=\"Runtime added dynamic property\">id</span>\": \"<span class=sf-dump-str title=\"2 characters\">26</span>\"
      +\"<span class=sf-dump-public title=\"Runtime added dynamic property\">name</span>\": \"<span class=sf-dump-str title=\"5 characters\">Garko</span>\"
      +\"<span class=sf-dump-public title=\"Runtime added dynamic property\">slug</span>\": \"<span class=sf-dump-str title=\"5 characters\">garko</span>\"
      +\"<span class=sf-dump-public title=\"Runtime added dynamic property\">is_active</span>\": \"<span class=sf-dump-str>1</span>\"
      +\"<span class=sf-dump-public title=\"Runtime added dynamic property\">created_at</span>\": \"<span class=sf-dump-str title=\"23 characters\">2025-10-24 01:41:04.013</span>\"
      +\"<span class=sf-dump-public title=\"Runtime added dynamic property\">updated_at</span>\": \"<span class=sf-dump-str title=\"23 characters\">2025-10-30 00:52:32.323</span>\"
    </samp>}
    <span class=sf-dump-index>24</span> => {<a class=sf-dump-ref>#4513</a><samp data-depth=3 class=sf-dump-compact>
      +\"<span class=sf-dump-public title=\"Runtime added dynamic property\">id</span>\": \"<span class=sf-dump-str title=\"2 characters\">27</span>\"
      +\"<span class=sf-dump-public title=\"Runtime added dynamic property\">name</span>\": \"<span class=sf-dump-str title=\"11 characters\">Garun Malam</span>\"
      +\"<span class=sf-dump-public title=\"Runtime added dynamic property\">slug</span>\": \"<span class=sf-dump-str title=\"11 characters\">garun-malam</span>\"
      +\"<span class=sf-dump-public title=\"Runtime added dynamic property\">is_active</span>\": \"<span class=sf-dump-str>1</span>\"
      +\"<span class=sf-dump-public title=\"Runtime added dynamic property\">created_at</span>\": \"<span class=sf-dump-str title=\"23 characters\">2025-10-24 01:41:04.013</span>\"
      +\"<span class=sf-dump-public title=\"Runtime added dynamic property\">updated_at</span>\": \"<span class=sf-dump-str title=\"23 characters\">2025-10-24 01:41:04.013</span>\"
    </samp>}
    <span class=sf-dump-index>25</span> => {<a class=sf-dump-ref>#4514</a><samp data-depth=3 class=sf-dump-compact>
      +\"<span class=sf-dump-public title=\"Runtime added dynamic property\">id</span>\": \"<span class=sf-dump-str title=\"2 characters\">28</span>\"
      +\"<span class=sf-dump-public title=\"Runtime added dynamic property\">name</span>\": \"<span class=sf-dump-str title=\"12 characters\">Garun Mallam</span>\"
      +\"<span class=sf-dump-public title=\"Runtime added dynamic property\">slug</span>\": \"<span class=sf-dump-str title=\"12 characters\">garun-mallam</span>\"
      +\"<span class=sf-dump-public title=\"Runtime added dynamic property\">is_active</span>\": \"<span class=sf-dump-str>1</span>\"
      +\"<span class=sf-dump-public title=\"Runtime added dynamic property\">created_at</span>\": \"<span class=sf-dump-str title=\"23 characters\">2025-10-24 01:41:04.013</span>\"
      +\"<span class=sf-dump-public title=\"Runtime added dynamic property\">updated_at</span>\": \"<span class=sf-dump-str title=\"23 characters\">2025-10-30 00:52:32.323</span>\"
    </samp>}
    <span class=sf-dump-index>26</span> => {<a class=sf-dump-ref>#4515</a><samp data-depth=3 class=sf-dump-compact>
      +\"<span class=sf-dump-public title=\"Runtime added dynamic property\">id</span>\": \"<span class=sf-dump-str title=\"2 characters\">29</span>\"
      +\"<span class=sf-dump-public title=\"Runtime added dynamic property\">name</span>\": \"<span class=sf-dump-str title=\"4 characters\">Gaya</span>\"
      +\"<span class=sf-dump-public title=\"Runtime added dynamic property\">slug</span>\": \"<span class=sf-dump-str title=\"4 characters\">gaya</span>\"
      +\"<span class=sf-dump-public title=\"Runtime added dynamic property\">is_active</span>\": \"<span class=sf-dump-str>1</span>\"
      +\"<span class=sf-dump-public title=\"Runtime added dynamic property\">created_at</span>\": \"<span class=sf-dump-str title=\"23 characters\">2025-10-24 01:41:04.013</span>\"
      +\"<span class=sf-dump-public title=\"Runtime added dynamic property\">updated_at</span>\": \"<span class=sf-dump-str title=\"23 characters\">2025-10-30 00:52:32.323</span>\"
    </samp>}
    <span class=sf-dump-index>27</span> => {<a class=sf-dump-ref>#4516</a><samp data-depth=3 class=sf-dump-compact>
      +\"<span class=sf-dump-public title=\"Runtime added dynamic property\">id</span>\": \"<span class=sf-dump-str title=\"2 characters\">30</span>\"
      +\"<span class=sf-dump-public title=\"Runtime added dynamic property\">name</span>\": \"<span class=sf-dump-str title=\"6 characters\">Gezawa</span>\"
      +\"<span class=sf-dump-public title=\"Runtime added dynamic property\">slug</span>\": \"<span class=sf-dump-str title=\"6 characters\">gezawa</span>\"
      +\"<span class=sf-dump-public title=\"Runtime added dynamic property\">is_active</span>\": \"<span class=sf-dump-str>1</span>\"
      +\"<span class=sf-dump-public title=\"Runtime added dynamic property\">created_at</span>\": \"<span class=sf-dump-str title=\"23 characters\">2025-10-24 01:41:04.013</span>\"
      +\"<span class=sf-dump-public title=\"Runtime added dynamic property\">updated_at</span>\": \"<span class=sf-dump-str title=\"23 characters\">2025-10-30 00:52:32.323</span>\"
    </samp>}
    <span class=sf-dump-index>28</span> => {<a class=sf-dump-ref>#4517</a><samp data-depth=3 class=sf-dump-compact>
      +\"<span class=sf-dump-public title=\"Runtime added dynamic property\">id</span>\": \"<span class=sf-dump-str title=\"2 characters\">31</span>\"
      +\"<span class=sf-dump-public title=\"Runtime added dynamic property\">name</span>\": \"<span class=sf-dump-str title=\"5 characters\">Gwala</span>\"
      +\"<span class=sf-dump-public title=\"Runtime added dynamic property\">slug</span>\": \"<span class=sf-dump-str title=\"5 characters\">gwala</span>\"
      +\"<span class=sf-dump-public title=\"Runtime added dynamic property\">is_active</span>\": \"<span class=sf-dump-str>1</span>\"
      +\"<span class=sf-dump-public title=\"Runtime added dynamic property\">created_at</span>\": \"<span class=sf-dump-str title=\"23 characters\">2025-10-24 01:41:04.013</span>\"
      +\"<span class=sf-dump-public title=\"Runtime added dynamic property\">updated_at</span>\": \"<span class=sf-dump-str title=\"23 characters\">2025-10-24 01:41:04.013</span>\"
    </samp>}
    <span class=sf-dump-index>29</span> => {<a class=sf-dump-ref>#4518</a><samp data-depth=3 class=sf-dump-compact>
      +\"<span class=sf-dump-public title=\"Runtime added dynamic property\">id</span>\": \"<span class=sf-dump-str>4</span>\"
      +\"<span class=sf-dump-public title=\"Runtime added dynamic property\">name</span>\": \"<span class=sf-dump-str title=\"5 characters\">Gwale</span>\"
      +\"<span class=sf-dump-public title=\"Runtime added dynamic property\">slug</span>\": \"<span class=sf-dump-str title=\"5 characters\">gwale</span>\"
      +\"<span class=sf-dump-public title=\"Runtime added dynamic property\">is_active</span>\": \"<span class=sf-dump-str>1</span>\"
      +\"<span class=sf-dump-public title=\"Runtime added dynamic property\">created_at</span>\": \"<span class=sf-dump-str title=\"23 characters\">2025-10-24 01:41:04.013</span>\"
      +\"<span class=sf-dump-public title=\"Runtime added dynamic property\">updated_at</span>\": \"<span class=sf-dump-str title=\"23 characters\">2025-10-30 00:52:32.323</span>\"
    </samp>}
    <span class=sf-dump-index>30</span> => {<a class=sf-dump-ref>#4519</a><samp data-depth=3 class=sf-dump-compact>
      +\"<span class=sf-dump-public title=\"Runtime added dynamic property\">id</span>\": \"<span class=sf-dump-str title=\"2 characters\">32</span>\"
      +\"<span class=sf-dump-public title=\"Runtime added dynamic property\">name</span>\": \"<span class=sf-dump-str title=\"14 characters\">Gwale District</span>\"
      +\"<span class=sf-dump-public title=\"Runtime added dynamic property\">slug</span>\": \"<span class=sf-dump-str title=\"14 characters\">gwale-district</span>\"
      +\"<span class=sf-dump-public title=\"Runtime added dynamic property\">is_active</span>\": \"<span class=sf-dump-str>1</span>\"
      +\"<span class=sf-dump-public title=\"Runtime added dynamic property\">created_at</span>\": \"<span class=sf-dump-str title=\"23 characters\">2025-10-24 01:41:04.013</span>\"
      +\"<span class=sf-dump-public title=\"Runtime added dynamic property\">updated_at</span>\": \"<span class=sf-dump-str title=\"23 characters\">2025-10-24 01:41:04.013</span>\"
    </samp>}
    <span class=sf-dump-index>31</span> => {<a class=sf-dump-ref>#4520</a><samp data-depth=3 class=sf-dump-compact>
      +\"<span class=sf-dump-public title=\"Runtime added dynamic property\">id</span>\": \"<span class=sf-dump-str title=\"2 characters\">33</span>\"
      +\"<span class=sf-dump-public title=\"Runtime added dynamic property\">name</span>\": \"<span class=sf-dump-str title=\"7 characters\">Gwamaja</span>\"
      +\"<span class=sf-dump-public title=\"Runtime added dynamic property\">slug</span>\": \"<span class=sf-dump-str title=\"7 characters\">gwamaja</span>\"
      +\"<span class=sf-dump-public title=\"Runtime added dynamic property\">is_active</span>\": \"<span class=sf-dump-str>1</span>\"
      +\"<span class=sf-dump-public title=\"Runtime added dynamic property\">created_at</span>\": \"<span class=sf-dump-str title=\"23 characters\">2025-10-24 01:41:04.013</span>\"
      +\"<span class=sf-dump-public title=\"Runtime added dynamic property\">updated_at</span>\": \"<span class=sf-dump-str title=\"23 characters\">2025-10-30 00:52:32.323</span>\"
    </samp>}
    <span class=sf-dump-index>32</span> => {<a class=sf-dump-ref>#4521</a><samp data-depth=3 class=sf-dump-compact>
      +\"<span class=sf-dump-public title=\"Runtime added dynamic property\">id</span>\": \"<span class=sf-dump-str title=\"2 characters\">34</span>\"
      +\"<span class=sf-dump-public title=\"Runtime added dynamic property\">name</span>\": \"<span class=sf-dump-str title=\"6 characters\">Gwarzo</span>\"
      +\"<span class=sf-dump-public title=\"Runtime added dynamic property\">slug</span>\": \"<span class=sf-dump-str title=\"6 characters\">gwarzo</span>\"
      +\"<span class=sf-dump-public title=\"Runtime added dynamic property\">is_active</span>\": \"<span class=sf-dump-str>1</span>\"
      +\"<span class=sf-dump-public title=\"Runtime added dynamic property\">created_at</span>\": \"<span class=sf-dump-str title=\"23 characters\">2025-10-24 01:41:04.013</span>\"
      +\"<span class=sf-dump-public title=\"Runtime added dynamic property\">updated_at</span>\": \"<span class=sf-dump-str title=\"23 characters\">2025-10-30 00:52:32.323</span>\"
    </samp>}
    <span class=sf-dump-index>33</span> => {<a class=sf-dump-ref>#4522</a><samp data-depth=3 class=sf-dump-compact>
      +\"<span class=sf-dump-public title=\"Runtime added dynamic property\">id</span>\": \"<span class=sf-dump-str title=\"2 characters\">35</span>\"
      +\"<span class=sf-dump-public title=\"Runtime added dynamic property\">name</span>\": \"<span class=sf-dump-str title=\"7 characters\">Hausawa</span>\"
      +\"<span class=sf-dump-public title=\"Runtime added dynamic property\">slug</span>\": \"<span class=sf-dump-str title=\"7 characters\">hausawa</span>\"
      +\"<span class=sf-dump-public title=\"Runtime added dynamic property\">is_active</span>\": \"<span class=sf-dump-str>1</span>\"
      +\"<span class=sf-dump-public title=\"Runtime added dynamic property\">created_at</span>\": \"<span class=sf-dump-str title=\"23 characters\">2025-10-24 01:41:04.013</span>\"
      +\"<span class=sf-dump-public title=\"Runtime added dynamic property\">updated_at</span>\": \"<span class=sf-dump-str title=\"23 characters\">2025-10-30 00:52:32.323</span>\"
    </samp>}
    <span class=sf-dump-index>34</span> => {<a class=sf-dump-ref>#4523</a><samp data-depth=3 class=sf-dump-compact>
      +\"<span class=sf-dump-public title=\"Runtime added dynamic property\">id</span>\": \"<span class=sf-dump-str title=\"2 characters\">36</span>\"
      +\"<span class=sf-dump-public title=\"Runtime added dynamic property\">name</span>\": \"<span class=sf-dump-str title=\"7 characters\">Inubawa</span>\"
      +\"<span class=sf-dump-public title=\"Runtime added dynamic property\">slug</span>\": \"<span class=sf-dump-str title=\"7 characters\">inubawa</span>\"
      +\"<span class=sf-dump-public title=\"Runtime added dynamic property\">is_active</span>\": \"<span class=sf-dump-str>1</span>\"
      +\"<span class=sf-dump-public title=\"Runtime added dynamic property\">created_at</span>\": \"<span class=sf-dump-str title=\"23 characters\">2025-10-24 01:41:04.013</span>\"
      +\"<span class=sf-dump-public title=\"Runtime added dynamic property\">updated_at</span>\": \"<span class=sf-dump-str title=\"23 characters\">2025-10-30 00:52:32.323</span>\"
    </samp>}
    <span class=sf-dump-index>35</span> => {<a class=sf-dump-ref>#4524</a><samp data-depth=3 class=sf-dump-compact>
      +\"<span class=sf-dump-public title=\"Runtime added dynamic property\">id</span>\": \"<span class=sf-dump-str title=\"2 characters\">37</span>\"
      +\"<span class=sf-dump-public title=\"Runtime added dynamic property\">name</span>\": \"<span class=sf-dump-str title=\"4 characters\">Kabo</span>\"
      +\"<span class=sf-dump-public title=\"Runtime added dynamic property\">slug</span>\": \"<span class=sf-dump-str title=\"4 characters\">kabo</span>\"
      +\"<span class=sf-dump-public title=\"Runtime added dynamic property\">is_active</span>\": \"<span class=sf-dump-str>1</span>\"
      +\"<span class=sf-dump-public title=\"Runtime added dynamic property\">created_at</span>\": \"<span class=sf-dump-str title=\"23 characters\">2025-10-24 01:41:04.013</span>\"
      +\"<span class=sf-dump-public title=\"Runtime added dynamic property\">updated_at</span>\": \"<span class=sf-dump-str title=\"23 characters\">2025-10-30 00:52:32.323</span>\"
    </samp>}
    <span class=sf-dump-index>36</span> => {<a class=sf-dump-ref>#4525</a><samp data-depth=3 class=sf-dump-compact>
      +\"<span class=sf-dump-public title=\"Runtime added dynamic property\">id</span>\": \"<span class=sf-dump-str title=\"2 characters\">38</span>\"
      +\"<span class=sf-dump-public title=\"Runtime added dynamic property\">name</span>\": \"<span class=sf-dump-str title=\"9 characters\">Kano City</span>\"
      +\"<span class=sf-dump-public title=\"Runtime added dynamic property\">slug</span>\": \"<span class=sf-dump-str title=\"9 characters\">kano-city</span>\"
      +\"<span class=sf-dump-public title=\"Runtime added dynamic property\">is_active</span>\": \"<span class=sf-dump-str>1</span>\"
      +\"<span class=sf-dump-public title=\"Runtime added dynamic property\">created_at</span>\": \"<span class=sf-dump-str title=\"23 characters\">2025-10-24 01:41:04.013</span>\"
      +\"<span class=sf-dump-public title=\"Runtime added dynamic property\">updated_at</span>\": \"<span class=sf-dump-str title=\"23 characters\">2025-10-30 00:52:32.323</span>\"
    </samp>}
    <span class=sf-dump-index>37</span> => {<a class=sf-dump-ref>#4526</a><samp data-depth=3 class=sf-dump-compact>
      +\"<span class=sf-dump-public title=\"Runtime added dynamic property\">id</span>\": \"<span class=sf-dump-str title=\"2 characters\">39</span>\"
      +\"<span class=sf-dump-public title=\"Runtime added dynamic property\">name</span>\": \"<span class=sf-dump-str title=\"14 characters\">Kano Municipal</span>\"
      +\"<span class=sf-dump-public title=\"Runtime added dynamic property\">slug</span>\": \"<span class=sf-dump-str title=\"14 characters\">kano-municipal</span>\"
      +\"<span class=sf-dump-public title=\"Runtime added dynamic property\">is_active</span>\": \"<span class=sf-dump-str>1</span>\"
      +\"<span class=sf-dump-public title=\"Runtime added dynamic property\">created_at</span>\": \"<span class=sf-dump-str title=\"23 characters\">2025-10-24 01:41:04.013</span>\"
      +\"<span class=sf-dump-public title=\"Runtime added dynamic property\">updated_at</span>\": \"<span class=sf-dump-str title=\"23 characters\">2025-10-30 00:52:32.323</span>\"
    </samp>}
    <span class=sf-dump-index>38</span> => {<a class=sf-dump-ref>#4527</a><samp data-depth=3 class=sf-dump-compact>
      +\"<span class=sf-dump-public title=\"Runtime added dynamic property\">id</span>\": \"<span class=sf-dump-str title=\"2 characters\">40</span>\"
      +\"<span class=sf-dump-public title=\"Runtime added dynamic property\">name</span>\": \"<span class=sf-dump-str title=\"19 characters\">Kano Municipal City</span>\"
      +\"<span class=sf-dump-public title=\"Runtime added dynamic property\">slug</span>\": \"<span class=sf-dump-str title=\"19 characters\">kano-municipal-city</span>\"
      +\"<span class=sf-dump-public title=\"Runtime added dynamic property\">is_active</span>\": \"<span class=sf-dump-str>1</span>\"
      +\"<span class=sf-dump-public title=\"Runtime added dynamic property\">created_at</span>\": \"<span class=sf-dump-str title=\"23 characters\">2025-10-24 01:41:04.013</span>\"
      +\"<span class=sf-dump-public title=\"Runtime added dynamic property\">updated_at</span>\": \"<span class=sf-dump-str title=\"23 characters\">2025-10-24 01:41:04.013</span>\"
    </samp>}
    <span class=sf-dump-index>39</span> => {<a class=sf-dump-ref>#4528</a><samp data-depth=3 class=sf-dump-compact>
      +\"<span class=sf-dump-public title=\"Runtime added dynamic property\">id</span>\": \"<span class=sf-dump-str title=\"2 characters\">41</span>\"
      +\"<span class=sf-dump-public title=\"Runtime added dynamic property\">name</span>\": \"<span class=sf-dump-str title=\"10 characters\">Kano State</span>\"
      +\"<span class=sf-dump-public title=\"Runtime added dynamic property\">slug</span>\": \"<span class=sf-dump-str title=\"10 characters\">kano-state</span>\"
      +\"<span class=sf-dump-public title=\"Runtime added dynamic property\">is_active</span>\": \"<span class=sf-dump-str>1</span>\"
      +\"<span class=sf-dump-public title=\"Runtime added dynamic property\">created_at</span>\": \"<span class=sf-dump-str title=\"23 characters\">2025-10-24 01:41:04.013</span>\"
      +\"<span class=sf-dump-public title=\"Runtime added dynamic property\">updated_at</span>\": \"<span class=sf-dump-str title=\"23 characters\">2025-10-24 01:41:04.013</span>\"
    </samp>}
    <span class=sf-dump-index>40</span> => {<a class=sf-dump-ref>#4529</a><samp data-depth=3 class=sf-dump-compact>
      +\"<span class=sf-dump-public title=\"Runtime added dynamic property\">id</span>\": \"<span class=sf-dump-str title=\"2 characters\">42</span>\"
      +\"<span class=sf-dump-public title=\"Runtime added dynamic property\">name</span>\": \"<span class=sf-dump-str title=\"9 characters\">Kano-City</span>\"
      +\"<span class=sf-dump-public title=\"Runtime added dynamic property\">slug</span>\": \"<span class=sf-dump-str title=\"9 characters\">kano-city</span>\"
      +\"<span class=sf-dump-public title=\"Runtime added dynamic property\">is_active</span>\": \"<span class=sf-dump-str>1</span>\"
      +\"<span class=sf-dump-public title=\"Runtime added dynamic property\">created_at</span>\": \"<span class=sf-dump-str title=\"23 characters\">2025-10-24 01:41:04.013</span>\"
      +\"<span class=sf-dump-public title=\"Runtime added dynamic property\">updated_at</span>\": \"<span class=sf-dump-str title=\"23 characters\">2025-10-24 01:41:04.013</span>\"
    </samp>}
    <span class=sf-dump-index>41</span> => {<a class=sf-dump-ref>#4530</a><samp data-depth=3 class=sf-dump-compact>
      +\"<span class=sf-dump-public title=\"Runtime added dynamic property\">id</span>\": \"<span class=sf-dump-str title=\"2 characters\">43</span>\"
      +\"<span class=sf-dump-public title=\"Runtime added dynamic property\">name</span>\": \"<span class=sf-dump-str title=\"6 characters\">Karaye</span>\"
      +\"<span class=sf-dump-public title=\"Runtime added dynamic property\">slug</span>\": \"<span class=sf-dump-str title=\"6 characters\">karaye</span>\"
      +\"<span class=sf-dump-public title=\"Runtime added dynamic property\">is_active</span>\": \"<span class=sf-dump-str>1</span>\"
      +\"<span class=sf-dump-public title=\"Runtime added dynamic property\">created_at</span>\": \"<span class=sf-dump-str title=\"23 characters\">2025-10-24 01:41:04.013</span>\"
      +\"<span class=sf-dump-public title=\"Runtime added dynamic property\">updated_at</span>\": \"<span class=sf-dump-str title=\"23 characters\">2025-10-30 00:52:32.323</span>\"
    </samp>}
    <span class=sf-dump-index>42</span> => {<a class=sf-dump-ref>#4531</a><samp data-depth=3 class=sf-dump-compact>
      +\"<span class=sf-dump-public title=\"Runtime added dynamic property\">id</span>\": \"<span class=sf-dump-str title=\"2 characters\">44</span>\"
      +\"<span class=sf-dump-public title=\"Runtime added dynamic property\">name</span>\": \"<span class=sf-dump-str title=\"6 characters\">Kibiya</span>\"
      +\"<span class=sf-dump-public title=\"Runtime added dynamic property\">slug</span>\": \"<span class=sf-dump-str title=\"6 characters\">kibiya</span>\"
      +\"<span class=sf-dump-public title=\"Runtime added dynamic property\">is_active</span>\": \"<span class=sf-dump-str>1</span>\"
      +\"<span class=sf-dump-public title=\"Runtime added dynamic property\">created_at</span>\": \"<span class=sf-dump-str title=\"23 characters\">2025-10-24 01:41:04.013</span>\"
      +\"<span class=sf-dump-public title=\"Runtime added dynamic property\">updated_at</span>\": \"<span class=sf-dump-str title=\"23 characters\">2025-10-30 00:52:32.323</span>\"
    </samp>}
    <span class=sf-dump-index>43</span> => {<a class=sf-dump-ref>#4532</a><samp data-depth=3 class=sf-dump-compact>
      +\"<span class=sf-dump-public title=\"Runtime added dynamic property\">id</span>\": \"<span class=sf-dump-str title=\"2 characters\">45</span>\"
      +\"<span class=sf-dump-public title=\"Runtime added dynamic property\">name</span>\": \"<span class=sf-dump-str title=\"8 characters\">Kimbotso</span>\"
      +\"<span class=sf-dump-public title=\"Runtime added dynamic property\">slug</span>\": \"<span class=sf-dump-str title=\"8 characters\">kimbotso</span>\"
      +\"<span class=sf-dump-public title=\"Runtime added dynamic property\">is_active</span>\": \"<span class=sf-dump-str>1</span>\"
      +\"<span class=sf-dump-public title=\"Runtime added dynamic property\">created_at</span>\": \"<span class=sf-dump-str title=\"23 characters\">2025-10-24 01:41:04.013</span>\"
      +\"<span class=sf-dump-public title=\"Runtime added dynamic property\">updated_at</span>\": \"<span class=sf-dump-str title=\"23 characters\">2025-10-24 01:41:04.013</span>\"
    </samp>}
    <span class=sf-dump-index>44</span> => {<a class=sf-dump-ref>#4533</a><samp data-depth=3 class=sf-dump-compact>
      +\"<span class=sf-dump-public title=\"Runtime added dynamic property\">id</span>\": \"<span class=sf-dump-str title=\"2 characters\">46</span>\"
      +\"<span class=sf-dump-public title=\"Runtime added dynamic property\">name</span>\": \"<span class=sf-dump-str title=\"4 characters\">Kiru</span>\"
      +\"<span class=sf-dump-public title=\"Runtime added dynamic property\">slug</span>\": \"<span class=sf-dump-str title=\"4 characters\">kiru</span>\"
      +\"<span class=sf-dump-public title=\"Runtime added dynamic property\">is_active</span>\": \"<span class=sf-dump-str>1</span>\"
      +\"<span class=sf-dump-public title=\"Runtime added dynamic property\">created_at</span>\": \"<span class=sf-dump-str title=\"23 characters\">2025-10-24 01:41:04.013</span>\"
      +\"<span class=sf-dump-public title=\"Runtime added dynamic property\">updated_at</span>\": \"<span class=sf-dump-str title=\"23 characters\">2025-10-30 00:52:32.323</span>\"
    </samp>}
    <span class=sf-dump-index>45</span> => {<a class=sf-dump-ref>#4534</a><samp data-depth=3 class=sf-dump-compact>
      +\"<span class=sf-dump-public title=\"Runtime added dynamic property\">id</span>\": \"<span class=sf-dump-str title=\"2 characters\">47</span>\"
      +\"<span class=sf-dump-public title=\"Runtime added dynamic property\">name</span>\": \"<span class=sf-dump-str title=\"14 characters\">Kofar Dawannau</span>\"
      +\"<span class=sf-dump-public title=\"Runtime added dynamic property\">slug</span>\": \"<span class=sf-dump-str title=\"14 characters\">kofar-dawannau</span>\"
      +\"<span class=sf-dump-public title=\"Runtime added dynamic property\">is_active</span>\": \"<span class=sf-dump-str>1</span>\"
      +\"<span class=sf-dump-public title=\"Runtime added dynamic property\">created_at</span>\": \"<span class=sf-dump-str title=\"23 characters\">2025-10-24 01:41:04.013</span>\"
      +\"<span class=sf-dump-public title=\"Runtime added dynamic property\">updated_at</span>\": \"<span class=sf-dump-str title=\"23 characters\">2025-10-24 01:41:04.013</span>\"
    </samp>}
    <span class=sf-dump-index>46</span> => {<a class=sf-dump-ref>#4535</a><samp data-depth=3 class=sf-dump-compact>
      +\"<span class=sf-dump-public title=\"Runtime added dynamic property\">id</span>\": \"<span class=sf-dump-str>5</span>\"
      +\"<span class=sf-dump-public title=\"Runtime added dynamic property\">name</span>\": \"<span class=sf-dump-str title=\"8 characters\">Kumbotso</span>\"
      +\"<span class=sf-dump-public title=\"Runtime added dynamic property\">slug</span>\": \"<span class=sf-dump-str title=\"8 characters\">kumbotso</span>\"
      +\"<span class=sf-dump-public title=\"Runtime added dynamic property\">is_active</span>\": \"<span class=sf-dump-str>1</span>\"
      +\"<span class=sf-dump-public title=\"Runtime added dynamic property\">created_at</span>\": \"<span class=sf-dump-str title=\"23 characters\">2025-10-24 01:41:04.013</span>\"
      +\"<span class=sf-dump-public title=\"Runtime added dynamic property\">updated_at</span>\": \"<span class=sf-dump-str title=\"23 characters\">2025-10-30 00:52:32.323</span>\"
    </samp>}
    <span class=sf-dump-index>47</span> => {<a class=sf-dump-ref>#4536</a><samp data-depth=3 class=sf-dump-compact>
      +\"<span class=sf-dump-public title=\"Runtime added dynamic property\">id</span>\": \"<span class=sf-dump-str title=\"2 characters\">48</span>\"
      +\"<span class=sf-dump-public title=\"Runtime added dynamic property\">name</span>\": \"<span class=sf-dump-str title=\"16 characters\">Kumbotso Village</span>\"
      +\"<span class=sf-dump-public title=\"Runtime added dynamic property\">slug</span>\": \"<span class=sf-dump-str title=\"16 characters\">kumbotso-village</span>\"
      +\"<span class=sf-dump-public title=\"Runtime added dynamic property\">is_active</span>\": \"<span class=sf-dump-str>1</span>\"
      +\"<span class=sf-dump-public title=\"Runtime added dynamic property\">created_at</span>\": \"<span class=sf-dump-str title=\"23 characters\">2025-10-24 01:41:04.013</span>\"
      +\"<span class=sf-dump-public title=\"Runtime added dynamic property\">updated_at</span>\": \"<span class=sf-dump-str title=\"23 characters\">2025-10-24 01:41:04.013</span>\"
    </samp>}
    <span class=sf-dump-index>48</span> => {<a class=sf-dump-ref>#4537</a><samp data-depth=3 class=sf-dump-compact>
      +\"<span class=sf-dump-public title=\"Runtime added dynamic property\">id</span>\": \"<span class=sf-dump-str title=\"2 characters\">49</span>\"
      +\"<span class=sf-dump-public title=\"Runtime added dynamic property\">name</span>\": \"<span class=sf-dump-str title=\"9 characters\">Kumbotsoi</span>\"
      +\"<span class=sf-dump-public title=\"Runtime added dynamic property\">slug</span>\": \"<span class=sf-dump-str title=\"9 characters\">kumbotsoi</span>\"
      +\"<span class=sf-dump-public title=\"Runtime added dynamic property\">is_active</span>\": \"<span class=sf-dump-str>1</span>\"
      +\"<span class=sf-dump-public title=\"Runtime added dynamic property\">created_at</span>\": \"<span class=sf-dump-str title=\"23 characters\">2025-10-24 01:41:04.013</span>\"
      +\"<span class=sf-dump-public title=\"Runtime added dynamic property\">updated_at</span>\": \"<span class=sf-dump-str title=\"23 characters\">2025-10-24 01:41:04.013</span>\"
    </samp>}
    <span class=sf-dump-index>49</span> => {<a class=sf-dump-ref>#4538</a><samp data-depth=3 class=sf-dump-compact>
      +\"<span class=sf-dump-public title=\"Runtime added dynamic property\">id</span>\": \"<span class=sf-dump-str title=\"2 characters\">50</span>\"
      +\"<span class=sf-dump-public title=\"Runtime added dynamic property\">name</span>\": \"<span class=sf-dump-str title=\"6 characters\">Kunchi</span>\"
      +\"<span class=sf-dump-public title=\"Runtime added dynamic property\">slug</span>\": \"<span class=sf-dump-str title=\"6 characters\">kunchi</span>\"
      +\"<span class=sf-dump-public title=\"Runtime added dynamic property\">is_active</span>\": \"<span class=sf-dump-str>1</span>\"
      +\"<span class=sf-dump-public title=\"Runtime added dynamic property\">created_at</span>\": \"<span class=sf-dump-str title=\"23 characters\">2025-10-24 01:41:04.013</span>\"
      +\"<span class=sf-dump-public title=\"Runtime added dynamic property\">updated_at</span>\": \"<span class=sf-dump-str title=\"23 characters\">2025-10-30 00:52:32.323</span>\"
    </samp>}
    <span class=sf-dump-index>50</span> => {<a class=sf-dump-ref>#4539</a><samp data-depth=3 class=sf-dump-compact>
      +\"<span class=sf-dump-public title=\"Runtime added dynamic property\">id</span>\": \"<span class=sf-dump-str title=\"2 characters\">51</span>\"
      +\"<span class=sf-dump-public title=\"Runtime added dynamic property\">name</span>\": \"<span class=sf-dump-str title=\"4 characters\">Kura</span>\"
      +\"<span class=sf-dump-public title=\"Runtime added dynamic property\">slug</span>\": \"<span class=sf-dump-str title=\"4 characters\">kura</span>\"
      +\"<span class=sf-dump-public title=\"Runtime added dynamic property\">is_active</span>\": \"<span class=sf-dump-str>1</span>\"
      +\"<span class=sf-dump-public title=\"Runtime added dynamic property\">created_at</span>\": \"<span class=sf-dump-str title=\"23 characters\">2025-10-24 01:41:04.013</span>\"
      +\"<span class=sf-dump-public title=\"Runtime added dynamic property\">updated_at</span>\": \"<span class=sf-dump-str title=\"23 characters\">2025-10-30 00:52:32.323</span>\"
    </samp>}
    <span class=sf-dump-index>51</span> => {<a class=sf-dump-ref>#4540</a><samp data-depth=3 class=sf-dump-compact>
      +\"<span class=sf-dump-public title=\"Runtime added dynamic property\">id</span>\": \"<span class=sf-dump-str title=\"2 characters\">52</span>\"
      +\"<span class=sf-dump-public title=\"Runtime added dynamic property\">name</span>\": \"<span class=sf-dump-str title=\"6 characters\">Madobi</span>\"
      +\"<span class=sf-dump-public title=\"Runtime added dynamic property\">slug</span>\": \"<span class=sf-dump-str title=\"6 characters\">madobi</span>\"
      +\"<span class=sf-dump-public title=\"Runtime added dynamic property\">is_active</span>\": \"<span class=sf-dump-str>1</span>\"
      +\"<span class=sf-dump-public title=\"Runtime added dynamic property\">created_at</span>\": \"<span class=sf-dump-str title=\"23 characters\">2025-10-24 01:41:04.013</span>\"
      +\"<span class=sf-dump-public title=\"Runtime added dynamic property\">updated_at</span>\": \"<span class=sf-dump-str title=\"23 characters\">2025-10-30 00:52:32.323</span>\"
    </samp>}
    <span class=sf-dump-index>52</span> => {<a class=sf-dump-ref>#4541</a><samp data-depth=3 class=sf-dump-compact>
      +\"<span class=sf-dump-public title=\"Runtime added dynamic property\">id</span>\": \"<span class=sf-dump-str title=\"2 characters\">53</span>\"
      +\"<span class=sf-dump-public title=\"Runtime added dynamic property\">name</span>\": \"<span class=sf-dump-str title=\"6 characters\">Makoda</span>\"
      +\"<span class=sf-dump-public title=\"Runtime added dynamic property\">slug</span>\": \"<span class=sf-dump-str title=\"6 characters\">makoda</span>\"
      +\"<span class=sf-dump-public title=\"Runtime added dynamic property\">is_active</span>\": \"<span class=sf-dump-str>1</span>\"
      +\"<span class=sf-dump-public title=\"Runtime added dynamic property\">created_at</span>\": \"<span class=sf-dump-str title=\"23 characters\">2025-10-24 01:41:04.013</span>\"
      +\"<span class=sf-dump-public title=\"Runtime added dynamic property\">updated_at</span>\": \"<span class=sf-dump-str title=\"23 characters\">2025-10-30 00:52:32.323</span>\"
    </samp>}
    <span class=sf-dump-index>53</span> => {<a class=sf-dump-ref>#4542</a><samp data-depth=3 class=sf-dump-compact>
      +\"<span class=sf-dump-public title=\"Runtime added dynamic property\">id</span>\": \"<span class=sf-dump-str title=\"2 characters\">54</span>\"
      +\"<span class=sf-dump-public title=\"Runtime added dynamic property\">name</span>\": \"<span class=sf-dump-str title=\"8 characters\">Minjibir</span>\"
      +\"<span class=sf-dump-public title=\"Runtime added dynamic property\">slug</span>\": \"<span class=sf-dump-str title=\"8 characters\">minjibir</span>\"
      +\"<span class=sf-dump-public title=\"Runtime added dynamic property\">is_active</span>\": \"<span class=sf-dump-str>1</span>\"
      +\"<span class=sf-dump-public title=\"Runtime added dynamic property\">created_at</span>\": \"<span class=sf-dump-str title=\"23 characters\">2025-10-24 01:41:04.013</span>\"
      +\"<span class=sf-dump-public title=\"Runtime added dynamic property\">updated_at</span>\": \"<span class=sf-dump-str title=\"23 characters\">2025-10-30 00:52:32.323</span>\"
    </samp>}
    <span class=sf-dump-index>54</span> => {<a class=sf-dump-ref>#4543</a><samp data-depth=3 class=sf-dump-compact>
      +\"<span class=sf-dump-public title=\"Runtime added dynamic property\">id</span>\": \"<span class=sf-dump-str title=\"2 characters\">55</span>\"
      +\"<span class=sf-dump-public title=\"Runtime added dynamic property\">name</span>\": \"<span class=sf-dump-str title=\"9 characters\">Municipal</span>\"
      +\"<span class=sf-dump-public title=\"Runtime added dynamic property\">slug</span>\": \"<span class=sf-dump-str title=\"9 characters\">municipal</span>\"
      +\"<span class=sf-dump-public title=\"Runtime added dynamic property\">is_active</span>\": \"<span class=sf-dump-str>1</span>\"
      +\"<span class=sf-dump-public title=\"Runtime added dynamic property\">created_at</span>\": \"<span class=sf-dump-str title=\"23 characters\">2025-10-24 01:41:04.013</span>\"
      +\"<span class=sf-dump-public title=\"Runtime added dynamic property\">updated_at</span>\": \"<span class=sf-dump-str title=\"23 characters\">2025-10-30 00:52:32.323</span>\"
    </samp>}
    <span class=sf-dump-index>55</span> => {<a class=sf-dump-ref>#4544</a><samp data-depth=3 class=sf-dump-compact>
      +\"<span class=sf-dump-public title=\"Runtime added dynamic property\">id</span>\": \"<span class=sf-dump-str title=\"2 characters\">56</span>\"
      +\"<span class=sf-dump-public title=\"Runtime added dynamic property\">name</span>\": \"<span class=sf-dump-str title=\"26 characters\">Municipal Local Government</span>\"
      +\"<span class=sf-dump-public title=\"Runtime added dynamic property\">slug</span>\": \"<span class=sf-dump-str title=\"26 characters\">municipal-local-government</span>\"
      +\"<span class=sf-dump-public title=\"Runtime added dynamic property\">is_active</span>\": \"<span class=sf-dump-str>1</span>\"
      +\"<span class=sf-dump-public title=\"Runtime added dynamic property\">created_at</span>\": \"<span class=sf-dump-str title=\"23 characters\">2025-10-24 01:41:04.013</span>\"
      +\"<span class=sf-dump-public title=\"Runtime added dynamic property\">updated_at</span>\": \"<span class=sf-dump-str title=\"23 characters\">2025-10-24 01:41:04.013</span>\"
    </samp>}
    <span class=sf-dump-index>56</span> => {<a class=sf-dump-ref>#4545</a><samp data-depth=3 class=sf-dump-compact>
      +\"<span class=sf-dump-public title=\"Runtime added dynamic property\">id</span>\": \"<span class=sf-dump-str title=\"2 characters\">57</span>\"
      +\"<span class=sf-dump-public title=\"Runtime added dynamic property\">name</span>\": \"<span class=sf-dump-str title=\"10 characters\">Munnicipal</span>\"
      +\"<span class=sf-dump-public title=\"Runtime added dynamic property\">slug</span>\": \"<span class=sf-dump-str title=\"10 characters\">munnicipal</span>\"
      +\"<span class=sf-dump-public title=\"Runtime added dynamic property\">is_active</span>\": \"<span class=sf-dump-str>1</span>\"
      +\"<span class=sf-dump-public title=\"Runtime added dynamic property\">created_at</span>\": \"<span class=sf-dump-str title=\"23 characters\">2025-10-24 01:41:04.013</span>\"
      +\"<span class=sf-dump-public title=\"Runtime added dynamic property\">updated_at</span>\": \"<span class=sf-dump-str title=\"23 characters\">2025-10-24 01:41:04.013</span>\"
    </samp>}
    <span class=sf-dump-index>57</span> => {<a class=sf-dump-ref>#4546</a><samp data-depth=3 class=sf-dump-compact>
      +\"<span class=sf-dump-public title=\"Runtime added dynamic property\">id</span>\": \"<span class=sf-dump-str title=\"2 characters\">58</span>\"
      +\"<span class=sf-dump-public title=\"Runtime added dynamic property\">name</span>\": \"<span class=sf-dump-str title=\"8 characters\">Nasarawa</span>\"
      +\"<span class=sf-dump-public title=\"Runtime added dynamic property\">slug</span>\": \"<span class=sf-dump-str title=\"8 characters\">nasarawa</span>\"
      +\"<span class=sf-dump-public title=\"Runtime added dynamic property\">is_active</span>\": \"<span class=sf-dump-str>1</span>\"
      +\"<span class=sf-dump-public title=\"Runtime added dynamic property\">created_at</span>\": \"<span class=sf-dump-str title=\"23 characters\">2025-10-24 01:41:04.013</span>\"
      +\"<span class=sf-dump-public title=\"Runtime added dynamic property\">updated_at</span>\": \"<span class=sf-dump-str title=\"23 characters\">2025-10-30 00:52:32.323</span>\"
    </samp>}
    <span class=sf-dump-index>58</span> => {<a class=sf-dump-ref>#4547</a><samp data-depth=3 class=sf-dump-compact>
      +\"<span class=sf-dump-public title=\"Runtime added dynamic property\">id</span>\": \"<span class=sf-dump-str title=\"2 characters\">59</span>\"
      +\"<span class=sf-dump-public title=\"Runtime added dynamic property\">name</span>\": \"<span class=sf-dump-str title=\"9 characters\">Nassarawa</span>\"
      +\"<span class=sf-dump-public title=\"Runtime added dynamic property\">slug</span>\": \"<span class=sf-dump-str title=\"9 characters\">nassarawa</span>\"
      +\"<span class=sf-dump-public title=\"Runtime added dynamic property\">is_active</span>\": \"<span class=sf-dump-str>1</span>\"
      +\"<span class=sf-dump-public title=\"Runtime added dynamic property\">created_at</span>\": \"<span class=sf-dump-str title=\"23 characters\">2025-10-24 01:41:04.013</span>\"
      +\"<span class=sf-dump-public title=\"Runtime added dynamic property\">updated_at</span>\": \"<span class=sf-dump-str title=\"23 characters\">2025-10-24 01:41:04.013</span>\"
    </samp>}
    <span class=sf-dump-index>59</span> => {<a class=sf-dump-ref>#4548</a><samp data-depth=3 class=sf-dump-compact>
      +\"<span class=sf-dump-public title=\"Runtime added dynamic property\">id</span>\": \"<span class=sf-dump-str title=\"5 characters\">10079</span>\"
      +\"<span class=sf-dump-public title=\"Runtime added dynamic property\">name</span>\": \"<span class=sf-dump-str title=\"5 characters\">Other</span>\"
      +\"<span class=sf-dump-public title=\"Runtime added dynamic property\">slug</span>\": \"<span class=sf-dump-str title=\"5 characters\">Other</span>\"
      +\"<span class=sf-dump-public title=\"Runtime added dynamic property\">is_active</span>\": \"<span class=sf-dump-str>1</span>\"
      +\"<span class=sf-dump-public title=\"Runtime added dynamic property\">created_at</span>\": <span class=sf-dump-const>null</span>
      +\"<span class=sf-dump-public title=\"Runtime added dynamic property\">updated_at</span>\": <span class=sf-dump-const>null</span>
    </samp>}
    <span class=sf-dump-index>60</span> => {<a class=sf-dump-ref>#4549</a><samp data-depth=3 class=sf-dump-compact>
      +\"<span class=sf-dump-public title=\"Runtime added dynamic property\">id</span>\": \"<span class=sf-dump-str title=\"2 characters\">60</span>\"
      +\"<span class=sf-dump-public title=\"Runtime added dynamic property\">name</span>\": \"<span class=sf-dump-str title=\"4 characters\">Rano</span>\"
      +\"<span class=sf-dump-public title=\"Runtime added dynamic property\">slug</span>\": \"<span class=sf-dump-str title=\"4 characters\">rano</span>\"
      +\"<span class=sf-dump-public title=\"Runtime added dynamic property\">is_active</span>\": \"<span class=sf-dump-str>1</span>\"
      +\"<span class=sf-dump-public title=\"Runtime added dynamic property\">created_at</span>\": \"<span class=sf-dump-str title=\"23 characters\">2025-10-24 01:41:04.013</span>\"
      +\"<span class=sf-dump-public title=\"Runtime added dynamic property\">updated_at</span>\": \"<span class=sf-dump-str title=\"23 characters\">2025-10-30 00:52:32.323</span>\"
    </samp>}
    <span class=sf-dump-index>61</span> => {<a class=sf-dump-ref>#4550</a><samp data-depth=3 class=sf-dump-compact>
      +\"<span class=sf-dump-public title=\"Runtime added dynamic property\">id</span>\": \"<span class=sf-dump-str title=\"2 characters\">61</span>\"
      +\"<span class=sf-dump-public title=\"Runtime added dynamic property\">name</span>\": \"<span class=sf-dump-str title=\"10 characters\">Rimin Gado</span>\"
      +\"<span class=sf-dump-public title=\"Runtime added dynamic property\">slug</span>\": \"<span class=sf-dump-str title=\"10 characters\">rimin-gado</span>\"
      +\"<span class=sf-dump-public title=\"Runtime added dynamic property\">is_active</span>\": \"<span class=sf-dump-str>1</span>\"
      +\"<span class=sf-dump-public title=\"Runtime added dynamic property\">created_at</span>\": \"<span class=sf-dump-str title=\"23 characters\">2025-10-24 01:41:04.013</span>\"
      +\"<span class=sf-dump-public title=\"Runtime added dynamic property\">updated_at</span>\": \"<span class=sf-dump-str title=\"23 characters\">2025-10-30 00:52:32.323</span>\"
    </samp>}
    <span class=sf-dump-index>62</span> => {<a class=sf-dump-ref>#4551</a><samp data-depth=3 class=sf-dump-compact>
      +\"<span class=sf-dump-public title=\"Runtime added dynamic property\">id</span>\": \"<span class=sf-dump-str title=\"2 characters\">62</span>\"
      +\"<span class=sf-dump-public title=\"Runtime added dynamic property\">name</span>\": \"<span class=sf-dump-str title=\"12 characters\">Rimin Zakara</span>\"
      +\"<span class=sf-dump-public title=\"Runtime added dynamic property\">slug</span>\": \"<span class=sf-dump-str title=\"12 characters\">rimin-zakara</span>\"
      +\"<span class=sf-dump-public title=\"Runtime added dynamic property\">is_active</span>\": \"<span class=sf-dump-str>1</span>\"
      +\"<span class=sf-dump-public title=\"Runtime added dynamic property\">created_at</span>\": \"<span class=sf-dump-str title=\"23 characters\">2025-10-24 01:41:04.013</span>\"
      +\"<span class=sf-dump-public title=\"Runtime added dynamic property\">updated_at</span>\": \"<span class=sf-dump-str title=\"23 characters\">2025-10-30 00:52:32.323</span>\"
    </samp>}
    <span class=sf-dump-index>63</span> => {<a class=sf-dump-ref>#4552</a><samp data-depth=3 class=sf-dump-compact>
      +\"<span class=sf-dump-public title=\"Runtime added dynamic property\">id</span>\": \"<span class=sf-dump-str title=\"2 characters\">63</span>\"
      +\"<span class=sf-dump-public title=\"Runtime added dynamic property\">name</span>\": \"<span class=sf-dump-str title=\"4 characters\">Rogo</span>\"
      +\"<span class=sf-dump-public title=\"Runtime added dynamic property\">slug</span>\": \"<span class=sf-dump-str title=\"4 characters\">rogo</span>\"
      +\"<span class=sf-dump-public title=\"Runtime added dynamic property\">is_active</span>\": \"<span class=sf-dump-str>1</span>\"
      +\"<span class=sf-dump-public title=\"Runtime added dynamic property\">created_at</span>\": \"<span class=sf-dump-str title=\"23 characters\">2025-10-24 01:41:04.013</span>\"
      +\"<span class=sf-dump-public title=\"Runtime added dynamic property\">updated_at</span>\": \"<span class=sf-dump-str title=\"23 characters\">2025-10-30 00:52:32.323</span>\"
    </samp>}
    <span class=sf-dump-index>64</span> => {<a class=sf-dump-ref>#4553</a><samp data-depth=3 class=sf-dump-compact>
      +\"<span class=sf-dump-public title=\"Runtime added dynamic property\">id</span>\": \"<span class=sf-dump-str title=\"2 characters\">78</span>\"
      +\"<span class=sf-dump-public title=\"Runtime added dynamic property\">name</span>\": \"<span class=sf-dump-str title=\"7 characters\">Shanono</span>\"
      +\"<span class=sf-dump-public title=\"Runtime added dynamic property\">slug</span>\": \"<span class=sf-dump-str title=\"7 characters\">shanono</span>\"
      +\"<span class=sf-dump-public title=\"Runtime added dynamic property\">is_active</span>\": \"<span class=sf-dump-str>1</span>\"
      +\"<span class=sf-dump-public title=\"Runtime added dynamic property\">created_at</span>\": \"<span class=sf-dump-str title=\"23 characters\">2025-10-24 02:14:31.217</span>\"
      +\"<span class=sf-dump-public title=\"Runtime added dynamic property\">updated_at</span>\": \"<span class=sf-dump-str title=\"23 characters\">2025-10-30 00:52:32.323</span>\"
    </samp>}
    <span class=sf-dump-index>65</span> => {<a class=sf-dump-ref>#4554</a><samp data-depth=3 class=sf-dump-compact>
      +\"<span class=sf-dump-public title=\"Runtime added dynamic property\">id</span>\": \"<span class=sf-dump-str title=\"2 characters\">64</span>\"
      +\"<span class=sf-dump-public title=\"Runtime added dynamic property\">name</span>\": \"<span class=sf-dump-str title=\"7 characters\">Sumaila</span>\"
      +\"<span class=sf-dump-public title=\"Runtime added dynamic property\">slug</span>\": \"<span class=sf-dump-str title=\"7 characters\">sumaila</span>\"
      +\"<span class=sf-dump-public title=\"Runtime added dynamic property\">is_active</span>\": \"<span class=sf-dump-str>1</span>\"
      +\"<span class=sf-dump-public title=\"Runtime added dynamic property\">created_at</span>\": \"<span class=sf-dump-str title=\"23 characters\">2025-10-24 01:41:04.013</span>\"
      +\"<span class=sf-dump-public title=\"Runtime added dynamic property\">updated_at</span>\": \"<span class=sf-dump-str title=\"23 characters\">2025-10-30 00:52:32.323</span>\"
    </samp>}
    <span class=sf-dump-index>66</span> => {<a class=sf-dump-ref>#4555</a><samp data-depth=3 class=sf-dump-compact>
      +\"<span class=sf-dump-public title=\"Runtime added dynamic property\">id</span>\": \"<span class=sf-dump-str title=\"2 characters\">65</span>\"
      +\"<span class=sf-dump-public title=\"Runtime added dynamic property\">name</span>\": \"<span class=sf-dump-str title=\"5 characters\">Takai</span>\"
      +\"<span class=sf-dump-public title=\"Runtime added dynamic property\">slug</span>\": \"<span class=sf-dump-str title=\"5 characters\">takai</span>\"
      +\"<span class=sf-dump-public title=\"Runtime added dynamic property\">is_active</span>\": \"<span class=sf-dump-str>1</span>\"
      +\"<span class=sf-dump-public title=\"Runtime added dynamic property\">created_at</span>\": \"<span class=sf-dump-str title=\"23 characters\">2025-10-24 01:41:04.013</span>\"
      +\"<span class=sf-dump-public title=\"Runtime added dynamic property\">updated_at</span>\": \"<span class=sf-dump-str title=\"23 characters\">2025-10-30 00:52:32.323</span>\"
    </samp>}
    <span class=sf-dump-index>67</span> => {<a class=sf-dump-ref>#4556</a><samp data-depth=3 class=sf-dump-compact>
      +\"<span class=sf-dump-public title=\"Runtime added dynamic property\">id</span>\": \"<span class=sf-dump-str title=\"2 characters\">66</span>\"
      +\"<span class=sf-dump-public title=\"Runtime added dynamic property\">name</span>\": \"<span class=sf-dump-str title=\"7 characters\">Tarauni</span>\"
      +\"<span class=sf-dump-public title=\"Runtime added dynamic property\">slug</span>\": \"<span class=sf-dump-str title=\"7 characters\">tarauni</span>\"
      +\"<span class=sf-dump-public title=\"Runtime added dynamic property\">is_active</span>\": \"<span class=sf-dump-str>1</span>\"
      +\"<span class=sf-dump-public title=\"Runtime added dynamic property\">created_at</span>\": \"<span class=sf-dump-str title=\"23 characters\">2025-10-24 01:41:04.013</span>\"
      +\"<span class=sf-dump-public title=\"Runtime added dynamic property\">updated_at</span>\": \"<span class=sf-dump-str title=\"23 characters\">2025-10-30 00:52:32.323</span>\"
    </samp>}
    <span class=sf-dump-index>68</span> => {<a class=sf-dump-ref>#4557</a><samp data-depth=3 class=sf-dump-compact>
      +\"<span class=sf-dump-public title=\"Runtime added dynamic property\">id</span>\": \"<span class=sf-dump-str title=\"2 characters\">67</span>\"
      +\"<span class=sf-dump-public title=\"Runtime added dynamic property\">name</span>\": \"<span class=sf-dump-str title=\"16 characters\">Tarauni District</span>\"
      +\"<span class=sf-dump-public title=\"Runtime added dynamic property\">slug</span>\": \"<span class=sf-dump-str title=\"16 characters\">tarauni-district</span>\"
      +\"<span class=sf-dump-public title=\"Runtime added dynamic property\">is_active</span>\": \"<span class=sf-dump-str>1</span>\"
      +\"<span class=sf-dump-public title=\"Runtime added dynamic property\">created_at</span>\": \"<span class=sf-dump-str title=\"23 characters\">2025-10-24 01:41:04.013</span>\"
      +\"<span class=sf-dump-public title=\"Runtime added dynamic property\">updated_at</span>\": \"<span class=sf-dump-str title=\"23 characters\">2025-10-24 01:41:04.013</span>\"
    </samp>}
    <span class=sf-dump-index>69</span> => {<a class=sf-dump-ref>#4558</a><samp data-depth=3 class=sf-dump-compact>
      +\"<span class=sf-dump-public title=\"Runtime added dynamic property\">id</span>\": \"<span class=sf-dump-str title=\"2 characters\">68</span>\"
      +\"<span class=sf-dump-public title=\"Runtime added dynamic property\">name</span>\": \"<span class=sf-dump-str title=\"4 characters\">Tofa</span>\"
      +\"<span class=sf-dump-public title=\"Runtime added dynamic property\">slug</span>\": \"<span class=sf-dump-str title=\"4 characters\">tofa</span>\"
      +\"<span class=sf-dump-public title=\"Runtime added dynamic property\">is_active</span>\": \"<span class=sf-dump-str>1</span>\"
      +\"<span class=sf-dump-public title=\"Runtime added dynamic property\">created_at</span>\": \"<span class=sf-dump-str title=\"23 characters\">2025-10-24 01:41:04.013</span>\"
      +\"<span class=sf-dump-public title=\"Runtime added dynamic property\">updated_at</span>\": \"<span class=sf-dump-str title=\"23 characters\">2025-10-30 00:52:32.323</span>\"
    </samp>}
    <span class=sf-dump-index>70</span> => {<a class=sf-dump-ref>#4559</a><samp data-depth=3 class=sf-dump-compact>
      +\"<span class=sf-dump-public title=\"Runtime added dynamic property\">id</span>\": \"<span class=sf-dump-str title=\"2 characters\">69</span>\"
      +\"<span class=sf-dump-public title=\"Runtime added dynamic property\">name</span>\": \"<span class=sf-dump-str title=\"8 characters\">Tsantawa</span>\"
      +\"<span class=sf-dump-public title=\"Runtime added dynamic property\">slug</span>\": \"<span class=sf-dump-str title=\"8 characters\">tsantawa</span>\"
      +\"<span class=sf-dump-public title=\"Runtime added dynamic property\">is_active</span>\": \"<span class=sf-dump-str>1</span>\"
      +\"<span class=sf-dump-public title=\"Runtime added dynamic property\">created_at</span>\": \"<span class=sf-dump-str title=\"23 characters\">2025-10-24 01:41:04.013</span>\"
      +\"<span class=sf-dump-public title=\"Runtime added dynamic property\">updated_at</span>\": \"<span class=sf-dump-str title=\"23 characters\">2025-10-24 01:41:04.013</span>\"
    </samp>}
    <span class=sf-dump-index>71</span> => {<a class=sf-dump-ref>#4560</a><samp data-depth=3 class=sf-dump-compact>
      +\"<span class=sf-dump-public title=\"Runtime added dynamic property\">id</span>\": \"<span class=sf-dump-str title=\"2 characters\">70</span>\"
      +\"<span class=sf-dump-public title=\"Runtime added dynamic property\">name</span>\": \"<span class=sf-dump-str title=\"8 characters\">Tsanyawa</span>\"
      +\"<span class=sf-dump-public title=\"Runtime added dynamic property\">slug</span>\": \"<span class=sf-dump-str title=\"8 characters\">tsanyawa</span>\"
      +\"<span class=sf-dump-public title=\"Runtime added dynamic property\">is_active</span>\": \"<span class=sf-dump-str>1</span>\"
      +\"<span class=sf-dump-public title=\"Runtime added dynamic property\">created_at</span>\": \"<span class=sf-dump-str title=\"23 characters\">2025-10-24 01:41:04.013</span>\"
      +\"<span class=sf-dump-public title=\"Runtime added dynamic property\">updated_at</span>\": \"<span class=sf-dump-str title=\"23 characters\">2025-10-30 00:52:32.323</span>\"
    </samp>}
    <span class=sf-dump-index>72</span> => {<a class=sf-dump-ref>#4561</a><samp data-depth=3 class=sf-dump-compact>
      +\"<span class=sf-dump-public title=\"Runtime added dynamic property\">id</span>\": \"<span class=sf-dump-str title=\"2 characters\">71</span>\"
      +\"<span class=sf-dump-public title=\"Runtime added dynamic property\">name</span>\": \"<span class=sf-dump-str title=\"10 characters\">Tudun Wada</span>\"
      +\"<span class=sf-dump-public title=\"Runtime added dynamic property\">slug</span>\": \"<span class=sf-dump-str title=\"10 characters\">tudun-wada</span>\"
      +\"<span class=sf-dump-public title=\"Runtime added dynamic property\">is_active</span>\": \"<span class=sf-dump-str>1</span>\"
      +\"<span class=sf-dump-public title=\"Runtime added dynamic property\">created_at</span>\": \"<span class=sf-dump-str title=\"23 characters\">2025-10-24 01:41:04.013</span>\"
      +\"<span class=sf-dump-public title=\"Runtime added dynamic property\">updated_at</span>\": \"<span class=sf-dump-str title=\"23 characters\">2025-10-30 00:52:32.323</span>\"
    </samp>}
    <span class=sf-dump-index>73</span> => {<a class=sf-dump-ref>#4562</a><samp data-depth=3 class=sf-dump-compact>
      +\"<span class=sf-dump-public title=\"Runtime added dynamic property\">id</span>\": \"<span class=sf-dump-str title=\"2 characters\">72</span>\"
      +\"<span class=sf-dump-public title=\"Runtime added dynamic property\">name</span>\": \"<span class=sf-dump-str title=\"7 characters\">Ungoggo</span>\"
      +\"<span class=sf-dump-public title=\"Runtime added dynamic property\">slug</span>\": \"<span class=sf-dump-str title=\"7 characters\">ungoggo</span>\"
      +\"<span class=sf-dump-public title=\"Runtime added dynamic property\">is_active</span>\": \"<span class=sf-dump-str>1</span>\"
      +\"<span class=sf-dump-public title=\"Runtime added dynamic property\">created_at</span>\": \"<span class=sf-dump-str title=\"23 characters\">2025-10-24 01:41:04.013</span>\"
      +\"<span class=sf-dump-public title=\"Runtime added dynamic property\">updated_at</span>\": \"<span class=sf-dump-str title=\"23 characters\">2025-10-24 01:41:04.013</span>\"
    </samp>}
    <span class=sf-dump-index>74</span> => {<a class=sf-dump-ref>#4563</a><samp data-depth=3 class=sf-dump-compact>
      +\"<span class=sf-dump-public title=\"Runtime added dynamic property\">id</span>\": \"<span class=sf-dump-str title=\"2 characters\">73</span>\"
      +\"<span class=sf-dump-public title=\"Runtime added dynamic property\">name</span>\": \"<span class=sf-dump-str title=\"6 characters\">Ungogo</span>\"
      +\"<span class=sf-dump-public title=\"Runtime added dynamic property\">slug</span>\": \"<span class=sf-dump-str title=\"6 characters\">ungogo</span>\"
      +\"<span class=sf-dump-public title=\"Runtime added dynamic property\">is_active</span>\": \"<span class=sf-dump-str>1</span>\"
      +\"<span class=sf-dump-public title=\"Runtime added dynamic property\">created_at</span>\": \"<span class=sf-dump-str title=\"23 characters\">2025-10-24 01:41:04.013</span>\"
      +\"<span class=sf-dump-public title=\"Runtime added dynamic property\">updated_at</span>\": \"<span class=sf-dump-str title=\"23 characters\">2025-10-30 00:52:32.323</span>\"
    </samp>}
    <span class=sf-dump-index>75</span> => {<a class=sf-dump-ref>#4564</a><samp data-depth=3 class=sf-dump-compact>
      +\"<span class=sf-dump-public title=\"Runtime added dynamic property\">id</span>\": \"<span class=sf-dump-str title=\"2 characters\">74</span>\"
      +\"<span class=sf-dump-public title=\"Runtime added dynamic property\">name</span>\": \"<span class=sf-dump-str title=\"4 characters\">Waje</span>\"
      +\"<span class=sf-dump-public title=\"Runtime added dynamic property\">slug</span>\": \"<span class=sf-dump-str title=\"4 characters\">waje</span>\"
      +\"<span class=sf-dump-public title=\"Runtime added dynamic property\">is_active</span>\": \"<span class=sf-dump-str>1</span>\"
      +\"<span class=sf-dump-public title=\"Runtime added dynamic property\">created_at</span>\": \"<span class=sf-dump-str title=\"23 characters\">2025-10-24 01:41:04.013</span>\"
      +\"<span class=sf-dump-public title=\"Runtime added dynamic property\">updated_at</span>\": \"<span class=sf-dump-str title=\"23 characters\">2025-10-30 00:52:32.323</span>\"
    </samp>}
    <span class=sf-dump-index>76</span> => {<a class=sf-dump-ref>#4565</a><samp data-depth=3 class=sf-dump-compact>
      +\"<span class=sf-dump-public title=\"Runtime added dynamic property\">id</span>\": \"<span class=sf-dump-str title=\"2 characters\">75</span>\"
      +\"<span class=sf-dump-public title=\"Runtime added dynamic property\">name</span>\": \"<span class=sf-dump-str title=\"6 characters\">Warawa</span>\"
      +\"<span class=sf-dump-public title=\"Runtime added dynamic property\">slug</span>\": \"<span class=sf-dump-str title=\"6 characters\">warawa</span>\"
      +\"<span class=sf-dump-public title=\"Runtime added dynamic property\">is_active</span>\": \"<span class=sf-dump-str>1</span>\"
      +\"<span class=sf-dump-public title=\"Runtime added dynamic property\">created_at</span>\": \"<span class=sf-dump-str title=\"23 characters\">2025-10-24 01:41:04.013</span>\"
      +\"<span class=sf-dump-public title=\"Runtime added dynamic property\">updated_at</span>\": \"<span class=sf-dump-str title=\"23 characters\">2025-10-30 00:52:32.323</span>\"
    </samp>}
    <span class=sf-dump-index>77</span> => {<a class=sf-dump-ref>#4566</a><samp data-depth=3 class=sf-dump-compact>
      +\"<span class=sf-dump-public title=\"Runtime added dynamic property\">id</span>\": \"<span class=sf-dump-str title=\"5 characters\">10078</span>\"
      +\"<span class=sf-dump-public title=\"Runtime added dynamic property\">name</span>\": \"<span class=sf-dump-str title=\"15 characters\">Western Bypass </span>\"
      +\"<span class=sf-dump-public title=\"Runtime added dynamic property\">slug</span>\": \"<span class=sf-dump-str title=\"15 characters\">Western Bypass </span>\"
      +\"<span class=sf-dump-public title=\"Runtime added dynamic property\">is_active</span>\": \"<span class=sf-dump-str>1</span>\"
      +\"<span class=sf-dump-public title=\"Runtime added dynamic property\">created_at</span>\": <span class=sf-dump-const>null</span>
      +\"<span class=sf-dump-public title=\"Runtime added dynamic property\">updated_at</span>\": <span class=sf-dump-const>null</span>
    </samp>}
    <span class=sf-dump-index>78</span> => {<a class=sf-dump-ref>#4567</a><samp data-depth=3 class=sf-dump-compact>
      +\"<span class=sf-dump-public title=\"Runtime added dynamic property\">id</span>\": \"<span class=sf-dump-str title=\"2 characters\">76</span>\"
      +\"<span class=sf-dump-public title=\"Runtime added dynamic property\">name</span>\": \"<span class=sf-dump-str title=\"5 characters\">Wudil</span>\"
      +\"<span class=sf-dump-public title=\"Runtime added dynamic property\">slug</span>\": \"<span class=sf-dump-str title=\"5 characters\">wudil</span>\"
      +\"<span class=sf-dump-public title=\"Runtime added dynamic property\">is_active</span>\": \"<span class=sf-dump-str>1</span>\"
      +\"<span class=sf-dump-public title=\"Runtime added dynamic property\">created_at</span>\": \"<span class=sf-dump-str title=\"23 characters\">2025-10-24 01:41:04.013</span>\"
      +\"<span class=sf-dump-public title=\"Runtime added dynamic property\">updated_at</span>\": \"<span class=sf-dump-str title=\"23 characters\">2025-10-30 00:52:32.323</span>\"
    </samp>}
    <span class=sf-dump-index>79</span> => {<a class=sf-dump-ref>#4568</a><samp data-depth=3 class=sf-dump-compact>
      +\"<span class=sf-dump-public title=\"Runtime added dynamic property\">id</span>\": \"<span class=sf-dump-str title=\"2 characters\">77</span>\"
      +\"<span class=sf-dump-public title=\"Runtime added dynamic property\">name</span>\": \"<span class=sf-dump-str title=\"9 characters\">Zawachiki</span>\"
      +\"<span class=sf-dump-public title=\"Runtime added dynamic property\">slug</span>\": \"<span class=sf-dump-str title=\"9 characters\">zawachiki</span>\"
      +\"<span class=sf-dump-public title=\"Runtime added dynamic property\">is_active</span>\": \"<span class=sf-dump-str>1</span>\"
      +\"<span class=sf-dump-public title=\"Runtime added dynamic property\">created_at</span>\": \"<span class=sf-dump-str title=\"23 characters\">2025-10-24 01:41:04.013</span>\"
      +\"<span class=sf-dump-public title=\"Runtime added dynamic property\">updated_at</span>\": \"<span class=sf-dump-str title=\"23 characters\">2025-10-30 00:52:32.323</span>\"
    </samp>}
  </samp>]
  #<span class=sf-dump-protected title=\"Protected property\">escapeWhenCastingToString</span>: <span class=sf-dump-const>false</span>
</samp>}
</pre><script>Sfdump(\"sf-dump-871358772\", {\"maxDepth\":3,\"maxStringLength\":160})</script>
"}},"userId":1,"exception":"[object] (Spatie\\LaravelIgnition\\Exceptions\\ViewException(code: 0): Route [temporary-file.print-recommendation] not defined. at C:\\wamp64\\www\\klaes\\vendor\\laravel\\framework\\src\\Illuminate\\Routing\\UrlGenerator.php:467)
[stacktrace]
#0 C:\\wamp64\\www\\klaes\\vendor\\laravel\\framework\\src\\Illuminate\\Foundation\\helpers.php(826): Illuminate\\Routing\\UrlGenerator->route('temporary-file....', 2, true)
#1 C:\\wamp64\\www\\klaes\\resources\\views\\lands_one_stop_shop\\temporary_file.blade.php(101): route('temporary-file....', 2)
#2 C:\\wamp64\\www\\klaes\\vendor\\laravel\\framework\\src\\Illuminate\\Filesystem\\Filesystem.php(109): require('C:\\\\wamp64\\\\www\\\\k...')
#3 C:\\wamp64\\www\\klaes\\vendor\\laravel\\framework\\src\\Illuminate\\Filesystem\\Filesystem.php(110): Illuminate\\Filesystem\\Filesystem::Illuminate\\Filesystem\\{closure}()
#4 C:\\wamp64\\www\\klaes\\vendor\\laravel\\framework\\src\\Illuminate\\View\\Engines\\PhpEngine.php(58): Illuminate\\Filesystem\\Filesystem->getRequire('C:\\\\wamp64\\\\www\\\\k...', Array)
#5 C:\\wamp64\\www\\klaes\\vendor\\livewire\\livewire\\src\\ComponentConcerns\\RendersLivewireComponents.php(69): Illuminate\\View\\Engines\\PhpEngine->evaluatePath('C:\\\\wamp64\\\\www\\\\k...', Array)
#6 C:\\wamp64\\www\\klaes\\vendor\\laravel\\framework\\src\\Illuminate\\View\\Engines\\CompilerEngine.php(70): Livewire\\LivewireViewCompilerEngine->evaluatePath('C:\\\\wamp64\\\\www\\\\k...', Array)
#7 C:\\wamp64\\www\\klaes\\vendor\\livewire\\livewire\\src\\ComponentConcerns\\RendersLivewireComponents.php(35): Illuminate\\View\\Engines\\CompilerEngine->get('C:\\\\wamp64\\\\www\\\\k...', Array)
#8 C:\\wamp64\\www\\klaes\\vendor\\laravel\\framework\\src\\Illuminate\\View\\View.php(195): Livewire\\LivewireViewCompilerEngine->get('C:\\\\wamp64\\\\www\\\\k...', Array)
#9 C:\\wamp64\\www\\klaes\\vendor\\laravel\\framework\\src\\Illuminate\\View\\View.php(178): Illuminate\\View\\View->getContents()
#10 C:\\wamp64\\www\\klaes\\vendor\\laravel\\framework\\src\\Illuminate\\View\\View.php(147): Illuminate\\View\\View->renderContents()
#11 C:\\wamp64\\www\\klaes\\vendor\\laravel\\framework\\src\\Illuminate\\Http\\Response.php(69): Illuminate\\View\\View->render()
#12 C:\\wamp64\\www\\klaes\\vendor\\laravel\\framework\\src\\Illuminate\\Http\\Response.php(35): Illuminate\\Http\\Response->setContent(Object(Illuminate\\View\\View))
#13 C:\\wamp64\\www\\klaes\\vendor\\laravel\\framework\\src\\Illuminate\\Routing\\Router.php(906): Illuminate\\Http\\Response->__construct(Object(Illuminate\\View\\View), 200, Array)
#14 C:\\wamp64\\www\\klaes\\vendor\\laravel\\framework\\src\\Illuminate\\Routing\\Router.php(875): Illuminate\\Routing\\Router::toResponse(Object(Illuminate\\Http\\Request), Object(Illuminate\\View\\View))
#15 C:\\wamp64\\www\\klaes\\vendor\\laravel\\framework\\src\\Illuminate\\Routing\\Router.php(797): Illuminate\\Routing\\Router->prepareResponse(Object(Illuminate\\Http\\Request), Object(Illuminate\\View\\View))
#16 C:\\wamp64\\www\\klaes\\vendor\\laravel\\framework\\src\\Illuminate\\Pipeline\\Pipeline.php(141): Illuminate\\Routing\\Router->Illuminate\\Routing\\{closure}(Object(Illuminate\\Http\\Request))
#17 C:\\wamp64\\www\\klaes\\app\\Http\\Middleware\\Verify2FA.php(26): Illuminate\\Pipeline\\Pipeline->Illuminate\\Pipeline\\{closure}(Object(Illuminate\\Http\\Request))
#18 C:\\wamp64\\www\\klaes\\vendor\\laravel\\framework\\src\\Illuminate\\Pipeline\\Pipeline.php(180): App\\Http\\Middleware\\Verify2FA->handle(Object(Illuminate\\Http\\Request), Object(Closure))
#19 C:\\wamp64\\www\\klaes\\vendor\\laravel\\framework\\src\\Illuminate\\Routing\\Middleware\\SubstituteBindings.php(50): Illuminate\\Pipeline\\Pipeline->Illuminate\\Pipeline\\{closure}(Object(Illuminate\\Http\\Request))
#20 C:\\wamp64\\www\\klaes\\vendor\\laravel\\framework\\src\\Illuminate\\Pipeline\\Pipeline.php(180): Illuminate\\Routing\\Middleware\\SubstituteBindings->handle(Object(Illuminate\\Http\\Request), Object(Closure))
#21 C:\\wamp64\\www\\klaes\\vendor\\laravel\\framework\\src\\Illuminate\\Auth\\Middleware\\Authenticate.php(44): Illuminate\\Pipeline\\Pipeline->Illuminate\\Pipeline\\{closure}(Object(Illuminate\\Http\\Request))
#22 C:\\wamp64\\www\\klaes\\vendor\\laravel\\framework\\src\\Illuminate\\Pipeline\\Pipeline.php(180): Illuminate\\Auth\\Middleware\\Authenticate->handle(Object(Illuminate\\Http\\Request), Object(Closure))
#23 C:\\wamp64\\www\\klaes\\vendor\\laravel\\framework\\src\\Illuminate\\Foundation\\Http\\Middleware\\VerifyCsrfToken.php(78): Illuminate\\Pipeline\\Pipeline->Illuminate\\Pipeline\\{closure}(Object(Illuminate\\Http\\Request))
#24 C:\\wamp64\\www\\klaes\\vendor\\laravel\\framework\\src\\Illuminate\\Pipeline\\Pipeline.php(180): Illuminate\\Foundation\\Http\\Middleware\\VerifyCsrfToken->handle(Object(Illuminate\\Http\\Request), Object(Closure))
#25 C:\\wamp64\\www\\klaes\\vendor\\laravel\\framework\\src\\Illuminate\\View\\Middleware\\ShareErrorsFromSession.php(49): Illuminate\\Pipeline\\Pipeline->Illuminate\\Pipeline\\{closure}(Object(Illuminate\\Http\\Request))
#26 C:\\wamp64\\www\\klaes\\vendor\\laravel\\framework\\src\\Illuminate\\Pipeline\\Pipeline.php(180): Illuminate\\View\\Middleware\\ShareErrorsFromSession->handle(Object(Illuminate\\Http\\Request), Object(Closure))
#27 C:\\wamp64\\www\\klaes\\vendor\\laravel\\framework\\src\\Illuminate\\Session\\Middleware\\StartSession.php(121): Illuminate\\Pipeline\\Pipeline->Illuminate\\Pipeline\\{closure}(Object(Illuminate\\Http\\Request))
#28 C:\\wamp64\\www\\klaes\\vendor\\laravel\\framework\\src\\Illuminate\\Session\\Middleware\\StartSession.php(64): Illuminate\\Session\\Middleware\\StartSession->handleStatefulRequest(Object(Illuminate\\Http\\Request), Object(Illuminate\\Session\\Store), Object(Closure))
#29 C:\\wamp64\\www\\klaes\\vendor\\laravel\\framework\\src\\Illuminate\\Pipeline\\Pipeline.php(180): Illuminate\\Session\\Middleware\\StartSession->handle(Object(Illuminate\\Http\\Request), Object(Closure))
#30 C:\\wamp64\\www\\klaes\\vendor\\laravel\\framework\\src\\Illuminate\\Cookie\\Middleware\\AddQueuedCookiesToResponse.php(37): Illuminate\\Pipeline\\Pipeline->Illuminate\\Pipeline\\{closure}(Object(Illuminate\\Http\\Request))
#31 C:\\wamp64\\www\\klaes\\vendor\\laravel\\framework\\src\\Illuminate\\Pipeline\\Pipeline.php(180): Illuminate\\Cookie\\Middleware\\AddQueuedCookiesToResponse->handle(Object(Illuminate\\Http\\Request), Object(Closure))
#32 C:\\wamp64\\www\\klaes\\vendor\\laravel\\framework\\src\\Illuminate\\Cookie\\Middleware\\EncryptCookies.php(67): Illuminate\\Pipeline\\Pipeline->Illuminate\\Pipeline\\{closure}(Object(Illuminate\\Http\\Request))
#33 C:\\wamp64\\www\\klaes\\vendor\\laravel\\framework\\src\\Illuminate\\Pipeline\\Pipeline.php(180): Illuminate\\Cookie\\Middleware\\EncryptCookies->handle(Object(Illuminate\\Http\\Request), Object(Closure))
#34 C:\\wamp64\\www\\klaes\\vendor\\laravel\\framework\\src\\Illuminate\\Pipeline\\Pipeline.php(116): Illuminate\\Pipeline\\Pipeline->Illuminate\\Pipeline\\{closure}(Object(Illuminate\\Http\\Request))
#35 C:\\wamp64\\www\\klaes\\vendor\\laravel\\framework\\src\\Illuminate\\Routing\\Router.php(797): Illuminate\\Pipeline\\Pipeline->then(Object(Closure))
#36 C:\\wamp64\\www\\klaes\\vendor\\laravel\\framework\\src\\Illuminate\\Routing\\Router.php(776): Illuminate\\Routing\\Router->runRouteWithinStack(Object(Illuminate\\Routing\\Route), Object(Illuminate\\Http\\Request))
#37 C:\\wamp64\\www\\klaes\\vendor\\laravel\\framework\\src\\Illuminate\\Routing\\Router.php(740): Illuminate\\Routing\\Router->runRoute(Object(Illuminate\\Http\\Request), Object(Illuminate\\Routing\\Route))
#38 C:\\wamp64\\www\\klaes\\vendor\\laravel\\framework\\src\\Illuminate\\Routing\\Router.php(729): Illuminate\\Routing\\Router->dispatchToRoute(Object(Illuminate\\Http\\Request))
#39 C:\\wamp64\\www\\klaes\\vendor\\laravel\\framework\\src\\Illuminate\\Foundation\\Http\\Kernel.php(190): Illuminate\\Routing\\Router->dispatch(Object(Illuminate\\Http\\Request))
#40 C:\\wamp64\\www\\klaes\\vendor\\laravel\\framework\\src\\Illuminate\\Pipeline\\Pipeline.php(141): Illuminate\\Foundation\\Http\\Kernel->Illuminate\\Foundation\\Http\\{closure}(Object(Illuminate\\Http\\Request))
#41 C:\\wamp64\\www\\klaes\\vendor\\livewire\\livewire\\src\\DisableBrowserCache.php(19): Illuminate\\Pipeline\\Pipeline->Illuminate\\Pipeline\\{closure}(Object(Illuminate\\Http\\Request))
#42 C:\\wamp64\\www\\klaes\\vendor\\laravel\\framework\\src\\Illuminate\\Pipeline\\Pipeline.php(180): Livewire\\DisableBrowserCache->handle(Object(Illuminate\\Http\\Request), Object(Closure))
#43 C:\\wamp64\\www\\klaes\\app\\Http\\Middleware\\Cors.php(23): Illuminate\\Pipeline\\Pipeline->Illuminate\\Pipeline\\{closure}(Object(Illuminate\\Http\\Request))
#44 C:\\wamp64\\www\\klaes\\vendor\\laravel\\framework\\src\\Illuminate\\Pipeline\\Pipeline.php(180): App\\Http\\Middleware\\Cors->handle(Object(Illuminate\\Http\\Request), Object(Closure))
#45 C:\\wamp64\\www\\klaes\\vendor\\laravel\\framework\\src\\Illuminate\\Foundation\\Http\\Middleware\\TransformsRequest.php(21): Illuminate\\Pipeline\\Pipeline->Illuminate\\Pipeline\\{closure}(Object(Illuminate\\Http\\Request))
#46 C:\\wamp64\\www\\klaes\\vendor\\laravel\\framework\\src\\Illuminate\\Foundation\\Http\\Middleware\\ConvertEmptyStringsToNull.php(31): Illuminate\\Foundation\\Http\\Middleware\\TransformsRequest->handle(Object(Illuminate\\Http\\Request), Object(Closure))
#47 C:\\wamp64\\www\\klaes\\vendor\\laravel\\framework\\src\\Illuminate\\Pipeline\\Pipeline.php(180): Illuminate\\Foundation\\Http\\Middleware\\ConvertEmptyStringsToNull->handle(Object(Illuminate\\Http\\Request), Object(Closure))
#48 C:\\wamp64\\www\\klaes\\vendor\\laravel\\framework\\src\\Illuminate\\Foundation\\Http\\Middleware\\TransformsRequest.php(21): Illuminate\\Pipeline\\Pipeline->Illuminate\\Pipeline\\{closure}(Object(Illuminate\\Http\\Request))
#49 C:\\wamp64\\www\\klaes\\vendor\\laravel\\framework\\src\\Illuminate\\Foundation\\Http\\Middleware\\TrimStrings.php(40): Illuminate\\Foundation\\Http\\Middleware\\TransformsRequest->handle(Object(Illuminate\\Http\\Request), Object(Closure))
#50 C:\\wamp64\\www\\klaes\\vendor\\laravel\\framework\\src\\Illuminate\\Pipeline\\Pipeline.php(180): Illuminate\\Foundation\\Http\\Middleware\\TrimStrings->handle(Object(Illuminate\\Http\\Request), Object(Closure))
#51 C:\\wamp64\\www\\klaes\\vendor\\laravel\\framework\\src\\Illuminate\\Foundation\\Http\\Middleware\\ValidatePostSize.php(27): Illuminate\\Pipeline\\Pipeline->Illuminate\\Pipeline\\{closure}(Object(Illuminate\\Http\\Request))
#52 C:\\wamp64\\www\\klaes\\vendor\\laravel\\framework\\src\\Illuminate\\Pipeline\\Pipeline.php(180): Illuminate\\Foundation\\Http\\Middleware\\ValidatePostSize->handle(Object(Illuminate\\Http\\Request), Object(Closure))
#53 C:\\wamp64\\www\\klaes\\vendor\\laravel\\framework\\src\\Illuminate\\Foundation\\Http\\Middleware\\PreventRequestsDuringMaintenance.php(86): Illuminate\\Pipeline\\Pipeline->Illuminate\\Pipeline\\{closure}(Object(Illuminate\\Http\\Request))
#54 C:\\wamp64\\www\\klaes\\vendor\\laravel\\framework\\src\\Illuminate\\Pipeline\\Pipeline.php(180): Illuminate\\Foundation\\Http\\Middleware\\PreventRequestsDuringMaintenance->handle(Object(Illuminate\\Http\\Request), Object(Closure))
#55 C:\\wamp64\\www\\klaes\\vendor\\laravel\\framework\\src\\Illuminate\\Http\\Middleware\\HandleCors.php(49): Illuminate\\Pipeline\\Pipeline->Illuminate\\Pipeline\\{closure}(Object(Illuminate\\Http\\Request))
#56 C:\\wamp64\\www\\klaes\\vendor\\laravel\\framework\\src\\Illuminate\\Pipeline\\Pipeline.php(180): Illuminate\\Http\\Middleware\\HandleCors->handle(Object(Illuminate\\Http\\Request), Object(Closure))
#57 C:\\wamp64\\www\\klaes\\vendor\\laravel\\framework\\src\\Illuminate\\Http\\Middleware\\TrustProxies.php(39): Illuminate\\Pipeline\\Pipeline->Illuminate\\Pipeline\\{closure}(Object(Illuminate\\Http\\Request))
#58 C:\\wamp64\\www\\klaes\\vendor\\laravel\\framework\\src\\Illuminate\\Pipeline\\Pipeline.php(180): Illuminate\\Http\\Middleware\\TrustProxies->handle(Object(Illuminate\\Http\\Request), Object(Closure))
#59 C:\\wamp64\\www\\klaes\\vendor\\laravel\\framework\\src\\Illuminate\\Pipeline\\Pipeline.php(116): Illuminate\\Pipeline\\Pipeline->Illuminate\\Pipeline\\{closure}(Object(Illuminate\\Http\\Request))
#60 C:\\wamp64\\www\\klaes\\vendor\\laravel\\framework\\src\\Illuminate\\Foundation\\Http\\Kernel.php(165): Illuminate\\Pipeline\\Pipeline->then(Object(Closure))
#61 C:\\wamp64\\www\\klaes\\vendor\\laravel\\framework\\src\\Illuminate\\Foundation\\Http\\Kernel.php(134): Illuminate\\Foundation\\Http\\Kernel->sendRequestThroughRouter(Object(Illuminate\\Http\\Request))
#62 C:\\wamp64\\www\\klaes\\public\\index.php(54): Illuminate\\Foundation\\Http\\Kernel->handle(Object(Illuminate\\Http\\Request))
#63 C:\\wamp64\\www\\klaes\\vendor\\laravel\\framework\\src\\Illuminate\\Foundation\\resources\\server.php(16): require_once('C:\\\\wamp64\\\\www\\\\k...')
#64 {main}

[previous exception] [object] (Symfony\\Component\\Routing\\Exception\\RouteNotFoundException(code: 0): Route [temporary-file.print-recommendation] not defined. at C:\\wamp64\\www\\klaes\\vendor\\laravel\\framework\\src\\Illuminate\\Routing\\UrlGenerator.php:467)
[stacktrace]
#0 C:\\wamp64\\www\\klaes\\vendor\\laravel\\framework\\src\\Illuminate\\Foundation\\helpers.php(826): Illuminate\\Routing\\UrlGenerator->route('temporary-file....', 2, true)
#1 C:\\wamp64\\www\\klaes\\storage\\framework\\views\\f93918a37c874f9ca355e70f1a3beb7fd9213ac5.php(102): route('temporary-file....', 2)
#2 C:\\wamp64\\www\\klaes\\vendor\\laravel\\framework\\src\\Illuminate\\Filesystem\\Filesystem.php(109): require('C:\\\\wamp64\\\\www\\\\k...')
#3 C:\\wamp64\\www\\klaes\\vendor\\laravel\\framework\\src\\Illuminate\\Filesystem\\Filesystem.php(110): Illuminate\\Filesystem\\Filesystem::Illuminate\\Filesystem\\{closure}()
#4 C:\\wamp64\\www\\klaes\\vendor\\laravel\\framework\\src\\Illuminate\\View\\Engines\\PhpEngine.php(58): Illuminate\\Filesystem\\Filesystem->getRequire('C:\\\\wamp64\\\\www\\\\k...', Array)
#5 C:\\wamp64\\www\\klaes\\vendor\\livewire\\livewire\\src\\ComponentConcerns\\RendersLivewireComponents.php(69): Illuminate\\View\\Engines\\PhpEngine->evaluatePath('C:\\\\wamp64\\\\www\\\\k...', Array)
#6 C:\\wamp64\\www\\klaes\\vendor\\laravel\\framework\\src\\Illuminate\\View\\Engines\\CompilerEngine.php(70): Livewire\\LivewireViewCompilerEngine->evaluatePath('C:\\\\wamp64\\\\www\\\\k...', Array)
#7 C:\\wamp64\\www\\klaes\\vendor\\livewire\\livewire\\src\\ComponentConcerns\\RendersLivewireComponents.php(35): Illuminate\\View\\Engines\\CompilerEngine->get('C:\\\\wamp64\\\\www\\\\k...', Array)
#8 C:\\wamp64\\www\\klaes\\vendor\\laravel\\framework\\src\\Illuminate\\View\\View.php(195): Livewire\\LivewireViewCompilerEngine->get('C:\\\\wamp64\\\\www\\\\k...', Array)
#9 C:\\wamp64\\www\\klaes\\vendor\\laravel\\framework\\src\\Illuminate\\View\\View.php(178): Illuminate\\View\\View->getContents()
#10 C:\\wamp64\\www\\klaes\\vendor\\laravel\\framework\\src\\Illuminate\\View\\View.php(147): Illuminate\\View\\View->renderContents()
#11 C:\\wamp64\\www\\klaes\\vendor\\laravel\\framework\\src\\Illuminate\\Http\\Response.php(69): Illuminate\\View\\View->render()
#12 C:\\wamp64\\www\\klaes\\vendor\\laravel\\framework\\src\\Illuminate\\Http\\Response.php(35): Illuminate\\Http\\Response->setContent(Object(Illuminate\\View\\View))
#13 C:\\wamp64\\www\\klaes\\vendor\\laravel\\framework\\src\\Illuminate\\Routing\\Router.php(906): Illuminate\\Http\\Response->__construct(Object(Illuminate\\View\\View), 200, Array)
#14 C:\\wamp64\\www\\klaes\\vendor\\laravel\\framework\\src\\Illuminate\\Routing\\Router.php(875): Illuminate\\Routing\\Router::toResponse(Object(Illuminate\\Http\\Request), Object(Illuminate\\View\\View))
#15 C:\\wamp64\\www\\klaes\\vendor\\laravel\\framework\\src\\Illuminate\\Routing\\Router.php(797): Illuminate\\Routing\\Router->prepareResponse(Object(Illuminate\\Http\\Request), Object(Illuminate\\View\\View))
#16 C:\\wamp64\\www\\klaes\\vendor\\laravel\\framework\\src\\Illuminate\\Pipeline\\Pipeline.php(141): Illuminate\\Routing\\Router->Illuminate\\Routing\\{closure}(Object(Illuminate\\Http\\Request))
#17 C:\\wamp64\\www\\klaes\\app\\Http\\Middleware\\Verify2FA.php(26): Illuminate\\Pipeline\\Pipeline->Illuminate\\Pipeline\\{closure}(Object(Illuminate\\Http\\Request))
#18 C:\\wamp64\\www\\klaes\\vendor\\laravel\\framework\\src\\Illuminate\\Pipeline\\Pipeline.php(180): App\\Http\\Middleware\\Verify2FA->handle(Object(Illuminate\\Http\\Request), Object(Closure))
#19 C:\\wamp64\\www\\klaes\\vendor\\laravel\\framework\\src\\Illuminate\\Routing\\Middleware\\SubstituteBindings.php(50): Illuminate\\Pipeline\\Pipeline->Illuminate\\Pipeline\\{closure}(Object(Illuminate\\Http\\Request))
#20 C:\\wamp64\\www\\klaes\\vendor\\laravel\\framework\\src\\Illuminate\\Pipeline\\Pipeline.php(180): Illuminate\\Routing\\Middleware\\SubstituteBindings->handle(Object(Illuminate\\Http\\Request), Object(Closure))
#21 C:\\wamp64\\www\\klaes\\vendor\\laravel\\framework\\src\\Illuminate\\Auth\\Middleware\\Authenticate.php(44): Illuminate\\Pipeline\\Pipeline->Illuminate\\Pipeline\\{closure}(Object(Illuminate\\Http\\Request))
#22 C:\\wamp64\\www\\klaes\\vendor\\laravel\\framework\\src\\Illuminate\\Pipeline\\Pipeline.php(180): Illuminate\\Auth\\Middleware\\Authenticate->handle(Object(Illuminate\\Http\\Request), Object(Closure))
#23 C:\\wamp64\\www\\klaes\\vendor\\laravel\\framework\\src\\Illuminate\\Foundation\\Http\\Middleware\\VerifyCsrfToken.php(78): Illuminate\\Pipeline\\Pipeline->Illuminate\\Pipeline\\{closure}(Object(Illuminate\\Http\\Request))
#24 C:\\wamp64\\www\\klaes\\vendor\\laravel\\framework\\src\\Illuminate\\Pipeline\\Pipeline.php(180): Illuminate\\Foundation\\Http\\Middleware\\VerifyCsrfToken->handle(Object(Illuminate\\Http\\Request), Object(Closure))
#25 C:\\wamp64\\www\\klaes\\vendor\\laravel\\framework\\src\\Illuminate\\View\\Middleware\\ShareErrorsFromSession.php(49): Illuminate\\Pipeline\\Pipeline->Illuminate\\Pipeline\\{closure}(Object(Illuminate\\Http\\Request))
#26 C:\\wamp64\\www\\klaes\\vendor\\laravel\\framework\\src\\Illuminate\\Pipeline\\Pipeline.php(180): Illuminate\\View\\Middleware\\ShareErrorsFromSession->handle(Object(Illuminate\\Http\\Request), Object(Closure))
#27 C:\\wamp64\\www\\klaes\\vendor\\laravel\\framework\\src\\Illuminate\\Session\\Middleware\\StartSession.php(121): Illuminate\\Pipeline\\Pipeline->Illuminate\\Pipeline\\{closure}(Object(Illuminate\\Http\\Request))
#28 C:\\wamp64\\www\\klaes\\vendor\\laravel\\framework\\src\\Illuminate\\Session\\Middleware\\StartSession.php(64): Illuminate\\Session\\Middleware\\StartSession->handleStatefulRequest(Object(Illuminate\\Http\\Request), Object(Illuminate\\Session\\Store), Object(Closure))
#29 C:\\wamp64\\www\\klaes\\vendor\\laravel\\framework\\src\\Illuminate\\Pipeline\\Pipeline.php(180): Illuminate\\Session\\Middleware\\StartSession->handle(Object(Illuminate\\Http\\Request), Object(Closure))
#30 C:\\wamp64\\www\\klaes\\vendor\\laravel\\framework\\src\\Illuminate\\Cookie\\Middleware\\AddQueuedCookiesToResponse.php(37): Illuminate\\Pipeline\\Pipeline->Illuminate\\Pipeline\\{closure}(Object(Illuminate\\Http\\Request))
#31 C:\\wamp64\\www\\klaes\\vendor\\laravel\\framework\\src\\Illuminate\\Pipeline\\Pipeline.php(180): Illuminate\\Cookie\\Middleware\\AddQueuedCookiesToResponse->handle(Object(Illuminate\\Http\\Request), Object(Closure))
#32 C:\\wamp64\\www\\klaes\\vendor\\laravel\\framework\\src\\Illuminate\\Cookie\\Middleware\\EncryptCookies.php(67): Illuminate\\Pipeline\\Pipeline->Illuminate\\Pipeline\\{closure}(Object(Illuminate\\Http\\Request))
#33 C:\\wamp64\\www\\klaes\\vendor\\laravel\\framework\\src\\Illuminate\\Pipeline\\Pipeline.php(180): Illuminate\\Cookie\\Middleware\\EncryptCookies->handle(Object(Illuminate\\Http\\Request), Object(Closure))
#34 C:\\wamp64\\www\\klaes\\vendor\\laravel\\framework\\src\\Illuminate\\Pipeline\\Pipeline.php(116): Illuminate\\Pipeline\\Pipeline->Illuminate\\Pipeline\\{closure}(Object(Illuminate\\Http\\Request))
#35 C:\\wamp64\\www\\klaes\\vendor\\laravel\\framework\\src\\Illuminate\\Routing\\Router.php(797): Illuminate\\Pipeline\\Pipeline->then(Object(Closure))
#36 C:\\wamp64\\www\\klaes\\vendor\\laravel\\framework\\src\\Illuminate\\Routing\\Router.php(776): Illuminate\\Routing\\Router->runRouteWithinStack(Object(Illuminate\\Routing\\Route), Object(Illuminate\\Http\\Request))
#37 C:\\wamp64\\www\\klaes\\vendor\\laravel\\framework\\src\\Illuminate\\Routing\\Router.php(740): Illuminate\\Routing\\Router->runRoute(Object(Illuminate\\Http\\Request), Object(Illuminate\\Routing\\Route))
#38 C:\\wamp64\\www\\klaes\\vendor\\laravel\\framework\\src\\Illuminate\\Routing\\Router.php(729): Illuminate\\Routing\\Router->dispatchToRoute(Object(Illuminate\\Http\\Request))
#39 C:\\wamp64\\www\\klaes\\vendor\\laravel\\framework\\src\\Illuminate\\Foundation\\Http\\Kernel.php(190): Illuminate\\Routing\\Router->dispatch(Object(Illuminate\\Http\\Request))
#40 C:\\wamp64\\www\\klaes\\vendor\\laravel\\framework\\src\\Illuminate\\Pipeline\\Pipeline.php(141): Illuminate\\Foundation\\Http\\Kernel->Illuminate\\Foundation\\Http\\{closure}(Object(Illuminate\\Http\\Request))
#41 C:\\wamp64\\www\\klaes\\vendor\\livewire\\livewire\\src\\DisableBrowserCache.php(19): Illuminate\\Pipeline\\Pipeline->Illuminate\\Pipeline\\{closure}(Object(Illuminate\\Http\\Request))
#42 C:\\wamp64\\www\\klaes\\vendor\\laravel\\framework\\src\\Illuminate\\Pipeline\\Pipeline.php(180): Livewire\\DisableBrowserCache->handle(Object(Illuminate\\Http\\Request), Object(Closure))
#43 C:\\wamp64\\www\\klaes\\app\\Http\\Middleware\\Cors.php(23): Illuminate\\Pipeline\\Pipeline->Illuminate\\Pipeline\\{closure}(Object(Illuminate\\Http\\Request))
#44 C:\\wamp64\\www\\klaes\\vendor\\laravel\\framework\\src\\Illuminate\\Pipeline\\Pipeline.php(180): App\\Http\\Middleware\\Cors->handle(Object(Illuminate\\Http\\Request), Object(Closure))
#45 C:\\wamp64\\www\\klaes\\vendor\\laravel\\framework\\src\\Illuminate\\Foundation\\Http\\Middleware\\TransformsRequest.php(21): Illuminate\\Pipeline\\Pipeline->Illuminate\\Pipeline\\{closure}(Object(Illuminate\\Http\\Request))
#46 C:\\wamp64\\www\\klaes\\vendor\\laravel\\framework\\src\\Illuminate\\Foundation\\Http\\Middleware\\ConvertEmptyStringsToNull.php(31): Illuminate\\Foundation\\Http\\Middleware\\TransformsRequest->handle(Object(Illuminate\\Http\\Request), Object(Closure))
#47 C:\\wamp64\\www\\klaes\\vendor\\laravel\\framework\\src\\Illuminate\\Pipeline\\Pipeline.php(180): Illuminate\\Foundation\\Http\\Middleware\\ConvertEmptyStringsToNull->handle(Object(Illuminate\\Http\\Request), Object(Closure))
#48 C:\\wamp64\\www\\klaes\\vendor\\laravel\\framework\\src\\Illuminate\\Foundation\\Http\\Middleware\\TransformsRequest.php(21): Illuminate\\Pipeline\\Pipeline->Illuminate\\Pipeline\\{closure}(Object(Illuminate\\Http\\Request))
#49 C:\\wamp64\\www\\klaes\\vendor\\laravel\\framework\\src\\Illuminate\\Foundation\\Http\\Middleware\\TrimStrings.php(40): Illuminate\\Foundation\\Http\\Middleware\\TransformsRequest->handle(Object(Illuminate\\Http\\Request), Object(Closure))
#50 C:\\wamp64\\www\\klaes\\vendor\\laravel\\framework\\src\\Illuminate\\Pipeline\\Pipeline.php(180): Illuminate\\Foundation\\Http\\Middleware\\TrimStrings->handle(Object(Illuminate\\Http\\Request), Object(Closure))
#51 C:\\wamp64\\www\\klaes\\vendor\\laravel\\framework\\src\\Illuminate\\Foundation\\Http\\Middleware\\ValidatePostSize.php(27): Illuminate\\Pipeline\\Pipeline->Illuminate\\Pipeline\\{closure}(Object(Illuminate\\Http\\Request))
#52 C:\\wamp64\\www\\klaes\\vendor\\laravel\\framework\\src\\Illuminate\\Pipeline\\Pipeline.php(180): Illuminate\\Foundation\\Http\\Middleware\\ValidatePostSize->handle(Object(Illuminate\\Http\\Request), Object(Closure))
#53 C:\\wamp64\\www\\klaes\\vendor\\laravel\\framework\\src\\Illuminate\\Foundation\\Http\\Middleware\\PreventRequestsDuringMaintenance.php(86): Illuminate\\Pipeline\\Pipeline->Illuminate\\Pipeline\\{closure}(Object(Illuminate\\Http\\Request))
#54 C:\\wamp64\\www\\klaes\\vendor\\laravel\\framework\\src\\Illuminate\\Pipeline\\Pipeline.php(180): Illuminate\\Foundation\\Http\\Middleware\\PreventRequestsDuringMaintenance->handle(Object(Illuminate\\Http\\Request), Object(Closure))
#55 C:\\wamp64\\www\\klaes\\vendor\\laravel\\framework\\src\\Illuminate\\Http\\Middleware\\HandleCors.php(49): Illuminate\\Pipeline\\Pipeline->Illuminate\\Pipeline\\{closure}(Object(Illuminate\\Http\\Request))
#56 C:\\wamp64\\www\\klaes\\vendor\\laravel\\framework\\src\\Illuminate\\Pipeline\\Pipeline.php(180): Illuminate\\Http\\Middleware\\HandleCors->handle(Object(Illuminate\\Http\\Request), Object(Closure))
#57 C:\\wamp64\\www\\klaes\\vendor\\laravel\\framework\\src\\Illuminate\\Http\\Middleware\\TrustProxies.php(39): Illuminate\\Pipeline\\Pipeline->Illuminate\\Pipeline\\{closure}(Object(Illuminate\\Http\\Request))
#58 C:\\wamp64\\www\\klaes\\vendor\\laravel\\framework\\src\\Illuminate\\Pipeline\\Pipeline.php(180): Illuminate\\Http\\Middleware\\TrustProxies->handle(Object(Illuminate\\Http\\Request), Object(Closure))
#59 C:\\wamp64\\www\\klaes\\vendor\\laravel\\framework\\src\\Illuminate\\Pipeline\\Pipeline.php(116): Illuminate\\Pipeline\\Pipeline->Illuminate\\Pipeline\\{closure}(Object(Illuminate\\Http\\Request))
#60 C:\\wamp64\\www\\klaes\\vendor\\laravel\\framework\\src\\Illuminate\\Foundation\\Http\\Kernel.php(165): Illuminate\\Pipeline\\Pipeline->then(Object(Closure))
#61 C:\\wamp64\\www\\klaes\\vendor\\laravel\\framework\\src\\Illuminate\\Foundation\\Http\\Kernel.php(134): Illuminate\\Foundation\\Http\\Kernel->sendRequestThroughRouter(Object(Illuminate\\Http\\Request))
#62 C:\\wamp64\\www\\klaes\\public\\index.php(54): Illuminate\\Foundation\\Http\\Kernel->handle(Object(Illuminate\\Http\\Request))
#63 C:\\wamp64\\www\\klaes\\vendor\\laravel\\framework\\src\\Illuminate\\Foundation\\resources\\server.php(16): require_once('C:\\\\wamp64\\\\www\\\\k...')
#64 {main}
"} 
[2026-05-19 16:40:38] local.INFO: MLS generate request started {"user_id":1,"application_type":"new","default_allocation_type":null,"file_option":"temporary"} 
[2026-05-19 16:40:38] local.INFO: MLS generate: Land Use check {"received_land_use":"RES","request_land_use":"RES","request_prefix":"RES","application_type":"new","file_option":"temporary"} 
[2026-05-19 16:40:38] local.INFO: MLS Serial allocated: RES-2026 -> 2124  
[2026-05-19 16:40:38] local.INFO: MLS generate resolved source value {"file_number":"RES-2026-2124(T)","app_type":"new","source_value":"Direct Allocation"} 
[2026-05-19 16:40:41] local.INFO: MLS generate OP mirror decision {"file_number":"RES-2026-2124(T)","should_mirror":false,"default_allocation_type":null,"source_instrument_capture_id":null} 
[2026-05-19 16:40:41] local.INFO: MLS generate basic PRA creation skipped for non-OP source {"file_number":"RES-2026-2124(T)","source":"Temporary File"} 
[2026-05-19 16:40:41] local.INFO: File indexed from data array {"file_indexing_id":120512,"file_number":"RES-2026-2124(T)"} 
[2026-05-19 16:40:41] local.INFO: MLS File Number Generated {"file_number":"RES-2026-2124(T)","land_use":"RES","serial":2124,"user":"Klaes Admin"} 
[2026-05-19 16:48:22] local.INFO: MLS generate request started {"user_id":1,"application_type":"new","default_allocation_type":null,"file_option":"temporary"} 
[2026-05-19 16:48:22] local.INFO: MLS generate: Land Use check {"received_land_use":"RES","request_land_use":"RES","request_prefix":"RES","application_type":"new","file_option":"temporary"} 
[2026-05-19 16:48:22] local.INFO: MLS generate resolved source value {"file_number":"RES-1994-680(T)","app_type":"new","source_value":"Direct Allocation"} 
[2026-05-19 16:48:24] local.INFO: MLS generate OP mirror decision {"file_number":"RES-1994-680(T)","should_mirror":false,"default_allocation_type":null,"source_instrument_capture_id":null} 
[2026-05-19 16:48:24] local.INFO: MLS generate basic PRA creation skipped for non-OP source {"file_number":"RES-1994-680(T)","source":"Temporary File"} 
[2026-05-19 16:48:25] local.INFO: File indexed from data array {"file_indexing_id":120513,"file_number":"RES-1994-680(T)"} 
[2026-05-19 16:48:25] local.INFO: MLS File Number Generated {"file_number":"RES-1994-680(T)","land_use":"RES","serial":680,"user":"Klaes Admin"} 
[2026-05-19 17:02:01] local.INFO: MLS generate request started {"user_id":1,"application_type":"new","default_allocation_type":null,"file_option":"temporary"} 
[2026-05-19 17:02:01] local.INFO: MLS generate: Land Use check {"received_land_use":"RES","request_land_use":"RES","request_prefix":"RES","application_type":"new","file_option":"temporary"} 
[2026-05-19 17:02:01] local.INFO: MLS generate resolved source value {"file_number":"RES-1992-1055(T)","app_type":"new","source_value":"Direct Allocation"} 
[2026-05-19 17:02:03] local.INFO: MLS generate OP mirror decision {"file_number":"RES-1992-1055(T)","should_mirror":false,"default_allocation_type":null,"source_instrument_capture_id":null} 
[2026-05-19 17:02:03] local.INFO: MLS generate basic PRA creation skipped for non-OP source {"file_number":"RES-1992-1055(T)","source":"Temporary File"} 
[2026-05-19 17:02:04] local.INFO: File indexed from data array {"file_indexing_id":120514,"file_number":"RES-1992-1055(T)"} 
[2026-05-19 17:02:04] local.INFO: MLS File Number Generated {"file_number":"RES-1992-1055(T)","land_use":"RES","serial":1055,"user":"Klaes Admin"} 
[2026-05-19 17:19:11] local.ERROR: PHP Parse error: Syntax error, unexpected T_NS_SEPARATOR, expecting T_VARIABLE on line 1 {"exception":"[object] (Psy\\Exception\\ParseErrorException(code: 0): PHP Parse error: Syntax error, unexpected T_NS_SEPARATOR, expecting T_VARIABLE on line 1 at C:\\wamp64\\www\\klaes\\vendor\\psy\\psysh\\src\\Exception\\ParseErrorException.php:38)
[stacktrace]
#0 C:\\wamp64\\www\\klaes\\vendor\\psy\\psysh\\src\\CodeCleaner.php(339): Psy\\Exception\\ParseErrorException::fromParseError(Object(PhpParser\\Error))
#1 C:\\wamp64\\www\\klaes\\vendor\\psy\\psysh\\src\\CodeCleaner.php(268): Psy\\CodeCleaner->parse('<?php try { pri...', false)
#2 C:\\wamp64\\www\\klaes\\vendor\\psy\\psysh\\src\\Shell.php(860): Psy\\CodeCleaner->clean(Array, false)
#3 C:\\wamp64\\www\\klaes\\vendor\\psy\\psysh\\src\\Shell.php(889): Psy\\Shell->addCode('try { print_r(D...', true)
#4 C:\\wamp64\\www\\klaes\\vendor\\psy\\psysh\\src\\Shell.php(1343): Psy\\Shell->setCode('try { print_r(D...', true)
#5 C:\\wamp64\\www\\klaes\\vendor\\laravel\\tinker\\src\\Console\\TinkerCommand.php(76): Psy\\Shell->execute('try { print_r(D...')
#6 C:\\wamp64\\www\\klaes\\vendor\\laravel\\framework\\src\\Illuminate\\Container\\BoundMethod.php(36): Laravel\\Tinker\\Console\\TinkerCommand->handle()
#7 C:\\wamp64\\www\\klaes\\vendor\\laravel\\framework\\src\\Illuminate\\Container\\Util.php(41): Illuminate\\Container\\BoundMethod::Illuminate\\Container\\{closure}()
#8 C:\\wamp64\\www\\klaes\\vendor\\laravel\\framework\\src\\Illuminate\\Container\\BoundMethod.php(93): Illuminate\\Container\\Util::unwrapIfClosure(Object(Closure))
#9 C:\\wamp64\\www\\klaes\\vendor\\laravel\\framework\\src\\Illuminate\\Container\\BoundMethod.php(35): Illuminate\\Container\\BoundMethod::callBoundMethod(Object(Illuminate\\Foundation\\Application), Array, Object(Closure))
#10 C:\\wamp64\\www\\klaes\\vendor\\laravel\\framework\\src\\Illuminate\\Container\\Container.php(661): Illuminate\\Container\\BoundMethod::call(Object(Illuminate\\Foundation\\Application), Array, Array, NULL)
#11 C:\\wamp64\\www\\klaes\\vendor\\laravel\\framework\\src\\Illuminate\\Console\\Command.php(183): Illuminate\\Container\\Container->call(Array)
#12 C:\\wamp64\\www\\klaes\\vendor\\symfony\\console\\Command\\Command.php(326): Illuminate\\Console\\Command->execute(Object(Symfony\\Component\\Console\\Input\\ArgvInput), Object(Illuminate\\Console\\OutputStyle))
#13 C:\\wamp64\\www\\klaes\\vendor\\laravel\\framework\\src\\Illuminate\\Console\\Command.php(152): Symfony\\Component\\Console\\Command\\Command->run(Object(Symfony\\Component\\Console\\Input\\ArgvInput), Object(Illuminate\\Console\\OutputStyle))
#14 C:\\wamp64\\www\\klaes\\vendor\\symfony\\console\\Application.php(1063): Illuminate\\Console\\Command->run(Object(Symfony\\Component\\Console\\Input\\ArgvInput), Object(Symfony\\Component\\Console\\Output\\ConsoleOutput))
#15 C:\\wamp64\\www\\klaes\\vendor\\symfony\\console\\Application.php(320): Symfony\\Component\\Console\\Application->doRunCommand(Object(Laravel\\Tinker\\Console\\TinkerCommand), Object(Symfony\\Component\\Console\\Input\\ArgvInput), Object(Symfony\\Component\\Console\\Output\\ConsoleOutput))
#16 C:\\wamp64\\www\\klaes\\vendor\\symfony\\console\\Application.php(174): Symfony\\Component\\Console\\Application->doRun(Object(Symfony\\Component\\Console\\Input\\ArgvInput), Object(Symfony\\Component\\Console\\Output\\ConsoleOutput))
#17 C:\\wamp64\\www\\klaes\\vendor\\laravel\\framework\\src\\Illuminate\\Console\\Application.php(102): Symfony\\Component\\Console\\Application->run(Object(Symfony\\Component\\Console\\Input\\ArgvInput), Object(Symfony\\Component\\Console\\Output\\ConsoleOutput))
#18 C:\\wamp64\\www\\klaes\\vendor\\laravel\\framework\\src\\Illuminate\\Foundation\\Console\\Kernel.php(155): Illuminate\\Console\\Application->run(Object(Symfony\\Component\\Console\\Input\\ArgvInput), Object(Symfony\\Component\\Console\\Output\\ConsoleOutput))
#19 C:\\wamp64\\www\\klaes\\artisan(35): Illuminate\\Foundation\\Console\\Kernel->handle(Object(Symfony\\Component\\Console\\Input\\ArgvInput), Object(Symfony\\Component\\Console\\Output\\ConsoleOutput))
#20 {main}
"} 
[2026-05-19 17:52:14] local.ERROR: Error fetching file number details {"identifier":"null","error":"SQLSTATE[22018]: [Microsoft][ODBC Driver 17 for SQL Server][SQL Server]Conversion failed when converting the nvarchar value 'null' to data type int. (SQL: select top 1 [fileNumber].*, COALESCE(fileNumber.lga, mls_file_no.lga) as lga, COALESCE(fileNumber.FileName, mls_file_no.file_name) as FileName, COALESCE(fileNumber.plot_no, mls_file_no.plot_no) as plot_no, COALESCE(fileNumber.tp_no, mls_file_no.tp_no) as tp_no, COALESCE(fileNumber.location, mls_file_no.location) as location, COALESCE(fileNumber.district, mls_file_no.district) as district, [mls_file_no].[purpose_id], [mls_file_no].[customer_type], [mls_file_no].[batch_no] from [fileNumber] left join [mls_file_no] on [fileNumber].[tracking_id] = [mls_file_no].[tracking_id] where ([fileNumber].[id] = null or [fileNumber].[mlsfNo] = null))"} 
[2026-05-19 18:03:28] local.ERROR: Error fetching file number details {"identifier":"RES-1992-1055(T)","error":"SQLSTATE[22018]: [Microsoft][ODBC Driver 17 for SQL Server][SQL Server]Conversion failed when converting the nvarchar value 'RES-1992-1055(T)' to data type int. (SQL: select top 1 [fileNumber].*, COALESCE(fileNumber.lga, mls_file_no.lga) as lga, COALESCE(fileNumber.FileName, mls_file_no.file_name) as FileName, COALESCE(fileNumber.plot_no, mls_file_no.plot_no) as plot_no, COALESCE(fileNumber.tp_no, mls_file_no.tp_no) as tp_no, COALESCE(fileNumber.location, mls_file_no.location) as location, COALESCE(fileNumber.district, mls_file_no.district) as district, [mls_file_no].[purpose_id], [mls_file_no].[customer_type], [mls_file_no].[batch_no] from [fileNumber] left join [mls_file_no] on [fileNumber].[tracking_id] = [mls_file_no].[tracking_id] where ([fileNumber].[id] = RES-1992-1055(T) or [fileNumber].[mlsfNo] = RES-1992-1055(T)))"} 
[2026-05-19 18:03:47] local.ERROR: Error fetching file number details {"identifier":"RES-1992-1055(T)","error":"SQLSTATE[22018]: [Microsoft][ODBC Driver 17 for SQL Server][SQL Server]Conversion failed when converting the nvarchar value 'RES-1992-1055(T)' to data type int. (SQL: select top 1 [fileNumber].*, COALESCE(fileNumber.lga, mls_file_no.lga) as lga, COALESCE(fileNumber.FileName, mls_file_no.file_name) as FileName, COALESCE(fileNumber.plot_no, mls_file_no.plot_no) as plot_no, COALESCE(fileNumber.tp_no, mls_file_no.tp_no) as tp_no, COALESCE(fileNumber.location, mls_file_no.location) as location, COALESCE(fileNumber.district, mls_file_no.district) as district, [mls_file_no].[purpose_id], [mls_file_no].[customer_type], [mls_file_no].[batch_no] from [fileNumber] left join [mls_file_no] on [fileNumber].[tracking_id] = [mls_file_no].[tracking_id] where ([fileNumber].[id] = RES-1992-1055(T) or [fileNumber].[mlsfNo] = RES-1992-1055(T)))"} 
[2026-05-19 18:38:04] local.INFO: MLS generate request started {"user_id":1,"application_type":"new","default_allocation_type":null,"file_option":"temporary"} 
[2026-05-19 18:38:04] local.INFO: MLS generate: Land Use check {"received_land_use":"RES","request_land_use":"RES","request_prefix":"RES","application_type":"new","file_option":"temporary"} 
[2026-05-19 18:38:04] local.INFO: MLS generate resolved source value {"file_number":"RES-1994-1150(T)","app_type":"new","source_value":"Direct Allocation"} 
[2026-05-19 18:38:05] local.INFO: MLS generate OP mirror decision {"file_number":"RES-1994-1150(T)","should_mirror":false,"default_allocation_type":null,"source_instrument_capture_id":null} 
[2026-05-19 18:38:05] local.INFO: MLS generate basic PRA creation skipped for non-OP source {"file_number":"RES-1994-1150(T)","source":"Temporary File"} 
[2026-05-19 18:38:05] local.INFO: MLS File Number Generated {"file_number":"RES-1994-1150(T)","land_use":"RES","serial":1150,"user":"Klaes Admin"} 
[2026-05-19 19:16:53] local.INFO: User 1 () logged in from  {"user_id":1,"ip_address":null,"device":"desktop"} 
[2026-05-19 22:11:42] local.ERROR: SQLSTATE[08001]: [Microsoft][ODBC Driver 17 for SQL Server]TCP Provider: The wait operation timed out.
 (SQL: select top 1 * from [sessions] where [id] = foSTijZs8lj2TkmDW0dNBMXaTLtSsEpSEwMppuC6) {"exception":"[object] (Illuminate\\Database\\QueryException(code: 08001): SQLSTATE[08001]: [Microsoft][ODBC Driver 17 for SQL Server]TCP Provider: The wait operation timed out.

 (SQL: select top 1 * from [sessions] where [id] = foSTijZs8lj2TkmDW0dNBMXaTLtSsEpSEwMppuC6) at C:\\wamp64\\www\\klaes\\vendor\\laravel\\framework\\src\\Illuminate\\Database\\Connection.php:760)
[stacktrace]
#0 C:\\wamp64\\www\\klaes\\vendor\\laravel\\framework\\src\\Illuminate\\Database\\Connection.php(720): Illuminate\\Database\\Connection->runQueryCallback('select top 1 * ...', Array, Object(Closure))
#1 C:\\wamp64\\www\\klaes\\vendor\\laravel\\framework\\src\\Illuminate\\Database\\Connection.php(405): Illuminate\\Database\\Connection->run('select top 1 * ...', Array, Object(Closure))
#2 C:\\wamp64\\www\\klaes\\vendor\\laravel\\framework\\src\\Illuminate\\Database\\Query\\Builder.php(2705): Illuminate\\Database\\Connection->select('select top 1 * ...', Array, true)
#3 C:\\wamp64\\www\\klaes\\vendor\\laravel\\framework\\src\\Illuminate\\Database\\Query\\Builder.php(2694): Illuminate\\Database\\Query\\Builder->runSelect()
#4 C:\\wamp64\\www\\klaes\\vendor\\laravel\\framework\\src\\Illuminate\\Database\\Query\\Builder.php(3230): Illuminate\\Database\\Query\\Builder->Illuminate\\Database\\Query\\{closure}()
#5 C:\\wamp64\\www\\klaes\\vendor\\laravel\\framework\\src\\Illuminate\\Database\\Query\\Builder.php(2693): Illuminate\\Database\\Query\\Builder->onceWithColumns(Array, Object(Closure))
#6 C:\\wamp64\\www\\klaes\\vendor\\laravel\\framework\\src\\Illuminate\\Database\\Concerns\\BuildsQueries.php(296): Illuminate\\Database\\Query\\Builder->get(Array)
#7 C:\\wamp64\\www\\klaes\\vendor\\laravel\\framework\\src\\Illuminate\\Database\\Query\\Builder.php(2616): Illuminate\\Database\\Query\\Builder->first(Array)
#8 C:\\wamp64\\www\\klaes\\vendor\\laravel\\framework\\src\\Illuminate\\Session\\DatabaseSessionHandler.php(97): Illuminate\\Database\\Query\\Builder->find('foSTijZs8lj2Tkm...')
#9 C:\\wamp64\\www\\klaes\\vendor\\laravel\\framework\\src\\Illuminate\\Session\\Store.php(113): Illuminate\\Session\\DatabaseSessionHandler->read('foSTijZs8lj2Tkm...')
#10 C:\\wamp64\\www\\klaes\\vendor\\laravel\\framework\\src\\Illuminate\\Session\\Store.php(101): Illuminate\\Session\\Store->readFromHandler()
#11 C:\\wamp64\\www\\klaes\\vendor\\laravel\\framework\\src\\Illuminate\\Session\\Store.php(85): Illuminate\\Session\\Store->loadSession()
#12 C:\\wamp64\\www\\klaes\\vendor\\laravel\\framework\\src\\Illuminate\\Session\\Middleware\\StartSession.php(147): Illuminate\\Session\\Store->start()
#13 C:\\wamp64\\www\\klaes\\vendor\\laravel\\framework\\src\\Illuminate\\Support\\helpers.php(306): Illuminate\\Session\\Middleware\\StartSession->Illuminate\\Session\\Middleware\\{closure}(Object(Illuminate\\Session\\Store))
#14 C:\\wamp64\\www\\klaes\\vendor\\laravel\\framework\\src\\Illuminate\\Session\\Middleware\\StartSession.php(144): tap(Object(Illuminate\\Session\\Store), Object(Closure))
#15 C:\\wamp64\\www\\klaes\\vendor\\laravel\\framework\\src\\Illuminate\\Session\\Middleware\\StartSession.php(116): Illuminate\\Session\\Middleware\\StartSession->startSession(Object(Illuminate\\Http\\Request), Object(Illuminate\\Session\\Store))
#16 C:\\wamp64\\www\\klaes\\vendor\\laravel\\framework\\src\\Illuminate\\Session\\Middleware\\StartSession.php(64): Illuminate\\Session\\Middleware\\StartSession->handleStatefulRequest(Object(Illuminate\\Http\\Request), Object(Illuminate\\Session\\Store), Object(Closure))
#17 C:\\wamp64\\www\\klaes\\vendor\\laravel\\framework\\src\\Illuminate\\Pipeline\\Pipeline.php(180): Illuminate\\Session\\Middleware\\StartSession->handle(Object(Illuminate\\Http\\Request), Object(Closure))
#18 C:\\wamp64\\www\\klaes\\vendor\\laravel\\framework\\src\\Illuminate\\Cookie\\Middleware\\AddQueuedCookiesToResponse.php(37): Illuminate\\Pipeline\\Pipeline->Illuminate\\Pipeline\\{closure}(Object(Illuminate\\Http\\Request))
#19 C:\\wamp64\\www\\klaes\\vendor\\laravel\\framework\\src\\Illuminate\\Pipeline\\Pipeline.php(180): Illuminate\\Cookie\\Middleware\\AddQueuedCookiesToResponse->handle(Object(Illuminate\\Http\\Request), Object(Closure))
#20 C:\\wamp64\\www\\klaes\\vendor\\laravel\\framework\\src\\Illuminate\\Cookie\\Middleware\\EncryptCookies.php(67): Illuminate\\Pipeline\\Pipeline->Illuminate\\Pipeline\\{closure}(Object(Illuminate\\Http\\Request))
#21 C:\\wamp64\\www\\klaes\\vendor\\laravel\\framework\\src\\Illuminate\\Pipeline\\Pipeline.php(180): Illuminate\\Cookie\\Middleware\\EncryptCookies->handle(Object(Illuminate\\Http\\Request), Object(Closure))
#22 C:\\wamp64\\www\\klaes\\vendor\\laravel\\framework\\src\\Illuminate\\Pipeline\\Pipeline.php(116): Illuminate\\Pipeline\\Pipeline->Illuminate\\Pipeline\\{closure}(Object(Illuminate\\Http\\Request))
#23 C:\\wamp64\\www\\klaes\\vendor\\laravel\\framework\\src\\Illuminate\\Routing\\Router.php(797): Illuminate\\Pipeline\\Pipeline->then(Object(Closure))
#24 C:\\wamp64\\www\\klaes\\vendor\\laravel\\framework\\src\\Illuminate\\Routing\\Router.php(776): Illuminate\\Routing\\Router->runRouteWithinStack(Object(Illuminate\\Routing\\Route), Object(Illuminate\\Http\\Request))
#25 C:\\wamp64\\www\\klaes\\vendor\\laravel\\framework\\src\\Illuminate\\Routing\\Router.php(740): Illuminate\\Routing\\Router->runRoute(Object(Illuminate\\Http\\Request), Object(Illuminate\\Routing\\Route))
#26 C:\\wamp64\\www\\klaes\\vendor\\laravel\\framework\\src\\Illuminate\\Routing\\Router.php(729): Illuminate\\Routing\\Router->dispatchToRoute(Object(Illuminate\\Http\\Request))
#27 C:\\wamp64\\www\\klaes\\vendor\\laravel\\framework\\src\\Illuminate\\Foundation\\Http\\Kernel.php(190): Illuminate\\Routing\\Router->dispatch(Object(Illuminate\\Http\\Request))
#28 C:\\wamp64\\www\\klaes\\vendor\\laravel\\framework\\src\\Illuminate\\Pipeline\\Pipeline.php(141): Illuminate\\Foundation\\Http\\Kernel->Illuminate\\Foundation\\Http\\{closure}(Object(Illuminate\\Http\\Request))
#29 C:\\wamp64\\www\\klaes\\vendor\\livewire\\livewire\\src\\DisableBrowserCache.php(19): Illuminate\\Pipeline\\Pipeline->Illuminate\\Pipeline\\{closure}(Object(Illuminate\\Http\\Request))
#30 C:\\wamp64\\www\\klaes\\vendor\\laravel\\framework\\src\\Illuminate\\Pipeline\\Pipeline.php(180): Livewire\\DisableBrowserCache->handle(Object(Illuminate\\Http\\Request), Object(Closure))
#31 C:\\wamp64\\www\\klaes\\app\\Http\\Middleware\\Cors.php(23): Illuminate\\Pipeline\\Pipeline->Illuminate\\Pipeline\\{closure}(Object(Illuminate\\Http\\Request))
#32 C:\\wamp64\\www\\klaes\\vendor\\laravel\\framework\\src\\Illuminate\\Pipeline\\Pipeline.php(180): App\\Http\\Middleware\\Cors->handle(Object(Illuminate\\Http\\Request), Object(Closure))
#33 C:\\wamp64\\www\\klaes\\vendor\\laravel\\framework\\src\\Illuminate\\Foundation\\Http\\Middleware\\TransformsRequest.php(21): Illuminate\\Pipeline\\Pipeline->Illuminate\\Pipeline\\{closure}(Object(Illuminate\\Http\\Request))
#34 C:\\wamp64\\www\\klaes\\vendor\\laravel\\framework\\src\\Illuminate\\Foundation\\Http\\Middleware\\ConvertEmptyStringsToNull.php(31): Illuminate\\Foundation\\Http\\Middleware\\TransformsRequest->handle(Object(Illuminate\\Http\\Request), Object(Closure))
#35 C:\\wamp64\\www\\klaes\\vendor\\laravel\\framework\\src\\Illuminate\\Pipeline\\Pipeline.php(180): Illuminate\\Foundation\\Http\\Middleware\\ConvertEmptyStringsToNull->handle(Object(Illuminate\\Http\\Request), Object(Closure))
#36 C:\\wamp64\\www\\klaes\\vendor\\laravel\\framework\\src\\Illuminate\\Foundation\\Http\\Middleware\\TransformsRequest.php(21): Illuminate\\Pipeline\\Pipeline->Illuminate\\Pipeline\\{closure}(Object(Illuminate\\Http\\Request))
#37 C:\\wamp64\\www\\klaes\\vendor\\laravel\\framework\\src\\Illuminate\\Foundation\\Http\\Middleware\\TrimStrings.php(40): Illuminate\\Foundation\\Http\\Middleware\\TransformsRequest->handle(Object(Illuminate\\Http\\Request), Object(Closure))
#38 C:\\wamp64\\www\\klaes\\vendor\\laravel\\framework\\src\\Illuminate\\Pipeline\\Pipeline.php(180): Illuminate\\Foundation\\Http\\Middleware\\TrimStrings->handle(Object(Illuminate\\Http\\Request), Object(Closure))
#39 C:\\wamp64\\www\\klaes\\vendor\\laravel\\framework\\src\\Illuminate\\Foundation\\Http\\Middleware\\ValidatePostSize.php(27): Illuminate\\Pipeline\\Pipeline->Illuminate\\Pipeline\\{closure}(Object(Illuminate\\Http\\Request))
#40 C:\\wamp64\\www\\klaes\\vendor\\laravel\\framework\\src\\Illuminate\\Pipeline\\Pipeline.php(180): Illuminate\\Foundation\\Http\\Middleware\\ValidatePostSize->handle(Object(Illuminate\\Http\\Request), Object(Closure))
#41 C:\\wamp64\\www\\klaes\\vendor\\laravel\\framework\\src\\Illuminate\\Foundation\\Http\\Middleware\\PreventRequestsDuringMaintenance.php(86): Illuminate\\Pipeline\\Pipeline->Illuminate\\Pipeline\\{closure}(Object(Illuminate\\Http\\Request))
#42 C:\\wamp64\\www\\klaes\\vendor\\laravel\\framework\\src\\Illuminate\\Pipeline\\Pipeline.php(180): Illuminate\\Foundation\\Http\\Middleware\\PreventRequestsDuringMaintenance->handle(Object(Illuminate\\Http\\Request), Object(Closure))
#43 C:\\wamp64\\www\\klaes\\vendor\\laravel\\framework\\src\\Illuminate\\Http\\Middleware\\HandleCors.php(62): Illuminate\\Pipeline\\Pipeline->Illuminate\\Pipeline\\{closure}(Object(Illuminate\\Http\\Request))
#44 C:\\wamp64\\www\\klaes\\vendor\\laravel\\framework\\src\\Illuminate\\Pipeline\\Pipeline.php(180): Illuminate\\Http\\Middleware\\HandleCors->handle(Object(Illuminate\\Http\\Request), Object(Closure))
#45 C:\\wamp64\\www\\klaes\\vendor\\laravel\\framework\\src\\Illuminate\\Http\\Middleware\\TrustProxies.php(39): Illuminate\\Pipeline\\Pipeline->Illuminate\\Pipeline\\{closure}(Object(Illuminate\\Http\\Request))
#46 C:\\wamp64\\www\\klaes\\vendor\\laravel\\framework\\src\\Illuminate\\Pipeline\\Pipeline.php(180): Illuminate\\Http\\Middleware\\TrustProxies->handle(Object(Illuminate\\Http\\Request), Object(Closure))
#47 C:\\wamp64\\www\\klaes\\vendor\\laravel\\framework\\src\\Illuminate\\Pipeline\\Pipeline.php(116): Illuminate\\Pipeline\\Pipeline->Illuminate\\Pipeline\\{closure}(Object(Illuminate\\Http\\Request))
#48 C:\\wamp64\\www\\klaes\\vendor\\laravel\\framework\\src\\Illuminate\\Foundation\\Http\\Kernel.php(165): Illuminate\\Pipeline\\Pipeline->then(Object(Closure))
#49 C:\\wamp64\\www\\klaes\\vendor\\laravel\\framework\\src\\Illuminate\\Foundation\\Http\\Kernel.php(134): Illuminate\\Foundation\\Http\\Kernel->sendRequestThroughRouter(Object(Illuminate\\Http\\Request))
#50 C:\\wamp64\\www\\klaes\\public\\index.php(54): Illuminate\\Foundation\\Http\\Kernel->handle(Object(Illuminate\\Http\\Request))
#51 C:\\wamp64\\www\\klaes\\vendor\\laravel\\framework\\src\\Illuminate\\Foundation\\resources\\server.php(16): require_once('C:\\\\wamp64\\\\www\\\\k...')
#52 {main}

[previous exception] [object] (PDOException(code: 08001): SQLSTATE[08001]: [Microsoft][ODBC Driver 17 for SQL Server]TCP Provider: The wait operation timed out.

 at C:\\wamp64\\www\\klaes\\vendor\\laravel\\framework\\src\\Illuminate\\Database\\Connectors\\Connector.php:70)
[stacktrace]
#0 C:\\wamp64\\www\\klaes\\vendor\\laravel\\framework\\src\\Illuminate\\Database\\Connectors\\Connector.php(70): PDO->__construct('sqlsrv:Server=1...', 'klaesDb', Object(SensitiveParameterValue), Array)
#1 C:\\wamp64\\www\\klaes\\vendor\\laravel\\framework\\src\\Illuminate\\Database\\Connectors\\Connector.php(45): Illuminate\\Database\\Connectors\\Connector->createPdoConnection('sqlsrv:Server=1...', 'klaesDb', 'KlasdbStrongPas...', Array)
#2 C:\\wamp64\\www\\klaes\\vendor\\laravel\\framework\\src\\Illuminate\\Database\\Connectors\\SqlServerConnector.php(32): Illuminate\\Database\\Connectors\\Connector->createConnection('sqlsrv:Server=1...', Array, Array)
#3 C:\\wamp64\\www\\klaes\\vendor\\laravel\\framework\\src\\Illuminate\\Database\\Connectors\\ConnectionFactory.php(184): Illuminate\\Database\\Connectors\\SqlServerConnector->connect(Array)
#4 [internal function]: Illuminate\\Database\\Connectors\\ConnectionFactory->Illuminate\\Database\\Connectors\\{closure}()
#5 C:\\wamp64\\www\\klaes\\vendor\\laravel\\framework\\src\\Illuminate\\Database\\Connection.php(1181): call_user_func(Object(Closure))
#6 C:\\wamp64\\www\\klaes\\vendor\\laravel\\framework\\src\\Illuminate\\Database\\Connection.php(1217): Illuminate\\Database\\Connection->getPdo()
#7 C:\\wamp64\\www\\klaes\\vendor\\laravel\\framework\\src\\Illuminate\\Database\\Connection.php(486): Illuminate\\Database\\Connection->getReadPdo()
#8 C:\\wamp64\\www\\klaes\\vendor\\laravel\\framework\\src\\Illuminate\\Database\\Connection.php(414): Illuminate\\Database\\Connection->getPdoForSelect(true)
#9 C:\\wamp64\\www\\klaes\\vendor\\laravel\\framework\\src\\Illuminate\\Database\\Connection.php(753): Illuminate\\Database\\Connection->Illuminate\\Database\\{closure}('select top 1 * ...', Array)
#10 C:\\wamp64\\www\\klaes\\vendor\\laravel\\framework\\src\\Illuminate\\Database\\Connection.php(720): Illuminate\\Database\\Connection->runQueryCallback('select top 1 * ...', Array, Object(Closure))
#11 C:\\wamp64\\www\\klaes\\vendor\\laravel\\framework\\src\\Illuminate\\Database\\Connection.php(405): Illuminate\\Database\\Connection->run('select top 1 * ...', Array, Object(Closure))
#12 C:\\wamp64\\www\\klaes\\vendor\\laravel\\framework\\src\\Illuminate\\Database\\Query\\Builder.php(2705): Illuminate\\Database\\Connection->select('select top 1 * ...', Array, true)
#13 C:\\wamp64\\www\\klaes\\vendor\\laravel\\framework\\src\\Illuminate\\Database\\Query\\Builder.php(2694): Illuminate\\Database\\Query\\Builder->runSelect()
#14 C:\\wamp64\\www\\klaes\\vendor\\laravel\\framework\\src\\Illuminate\\Database\\Query\\Builder.php(3230): Illuminate\\Database\\Query\\Builder->Illuminate\\Database\\Query\\{closure}()
#15 C:\\wamp64\\www\\klaes\\vendor\\laravel\\framework\\src\\Illuminate\\Database\\Query\\Builder.php(2693): Illuminate\\Database\\Query\\Builder->onceWithColumns(Array, Object(Closure))
#16 C:\\wamp64\\www\\klaes\\vendor\\laravel\\framework\\src\\Illuminate\\Database\\Concerns\\BuildsQueries.php(296): Illuminate\\Database\\Query\\Builder->get(Array)
#17 C:\\wamp64\\www\\klaes\\vendor\\laravel\\framework\\src\\Illuminate\\Database\\Query\\Builder.php(2616): Illuminate\\Database\\Query\\Builder->first(Array)
#18 C:\\wamp64\\www\\klaes\\vendor\\laravel\\framework\\src\\Illuminate\\Session\\DatabaseSessionHandler.php(97): Illuminate\\Database\\Query\\Builder->find('foSTijZs8lj2Tkm...')
#19 C:\\wamp64\\www\\klaes\\vendor\\laravel\\framework\\src\\Illuminate\\Session\\Store.php(113): Illuminate\\Session\\DatabaseSessionHandler->read('foSTijZs8lj2Tkm...')
#20 C:\\wamp64\\www\\klaes\\vendor\\laravel\\framework\\src\\Illuminate\\Session\\Store.php(101): Illuminate\\Session\\Store->readFromHandler()
#21 C:\\wamp64\\www\\klaes\\vendor\\laravel\\framework\\src\\Illuminate\\Session\\Store.php(85): Illuminate\\Session\\Store->loadSession()
#22 C:\\wamp64\\www\\klaes\\vendor\\laravel\\framework\\src\\Illuminate\\Session\\Middleware\\StartSession.php(147): Illuminate\\Session\\Store->start()
#23 C:\\wamp64\\www\\klaes\\vendor\\laravel\\framework\\src\\Illuminate\\Support\\helpers.php(306): Illuminate\\Session\\Middleware\\StartSession->Illuminate\\Session\\Middleware\\{closure}(Object(Illuminate\\Session\\Store))
#24 C:\\wamp64\\www\\klaes\\vendor\\laravel\\framework\\src\\Illuminate\\Session\\Middleware\\StartSession.php(144): tap(Object(Illuminate\\Session\\Store), Object(Closure))
#25 C:\\wamp64\\www\\klaes\\vendor\\laravel\\framework\\src\\Illuminate\\Session\\Middleware\\StartSession.php(116): Illuminate\\Session\\Middleware\\StartSession->startSession(Object(Illuminate\\Http\\Request), Object(Illuminate\\Session\\Store))
#26 C:\\wamp64\\www\\klaes\\vendor\\laravel\\framework\\src\\Illuminate\\Session\\Middleware\\StartSession.php(64): Illuminate\\Session\\Middleware\\StartSession->handleStatefulRequest(Object(Illuminate\\Http\\Request), Object(Illuminate\\Session\\Store), Object(Closure))
#27 C:\\wamp64\\www\\klaes\\vendor\\laravel\\framework\\src\\Illuminate\\Pipeline\\Pipeline.php(180): Illuminate\\Session\\Middleware\\StartSession->handle(Object(Illuminate\\Http\\Request), Object(Closure))
#28 C:\\wamp64\\www\\klaes\\vendor\\laravel\\framework\\src\\Illuminate\\Cookie\\Middleware\\AddQueuedCookiesToResponse.php(37): Illuminate\\Pipeline\\Pipeline->Illuminate\\Pipeline\\{closure}(Object(Illuminate\\Http\\Request))
#29 C:\\wamp64\\www\\klaes\\vendor\\laravel\\framework\\src\\Illuminate\\Pipeline\\Pipeline.php(180): Illuminate\\Cookie\\Middleware\\AddQueuedCookiesToResponse->handle(Object(Illuminate\\Http\\Request), Object(Closure))
#30 C:\\wamp64\\www\\klaes\\vendor\\laravel\\framework\\src\\Illuminate\\Cookie\\Middleware\\EncryptCookies.php(67): Illuminate\\Pipeline\\Pipeline->Illuminate\\Pipeline\\{closure}(Object(Illuminate\\Http\\Request))
#31 C:\\wamp64\\www\\klaes\\vendor\\laravel\\framework\\src\\Illuminate\\Pipeline\\Pipeline.php(180): Illuminate\\Cookie\\Middleware\\EncryptCookies->handle(Object(Illuminate\\Http\\Request), Object(Closure))
#32 C:\\wamp64\\www\\klaes\\vendor\\laravel\\framework\\src\\Illuminate\\Pipeline\\Pipeline.php(116): Illuminate\\Pipeline\\Pipeline->Illuminate\\Pipeline\\{closure}(Object(Illuminate\\Http\\Request))
#33 C:\\wamp64\\www\\klaes\\vendor\\laravel\\framework\\src\\Illuminate\\Routing\\Router.php(797): Illuminate\\Pipeline\\Pipeline->then(Object(Closure))
#34 C:\\wamp64\\www\\klaes\\vendor\\laravel\\framework\\src\\Illuminate\\Routing\\Router.php(776): Illuminate\\Routing\\Router->runRouteWithinStack(Object(Illuminate\\Routing\\Route), Object(Illuminate\\Http\\Request))
#35 C:\\wamp64\\www\\klaes\\vendor\\laravel\\framework\\src\\Illuminate\\Routing\\Router.php(740): Illuminate\\Routing\\Router->runRoute(Object(Illuminate\\Http\\Request), Object(Illuminate\\Routing\\Route))
#36 C:\\wamp64\\www\\klaes\\vendor\\laravel\\framework\\src\\Illuminate\\Routing\\Router.php(729): Illuminate\\Routing\\Router->dispatchToRoute(Object(Illuminate\\Http\\Request))
#37 C:\\wamp64\\www\\klaes\\vendor\\laravel\\framework\\src\\Illuminate\\Foundation\\Http\\Kernel.php(190): Illuminate\\Routing\\Router->dispatch(Object(Illuminate\\Http\\Request))
#38 C:\\wamp64\\www\\klaes\\vendor\\laravel\\framework\\src\\Illuminate\\Pipeline\\Pipeline.php(141): Illuminate\\Foundation\\Http\\Kernel->Illuminate\\Foundation\\Http\\{closure}(Object(Illuminate\\Http\\Request))
#39 C:\\wamp64\\www\\klaes\\vendor\\livewire\\livewire\\src\\DisableBrowserCache.php(19): Illuminate\\Pipeline\\Pipeline->Illuminate\\Pipeline\\{closure}(Object(Illuminate\\Http\\Request))
#40 C:\\wamp64\\www\\klaes\\vendor\\laravel\\framework\\src\\Illuminate\\Pipeline\\Pipeline.php(180): Livewire\\DisableBrowserCache->handle(Object(Illuminate\\Http\\Request), Object(Closure))
#41 C:\\wamp64\\www\\klaes\\app\\Http\\Middleware\\Cors.php(23): Illuminate\\Pipeline\\Pipeline->Illuminate\\Pipeline\\{closure}(Object(Illuminate\\Http\\Request))
#42 C:\\wamp64\\www\\klaes\\vendor\\laravel\\framework\\src\\Illuminate\\Pipeline\\Pipeline.php(180): App\\Http\\Middleware\\Cors->handle(Object(Illuminate\\Http\\Request), Object(Closure))
#43 C:\\wamp64\\www\\klaes\\vendor\\laravel\\framework\\src\\Illuminate\\Foundation\\Http\\Middleware\\TransformsRequest.php(21): Illuminate\\Pipeline\\Pipeline->Illuminate\\Pipeline\\{closure}(Object(Illuminate\\Http\\Request))
#44 C:\\wamp64\\www\\klaes\\vendor\\laravel\\framework\\src\\Illuminate\\Foundation\\Http\\Middleware\\ConvertEmptyStringsToNull.php(31): Illuminate\\Foundation\\Http\\Middleware\\TransformsRequest->handle(Object(Illuminate\\Http\\Request), Object(Closure))
#45 C:\\wamp64\\www\\klaes\\vendor\\laravel\\framework\\src\\Illuminate\\Pipeline\\Pipeline.php(180): Illuminate\\Foundation\\Http\\Middleware\\ConvertEmptyStringsToNull->handle(Object(Illuminate\\Http\\Request), Object(Closure))
#46 C:\\wamp64\\www\\klaes\\vendor\\laravel\\framework\\src\\Illuminate\\Foundation\\Http\\Middleware\\TransformsRequest.php(21): Illuminate\\Pipeline\\Pipeline->Illuminate\\Pipeline\\{closure}(Object(Illuminate\\Http\\Request))
#47 C:\\wamp64\\www\\klaes\\vendor\\laravel\\framework\\src\\Illuminate\\Foundation\\Http\\Middleware\\TrimStrings.php(40): Illuminate\\Foundation\\Http\\Middleware\\TransformsRequest->handle(Object(Illuminate\\Http\\Request), Object(Closure))
#48 C:\\wamp64\\www\\klaes\\vendor\\laravel\\framework\\src\\Illuminate\\Pipeline\\Pipeline.php(180): Illuminate\\Foundation\\Http\\Middleware\\TrimStrings->handle(Object(Illuminate\\Http\\Request), Object(Closure))
#49 C:\\wamp64\\www\\klaes\\vendor\\laravel\\framework\\src\\Illuminate\\Foundation\\Http\\Middleware\\ValidatePostSize.php(27): Illuminate\\Pipeline\\Pipeline->Illuminate\\Pipeline\\{closure}(Object(Illuminate\\Http\\Request))
#50 C:\\wamp64\\www\\klaes\\vendor\\laravel\\framework\\src\\Illuminate\\Pipeline\\Pipeline.php(180): Illuminate\\Foundation\\Http\\Middleware\\ValidatePostSize->handle(Object(Illuminate\\Http\\Request), Object(Closure))
#51 C:\\wamp64\\www\\klaes\\vendor\\laravel\\framework\\src\\Illuminate\\Foundation\\Http\\Middleware\\PreventRequestsDuringMaintenance.php(86): Illuminate\\Pipeline\\Pipeline->Illuminate\\Pipeline\\{closure}(Object(Illuminate\\Http\\Request))
#52 C:\\wamp64\\www\\klaes\\vendor\\laravel\\framework\\src\\Illuminate\\Pipeline\\Pipeline.php(180): Illuminate\\Foundation\\Http\\Middleware\\PreventRequestsDuringMaintenance->handle(Object(Illuminate\\Http\\Request), Object(Closure))
#53 C:\\wamp64\\www\\klaes\\vendor\\laravel\\framework\\src\\Illuminate\\Http\\Middleware\\HandleCors.php(62): Illuminate\\Pipeline\\Pipeline->Illuminate\\Pipeline\\{closure}(Object(Illuminate\\Http\\Request))
#54 C:\\wamp64\\www\\klaes\\vendor\\laravel\\framework\\src\\Illuminate\\Pipeline\\Pipeline.php(180): Illuminate\\Http\\Middleware\\HandleCors->handle(Object(Illuminate\\Http\\Request), Object(Closure))
#55 C:\\wamp64\\www\\klaes\\vendor\\laravel\\framework\\src\\Illuminate\\Http\\Middleware\\TrustProxies.php(39): Illuminate\\Pipeline\\Pipeline->Illuminate\\Pipeline\\{closure}(Object(Illuminate\\Http\\Request))
#56 C:\\wamp64\\www\\klaes\\vendor\\laravel\\framework\\src\\Illuminate\\Pipeline\\Pipeline.php(180): Illuminate\\Http\\Middleware\\TrustProxies->handle(Object(Illuminate\\Http\\Request), Object(Closure))
#57 C:\\wamp64\\www\\klaes\\vendor\\laravel\\framework\\src\\Illuminate\\Pipeline\\Pipeline.php(116): Illuminate\\Pipeline\\Pipeline->Illuminate\\Pipeline\\{closure}(Object(Illuminate\\Http\\Request))
#58 C:\\wamp64\\www\\klaes\\vendor\\laravel\\framework\\src\\Illuminate\\Foundation\\Http\\Kernel.php(165): Illuminate\\Pipeline\\Pipeline->then(Object(Closure))
#59 C:\\wamp64\\www\\klaes\\vendor\\laravel\\framework\\src\\Illuminate\\Foundation\\Http\\Kernel.php(134): Illuminate\\Foundation\\Http\\Kernel->sendRequestThroughRouter(Object(Illuminate\\Http\\Request))
#60 C:\\wamp64\\www\\klaes\\public\\index.php(54): Illuminate\\Foundation\\Http\\Kernel->handle(Object(Illuminate\\Http\\Request))
#61 C:\\wamp64\\www\\klaes\\vendor\\laravel\\framework\\src\\Illuminate\\Foundation\\resources\\server.php(16): require_once('C:\\\\wamp64\\\\www\\\\k...')
#62 {main}
"} 
[2026-05-19 22:11:59] local.ERROR: SQLSTATE[08001]: [Microsoft][ODBC Driver 17 for SQL Server]TCP Provider: The wait operation timed out.
 (SQL: select top 1 * from [sessions] where [id] = foSTijZs8lj2TkmDW0dNBMXaTLtSsEpSEwMppuC6) {"exception":"[object] (Illuminate\\Database\\QueryException(code: 08001): SQLSTATE[08001]: [Microsoft][ODBC Driver 17 for SQL Server]TCP Provider: The wait operation timed out.

 (SQL: select top 1 * from [sessions] where [id] = foSTijZs8lj2TkmDW0dNBMXaTLtSsEpSEwMppuC6) at C:\\wamp64\\www\\klaes\\vendor\\laravel\\framework\\src\\Illuminate\\Database\\Connection.php:760)
[stacktrace]
#0 C:\\wamp64\\www\\klaes\\vendor\\laravel\\framework\\src\\Illuminate\\Database\\Connection.php(720): Illuminate\\Database\\Connection->runQueryCallback('select top 1 * ...', Array, Object(Closure))
#1 C:\\wamp64\\www\\klaes\\vendor\\laravel\\framework\\src\\Illuminate\\Database\\Connection.php(405): Illuminate\\Database\\Connection->run('select top 1 * ...', Array, Object(Closure))
#2 C:\\wamp64\\www\\klaes\\vendor\\laravel\\framework\\src\\Illuminate\\Database\\Query\\Builder.php(2705): Illuminate\\Database\\Connection->select('select top 1 * ...', Array, true)
#3 C:\\wamp64\\www\\klaes\\vendor\\laravel\\framework\\src\\Illuminate\\Database\\Query\\Builder.php(2694): Illuminate\\Database\\Query\\Builder->runSelect()
#4 C:\\wamp64\\www\\klaes\\vendor\\laravel\\framework\\src\\Illuminate\\Database\\Query\\Builder.php(3230): Illuminate\\Database\\Query\\Builder->Illuminate\\Database\\Query\\{closure}()
#5 C:\\wamp64\\www\\klaes\\vendor\\laravel\\framework\\src\\Illuminate\\Database\\Query\\Builder.php(2693): Illuminate\\Database\\Query\\Builder->onceWithColumns(Array, Object(Closure))
#6 C:\\wamp64\\www\\klaes\\vendor\\laravel\\framework\\src\\Illuminate\\Database\\Concerns\\BuildsQueries.php(296): Illuminate\\Database\\Query\\Builder->get(Array)
#7 C:\\wamp64\\www\\klaes\\vendor\\laravel\\framework\\src\\Illuminate\\Database\\Query\\Builder.php(2616): Illuminate\\Database\\Query\\Builder->first(Array)
#8 C:\\wamp64\\www\\klaes\\vendor\\laravel\\framework\\src\\Illuminate\\Session\\DatabaseSessionHandler.php(97): Illuminate\\Database\\Query\\Builder->find('foSTijZs8lj2Tkm...')
#9 C:\\wamp64\\www\\klaes\\vendor\\laravel\\framework\\src\\Illuminate\\Session\\Store.php(113): Illuminate\\Session\\DatabaseSessionHandler->read('foSTijZs8lj2Tkm...')
#10 C:\\wamp64\\www\\klaes\\vendor\\laravel\\framework\\src\\Illuminate\\Session\\Store.php(101): Illuminate\\Session\\Store->readFromHandler()
#11 C:\\wamp64\\www\\klaes\\vendor\\laravel\\framework\\src\\Illuminate\\Session\\Store.php(85): Illuminate\\Session\\Store->loadSession()
#12 C:\\wamp64\\www\\klaes\\vendor\\laravel\\framework\\src\\Illuminate\\Session\\Middleware\\StartSession.php(147): Illuminate\\Session\\Store->start()
#13 C:\\wamp64\\www\\klaes\\vendor\\laravel\\framework\\src\\Illuminate\\Support\\helpers.php(306): Illuminate\\Session\\Middleware\\StartSession->Illuminate\\Session\\Middleware\\{closure}(Object(Illuminate\\Session\\Store))
#14 C:\\wamp64\\www\\klaes\\vendor\\laravel\\framework\\src\\Illuminate\\Session\\Middleware\\StartSession.php(144): tap(Object(Illuminate\\Session\\Store), Object(Closure))
#15 C:\\wamp64\\www\\klaes\\vendor\\laravel\\framework\\src\\Illuminate\\Session\\Middleware\\StartSession.php(116): Illuminate\\Session\\Middleware\\StartSession->startSession(Object(Illuminate\\Http\\Request), Object(Illuminate\\Session\\Store))
#16 C:\\wamp64\\www\\klaes\\vendor\\laravel\\framework\\src\\Illuminate\\Session\\Middleware\\StartSession.php(64): Illuminate\\Session\\Middleware\\StartSession->handleStatefulRequest(Object(Illuminate\\Http\\Request), Object(Illuminate\\Session\\Store), Object(Closure))
#17 C:\\wamp64\\www\\klaes\\vendor\\laravel\\framework\\src\\Illuminate\\Pipeline\\Pipeline.php(180): Illuminate\\Session\\Middleware\\StartSession->handle(Object(Illuminate\\Http\\Request), Object(Closure))
#18 C:\\wamp64\\www\\klaes\\vendor\\laravel\\framework\\src\\Illuminate\\Cookie\\Middleware\\AddQueuedCookiesToResponse.php(37): Illuminate\\Pipeline\\Pipeline->Illuminate\\Pipeline\\{closure}(Object(Illuminate\\Http\\Request))
#19 C:\\wamp64\\www\\klaes\\vendor\\laravel\\framework\\src\\Illuminate\\Pipeline\\Pipeline.php(180): Illuminate\\Cookie\\Middleware\\AddQueuedCookiesToResponse->handle(Object(Illuminate\\Http\\Request), Object(Closure))
#20 C:\\wamp64\\www\\klaes\\vendor\\laravel\\framework\\src\\Illuminate\\Cookie\\Middleware\\EncryptCookies.php(67): Illuminate\\Pipeline\\Pipeline->Illuminate\\Pipeline\\{closure}(Object(Illuminate\\Http\\Request))
#21 C:\\wamp64\\www\\klaes\\vendor\\laravel\\framework\\src\\Illuminate\\Pipeline\\Pipeline.php(180): Illuminate\\Cookie\\Middleware\\EncryptCookies->handle(Object(Illuminate\\Http\\Request), Object(Closure))
#22 C:\\wamp64\\www\\klaes\\vendor\\laravel\\framework\\src\\Illuminate\\Pipeline\\Pipeline.php(116): Illuminate\\Pipeline\\Pipeline->Illuminate\\Pipeline\\{closure}(Object(Illuminate\\Http\\Request))
#23 C:\\wamp64\\www\\klaes\\vendor\\laravel\\framework\\src\\Illuminate\\Routing\\Router.php(797): Illuminate\\Pipeline\\Pipeline->then(Object(Closure))
#24 C:\\wamp64\\www\\klaes\\vendor\\laravel\\framework\\src\\Illuminate\\Routing\\Router.php(776): Illuminate\\Routing\\Router->runRouteWithinStack(Object(Illuminate\\Routing\\Route), Object(Illuminate\\Http\\Request))
#25 C:\\wamp64\\www\\klaes\\vendor\\laravel\\framework\\src\\Illuminate\\Routing\\Router.php(740): Illuminate\\Routing\\Router->runRoute(Object(Illuminate\\Http\\Request), Object(Illuminate\\Routing\\Route))
#26 C:\\wamp64\\www\\klaes\\vendor\\laravel\\framework\\src\\Illuminate\\Routing\\Router.php(729): Illuminate\\Routing\\Router->dispatchToRoute(Object(Illuminate\\Http\\Request))
#27 C:\\wamp64\\www\\klaes\\vendor\\laravel\\framework\\src\\Illuminate\\Foundation\\Http\\Kernel.php(190): Illuminate\\Routing\\Router->dispatch(Object(Illuminate\\Http\\Request))
#28 C:\\wamp64\\www\\klaes\\vendor\\laravel\\framework\\src\\Illuminate\\Pipeline\\Pipeline.php(141): Illuminate\\Foundation\\Http\\Kernel->Illuminate\\Foundation\\Http\\{closure}(Object(Illuminate\\Http\\Request))
#29 C:\\wamp64\\www\\klaes\\vendor\\livewire\\livewire\\src\\DisableBrowserCache.php(19): Illuminate\\Pipeline\\Pipeline->Illuminate\\Pipeline\\{closure}(Object(Illuminate\\Http\\Request))
#30 C:\\wamp64\\www\\klaes\\vendor\\laravel\\framework\\src\\Illuminate\\Pipeline\\Pipeline.php(180): Livewire\\DisableBrowserCache->handle(Object(Illuminate\\Http\\Request), Object(Closure))
#31 C:\\wamp64\\www\\klaes\\app\\Http\\Middleware\\Cors.php(23): Illuminate\\Pipeline\\Pipeline->Illuminate\\Pipeline\\{closure}(Object(Illuminate\\Http\\Request))
#32 C:\\wamp64\\www\\klaes\\vendor\\laravel\\framework\\src\\Illuminate\\Pipeline\\Pipeline.php(180): App\\Http\\Middleware\\Cors->handle(Object(Illuminate\\Http\\Request), Object(Closure))
#33 C:\\wamp64\\www\\klaes\\vendor\\laravel\\framework\\src\\Illuminate\\Foundation\\Http\\Middleware\\TransformsRequest.php(21): Illuminate\\Pipeline\\Pipeline->Illuminate\\Pipeline\\{closure}(Object(Illuminate\\Http\\Request))
#34 C:\\wamp64\\www\\klaes\\vendor\\laravel\\framework\\src\\Illuminate\\Foundation\\Http\\Middleware\\ConvertEmptyStringsToNull.php(31): Illuminate\\Foundation\\Http\\Middleware\\TransformsRequest->handle(Object(Illuminate\\Http\\Request), Object(Closure))
#35 C:\\wamp64\\www\\klaes\\vendor\\laravel\\framework\\src\\Illuminate\\Pipeline\\Pipeline.php(180): Illuminate\\Foundation\\Http\\Middleware\\ConvertEmptyStringsToNull->handle(Object(Illuminate\\Http\\Request), Object(Closure))
#36 C:\\wamp64\\www\\klaes\\vendor\\laravel\\framework\\src\\Illuminate\\Foundation\\Http\\Middleware\\TransformsRequest.php(21): Illuminate\\Pipeline\\Pipeline->Illuminate\\Pipeline\\{closure}(Object(Illuminate\\Http\\Request))
#37 C:\\wamp64\\www\\klaes\\vendor\\laravel\\framework\\src\\Illuminate\\Foundation\\Http\\Middleware\\TrimStrings.php(40): Illuminate\\Foundation\\Http\\Middleware\\TransformsRequest->handle(Object(Illuminate\\Http\\Request), Object(Closure))
#38 C:\\wamp64\\www\\klaes\\vendor\\laravel\\framework\\src\\Illuminate\\Pipeline\\Pipeline.php(180): Illuminate\\Foundation\\Http\\Middleware\\TrimStrings->handle(Object(Illuminate\\Http\\Request), Object(Closure))
#39 C:\\wamp64\\www\\klaes\\vendor\\laravel\\framework\\src\\Illuminate\\Foundation\\Http\\Middleware\\ValidatePostSize.php(27): Illuminate\\Pipeline\\Pipeline->Illuminate\\Pipeline\\{closure}(Object(Illuminate\\Http\\Request))
#40 C:\\wamp64\\www\\klaes\\vendor\\laravel\\framework\\src\\Illuminate\\Pipeline\\Pipeline.php(180): Illuminate\\Foundation\\Http\\Middleware\\ValidatePostSize->handle(Object(Illuminate\\Http\\Request), Object(Closure))
#41 C:\\wamp64\\www\\klaes\\vendor\\laravel\\framework\\src\\Illuminate\\Foundation\\Http\\Middleware\\PreventRequestsDuringMaintenance.php(86): Illuminate\\Pipeline\\Pipeline->Illuminate\\Pipeline\\{closure}(Object(Illuminate\\Http\\Request))
#42 C:\\wamp64\\www\\klaes\\vendor\\laravel\\framework\\src\\Illuminate\\Pipeline\\Pipeline.php(180): Illuminate\\Foundation\\Http\\Middleware\\PreventRequestsDuringMaintenance->handle(Object(Illuminate\\Http\\Request), Object(Closure))
#43 C:\\wamp64\\www\\klaes\\vendor\\laravel\\framework\\src\\Illuminate\\Http\\Middleware\\HandleCors.php(49): Illuminate\\Pipeline\\Pipeline->Illuminate\\Pipeline\\{closure}(Object(Illuminate\\Http\\Request))
#44 C:\\wamp64\\www\\klaes\\vendor\\laravel\\framework\\src\\Illuminate\\Pipeline\\Pipeline.php(180): Illuminate\\Http\\Middleware\\HandleCors->handle(Object(Illuminate\\Http\\Request), Object(Closure))
#45 C:\\wamp64\\www\\klaes\\vendor\\laravel\\framework\\src\\Illuminate\\Http\\Middleware\\TrustProxies.php(39): Illuminate\\Pipeline\\Pipeline->Illuminate\\Pipeline\\{closure}(Object(Illuminate\\Http\\Request))
#46 C:\\wamp64\\www\\klaes\\vendor\\laravel\\framework\\src\\Illuminate\\Pipeline\\Pipeline.php(180): Illuminate\\Http\\Middleware\\TrustProxies->handle(Object(Illuminate\\Http\\Request), Object(Closure))
#47 C:\\wamp64\\www\\klaes\\vendor\\laravel\\framework\\src\\Illuminate\\Pipeline\\Pipeline.php(116): Illuminate\\Pipeline\\Pipeline->Illuminate\\Pipeline\\{closure}(Object(Illuminate\\Http\\Request))
#48 C:\\wamp64\\www\\klaes\\vendor\\laravel\\framework\\src\\Illuminate\\Foundation\\Http\\Kernel.php(165): Illuminate\\Pipeline\\Pipeline->then(Object(Closure))
#49 C:\\wamp64\\www\\klaes\\vendor\\laravel\\framework\\src\\Illuminate\\Foundation\\Http\\Kernel.php(134): Illuminate\\Foundation\\Http\\Kernel->sendRequestThroughRouter(Object(Illuminate\\Http\\Request))
#50 C:\\wamp64\\www\\klaes\\public\\index.php(54): Illuminate\\Foundation\\Http\\Kernel->handle(Object(Illuminate\\Http\\Request))
#51 C:\\wamp64\\www\\klaes\\vendor\\laravel\\framework\\src\\Illuminate\\Foundation\\resources\\server.php(16): require_once('C:\\\\wamp64\\\\www\\\\k...')
#52 {main}

[previous exception] [object] (PDOException(code: 08001): SQLSTATE[08001]: [Microsoft][ODBC Driver 17 for SQL Server]TCP Provider: The wait operation timed out.

 at C:\\wamp64\\www\\klaes\\vendor\\laravel\\framework\\src\\Illuminate\\Database\\Connectors\\Connector.php:70)
[stacktrace]
#0 C:\\wamp64\\www\\klaes\\vendor\\laravel\\framework\\src\\Illuminate\\Database\\Connectors\\Connector.php(70): PDO->__construct('sqlsrv:Server=1...', 'klaesDb', Object(SensitiveParameterValue), Array)
#1 C:\\wamp64\\www\\klaes\\vendor\\laravel\\framework\\src\\Illuminate\\Database\\Connectors\\Connector.php(45): Illuminate\\Database\\Connectors\\Connector->createPdoConnection('sqlsrv:Server=1...', 'klaesDb', 'KlasdbStrongPas...', Array)
#2 C:\\wamp64\\www\\klaes\\vendor\\laravel\\framework\\src\\Illuminate\\Database\\Connectors\\SqlServerConnector.php(32): Illuminate\\Database\\Connectors\\Connector->createConnection('sqlsrv:Server=1...', Array, Array)
#3 C:\\wamp64\\www\\klaes\\vendor\\laravel\\framework\\src\\Illuminate\\Database\\Connectors\\ConnectionFactory.php(184): Illuminate\\Database\\Connectors\\SqlServerConnector->connect(Array)
#4 [internal function]: Illuminate\\Database\\Connectors\\ConnectionFactory->Illuminate\\Database\\Connectors\\{closure}()
#5 C:\\wamp64\\www\\klaes\\vendor\\laravel\\framework\\src\\Illuminate\\Database\\Connection.php(1181): call_user_func(Object(Closure))
#6 C:\\wamp64\\www\\klaes\\vendor\\laravel\\framework\\src\\Illuminate\\Database\\Connection.php(1217): Illuminate\\Database\\Connection->getPdo()
#7 C:\\wamp64\\www\\klaes\\vendor\\laravel\\framework\\src\\Illuminate\\Database\\Connection.php(486): Illuminate\\Database\\Connection->getReadPdo()
#8 C:\\wamp64\\www\\klaes\\vendor\\laravel\\framework\\src\\Illuminate\\Database\\Connection.php(414): Illuminate\\Database\\Connection->getPdoForSelect(true)
#9 C:\\wamp64\\www\\klaes\\vendor\\laravel\\framework\\src\\Illuminate\\Database\\Connection.php(753): Illuminate\\Database\\Connection->Illuminate\\Database\\{closure}('select top 1 * ...', Array)
#10 C:\\wamp64\\www\\klaes\\vendor\\laravel\\framework\\src\\Illuminate\\Database\\Connection.php(720): Illuminate\\Database\\Connection->runQueryCallback('select top 1 * ...', Array, Object(Closure))
#11 C:\\wamp64\\www\\klaes\\vendor\\laravel\\framework\\src\\Illuminate\\Database\\Connection.php(405): Illuminate\\Database\\Connection->run('select top 1 * ...', Array, Object(Closure))
#12 C:\\wamp64\\www\\klaes\\vendor\\laravel\\framework\\src\\Illuminate\\Database\\Query\\Builder.php(2705): Illuminate\\Database\\Connection->select('select top 1 * ...', Array, true)
#13 C:\\wamp64\\www\\klaes\\vendor\\laravel\\framework\\src\\Illuminate\\Database\\Query\\Builder.php(2694): Illuminate\\Database\\Query\\Builder->runSelect()
#14 C:\\wamp64\\www\\klaes\\vendor\\laravel\\framework\\src\\Illuminate\\Database\\Query\\Builder.php(3230): Illuminate\\Database\\Query\\Builder->Illuminate\\Database\\Query\\{closure}()
#15 C:\\wamp64\\www\\klaes\\vendor\\laravel\\framework\\src\\Illuminate\\Database\\Query\\Builder.php(2693): Illuminate\\Database\\Query\\Builder->onceWithColumns(Array, Object(Closure))
#16 C:\\wamp64\\www\\klaes\\vendor\\laravel\\framework\\src\\Illuminate\\Database\\Concerns\\BuildsQueries.php(296): Illuminate\\Database\\Query\\Builder->get(Array)
#17 C:\\wamp64\\www\\klaes\\vendor\\laravel\\framework\\src\\Illuminate\\Database\\Query\\Builder.php(2616): Illuminate\\Database\\Query\\Builder->first(Array)
#18 C:\\wamp64\\www\\klaes\\vendor\\laravel\\framework\\src\\Illuminate\\Session\\DatabaseSessionHandler.php(97): Illuminate\\Database\\Query\\Builder->find('foSTijZs8lj2Tkm...')
#19 C:\\wamp64\\www\\klaes\\vendor\\laravel\\framework\\src\\Illuminate\\Session\\Store.php(113): Illuminate\\Session\\DatabaseSessionHandler->read('foSTijZs8lj2Tkm...')
#20 C:\\wamp64\\www\\klaes\\vendor\\laravel\\framework\\src\\Illuminate\\Session\\Store.php(101): Illuminate\\Session\\Store->readFromHandler()
#21 C:\\wamp64\\www\\klaes\\vendor\\laravel\\framework\\src\\Illuminate\\Session\\Store.php(85): Illuminate\\Session\\Store->loadSession()
#22 C:\\wamp64\\www\\klaes\\vendor\\laravel\\framework\\src\\Illuminate\\Session\\Middleware\\StartSession.php(147): Illuminate\\Session\\Store->start()
#23 C:\\wamp64\\www\\klaes\\vendor\\laravel\\framework\\src\\Illuminate\\Support\\helpers.php(306): Illuminate\\Session\\Middleware\\StartSession->Illuminate\\Session\\Middleware\\{closure}(Object(Illuminate\\Session\\Store))
#24 C:\\wamp64\\www\\klaes\\vendor\\laravel\\framework\\src\\Illuminate\\Session\\Middleware\\StartSession.php(144): tap(Object(Illuminate\\Session\\Store), Object(Closure))
#25 C:\\wamp64\\www\\klaes\\vendor\\laravel\\framework\\src\\Illuminate\\Session\\Middleware\\StartSession.php(116): Illuminate\\Session\\Middleware\\StartSession->startSession(Object(Illuminate\\Http\\Request), Object(Illuminate\\Session\\Store))
#26 C:\\wamp64\\www\\klaes\\vendor\\laravel\\framework\\src\\Illuminate\\Session\\Middleware\\StartSession.php(64): Illuminate\\Session\\Middleware\\StartSession->handleStatefulRequest(Object(Illuminate\\Http\\Request), Object(Illuminate\\Session\\Store), Object(Closure))
#27 C:\\wamp64\\www\\klaes\\vendor\\laravel\\framework\\src\\Illuminate\\Pipeline\\Pipeline.php(180): Illuminate\\Session\\Middleware\\StartSession->handle(Object(Illuminate\\Http\\Request), Object(Closure))
#28 C:\\wamp64\\www\\klaes\\vendor\\laravel\\framework\\src\\Illuminate\\Cookie\\Middleware\\AddQueuedCookiesToResponse.php(37): Illuminate\\Pipeline\\Pipeline->Illuminate\\Pipeline\\{closure}(Object(Illuminate\\Http\\Request))
#29 C:\\wamp64\\www\\klaes\\vendor\\laravel\\framework\\src\\Illuminate\\Pipeline\\Pipeline.php(180): Illuminate\\Cookie\\Middleware\\AddQueuedCookiesToResponse->handle(Object(Illuminate\\Http\\Request), Object(Closure))
#30 C:\\wamp64\\www\\klaes\\vendor\\laravel\\framework\\src\\Illuminate\\Cookie\\Middleware\\EncryptCookies.php(67): Illuminate\\Pipeline\\Pipeline->Illuminate\\Pipeline\\{closure}(Object(Illuminate\\Http\\Request))
#31 C:\\wamp64\\www\\klaes\\vendor\\laravel\\framework\\src\\Illuminate\\Pipeline\\Pipeline.php(180): Illuminate\\Cookie\\Middleware\\EncryptCookies->handle(Object(Illuminate\\Http\\Request), Object(Closure))
#32 C:\\wamp64\\www\\klaes\\vendor\\laravel\\framework\\src\\Illuminate\\Pipeline\\Pipeline.php(116): Illuminate\\Pipeline\\Pipeline->Illuminate\\Pipeline\\{closure}(Object(Illuminate\\Http\\Request))
#33 C:\\wamp64\\www\\klaes\\vendor\\laravel\\framework\\src\\Illuminate\\Routing\\Router.php(797): Illuminate\\Pipeline\\Pipeline->then(Object(Closure))
#34 C:\\wamp64\\www\\klaes\\vendor\\laravel\\framework\\src\\Illuminate\\Routing\\Router.php(776): Illuminate\\Routing\\Router->runRouteWithinStack(Object(Illuminate\\Routing\\Route), Object(Illuminate\\Http\\Request))
#35 C:\\wamp64\\www\\klaes\\vendor\\laravel\\framework\\src\\Illuminate\\Routing\\Router.php(740): Illuminate\\Routing\\Router->runRoute(Object(Illuminate\\Http\\Request), Object(Illuminate\\Routing\\Route))
#36 C:\\wamp64\\www\\klaes\\vendor\\laravel\\framework\\src\\Illuminate\\Routing\\Router.php(729): Illuminate\\Routing\\Router->dispatchToRoute(Object(Illuminate\\Http\\Request))
#37 C:\\wamp64\\www\\klaes\\vendor\\laravel\\framework\\src\\Illuminate\\Foundation\\Http\\Kernel.php(190): Illuminate\\Routing\\Router->dispatch(Object(Illuminate\\Http\\Request))
#38 C:\\wamp64\\www\\klaes\\vendor\\laravel\\framework\\src\\Illuminate\\Pipeline\\Pipeline.php(141): Illuminate\\Foundation\\Http\\Kernel->Illuminate\\Foundation\\Http\\{closure}(Object(Illuminate\\Http\\Request))
#39 C:\\wamp64\\www\\klaes\\vendor\\livewire\\livewire\\src\\DisableBrowserCache.php(19): Illuminate\\Pipeline\\Pipeline->Illuminate\\Pipeline\\{closure}(Object(Illuminate\\Http\\Request))
#40 C:\\wamp64\\www\\klaes\\vendor\\laravel\\framework\\src\\Illuminate\\Pipeline\\Pipeline.php(180): Livewire\\DisableBrowserCache->handle(Object(Illuminate\\Http\\Request), Object(Closure))
#41 C:\\wamp64\\www\\klaes\\app\\Http\\Middleware\\Cors.php(23): Illuminate\\Pipeline\\Pipeline->Illuminate\\Pipeline\\{closure}(Object(Illuminate\\Http\\Request))
#42 C:\\wamp64\\www\\klaes\\vendor\\laravel\\framework\\src\\Illuminate\\Pipeline\\Pipeline.php(180): App\\Http\\Middleware\\Cors->handle(Object(Illuminate\\Http\\Request), Object(Closure))
#43 C:\\wamp64\\www\\klaes\\vendor\\laravel\\framework\\src\\Illuminate\\Foundation\\Http\\Middleware\\TransformsRequest.php(21): Illuminate\\Pipeline\\Pipeline->Illuminate\\Pipeline\\{closure}(Object(Illuminate\\Http\\Request))
#44 C:\\wamp64\\www\\klaes\\vendor\\laravel\\framework\\src\\Illuminate\\Foundation\\Http\\Middleware\\ConvertEmptyStringsToNull.php(31): Illuminate\\Foundation\\Http\\Middleware\\TransformsRequest->handle(Object(Illuminate\\Http\\Request), Object(Closure))
#45 C:\\wamp64\\www\\klaes\\vendor\\laravel\\framework\\src\\Illuminate\\Pipeline\\Pipeline.php(180): Illuminate\\Foundation\\Http\\Middleware\\ConvertEmptyStringsToNull->handle(Object(Illuminate\\Http\\Request), Object(Closure))
#46 C:\\wamp64\\www\\klaes\\vendor\\laravel\\framework\\src\\Illuminate\\Foundation\\Http\\Middleware\\TransformsRequest.php(21): Illuminate\\Pipeline\\Pipeline->Illuminate\\Pipeline\\{closure}(Object(Illuminate\\Http\\Request))
#47 C:\\wamp64\\www\\klaes\\vendor\\laravel\\framework\\src\\Illuminate\\Foundation\\Http\\Middleware\\TrimStrings.php(40): Illuminate\\Foundation\\Http\\Middleware\\TransformsRequest->handle(Object(Illuminate\\Http\\Request), Object(Closure))
#48 C:\\wamp64\\www\\klaes\\vendor\\laravel\\framework\\src\\Illuminate\\Pipeline\\Pipeline.php(180): Illuminate\\Foundation\\Http\\Middleware\\TrimStrings->handle(Object(Illuminate\\Http\\Request), Object(Closure))
#49 C:\\wamp64\\www\\klaes\\vendor\\laravel\\framework\\src\\Illuminate\\Foundation\\Http\\Middleware\\ValidatePostSize.php(27): Illuminate\\Pipeline\\Pipeline->Illuminate\\Pipeline\\{closure}(Object(Illuminate\\Http\\Request))
#50 C:\\wamp64\\www\\klaes\\vendor\\laravel\\framework\\src\\Illuminate\\Pipeline\\Pipeline.php(180): Illuminate\\Foundation\\Http\\Middleware\\ValidatePostSize->handle(Object(Illuminate\\Http\\Request), Object(Closure))
#51 C:\\wamp64\\www\\klaes\\vendor\\laravel\\framework\\src\\Illuminate\\Foundation\\Http\\Middleware\\PreventRequestsDuringMaintenance.php(86): Illuminate\\Pipeline\\Pipeline->Illuminate\\Pipeline\\{closure}(Object(Illuminate\\Http\\Request))
#52 C:\\wamp64\\www\\klaes\\vendor\\laravel\\framework\\src\\Illuminate\\Pipeline\\Pipeline.php(180): Illuminate\\Foundation\\Http\\Middleware\\PreventRequestsDuringMaintenance->handle(Object(Illuminate\\Http\\Request), Object(Closure))
#53 C:\\wamp64\\www\\klaes\\vendor\\laravel\\framework\\src\\Illuminate\\Http\\Middleware\\HandleCors.php(49): Illuminate\\Pipeline\\Pipeline->Illuminate\\Pipeline\\{closure}(Object(Illuminate\\Http\\Request))
#54 C:\\wamp64\\www\\klaes\\vendor\\laravel\\framework\\src\\Illuminate\\Pipeline\\Pipeline.php(180): Illuminate\\Http\\Middleware\\HandleCors->handle(Object(Illuminate\\Http\\Request), Object(Closure))
#55 C:\\wamp64\\www\\klaes\\vendor\\laravel\\framework\\src\\Illuminate\\Http\\Middleware\\TrustProxies.php(39): Illuminate\\Pipeline\\Pipeline->Illuminate\\Pipeline\\{closure}(Object(Illuminate\\Http\\Request))
#56 C:\\wamp64\\www\\klaes\\vendor\\laravel\\framework\\src\\Illuminate\\Pipeline\\Pipeline.php(180): Illuminate\\Http\\Middleware\\TrustProxies->handle(Object(Illuminate\\Http\\Request), Object(Closure))
#57 C:\\wamp64\\www\\klaes\\vendor\\laravel\\framework\\src\\Illuminate\\Pipeline\\Pipeline.php(116): Illuminate\\Pipeline\\Pipeline->Illuminate\\Pipeline\\{closure}(Object(Illuminate\\Http\\Request))
#58 C:\\wamp64\\www\\klaes\\vendor\\laravel\\framework\\src\\Illuminate\\Foundation\\Http\\Kernel.php(165): Illuminate\\Pipeline\\Pipeline->then(Object(Closure))
#59 C:\\wamp64\\www\\klaes\\vendor\\laravel\\framework\\src\\Illuminate\\Foundation\\Http\\Kernel.php(134): Illuminate\\Foundation\\Http\\Kernel->sendRequestThroughRouter(Object(Illuminate\\Http\\Request))
#60 C:\\wamp64\\www\\klaes\\public\\index.php(54): Illuminate\\Foundation\\Http\\Kernel->handle(Object(Illuminate\\Http\\Request))
#61 C:\\wamp64\\www\\klaes\\vendor\\laravel\\framework\\src\\Illuminate\\Foundation\\resources\\server.php(16): require_once('C:\\\\wamp64\\\\www\\\\k...')
#62 {main}
"} 
[2026-05-19 22:12:15] local.ERROR: SQLSTATE[08001]: [Microsoft][ODBC Driver 17 for SQL Server]TCP Provider: The wait operation timed out.
 (SQL: select top 1 * from [sessions] where [id] = foSTijZs8lj2TkmDW0dNBMXaTLtSsEpSEwMppuC6) {"exception":"[object] (Illuminate\\Database\\QueryException(code: 08001): SQLSTATE[08001]: [Microsoft][ODBC Driver 17 for SQL Server]TCP Provider: The wait operation timed out.

 (SQL: select top 1 * from [sessions] where [id] = foSTijZs8lj2TkmDW0dNBMXaTLtSsEpSEwMppuC6) at C:\\wamp64\\www\\klaes\\vendor\\laravel\\framework\\src\\Illuminate\\Database\\Connection.php:760)
[stacktrace]
#0 C:\\wamp64\\www\\klaes\\vendor\\laravel\\framework\\src\\Illuminate\\Database\\Connection.php(720): Illuminate\\Database\\Connection->runQueryCallback('select top 1 * ...', Array, Object(Closure))
#1 C:\\wamp64\\www\\klaes\\vendor\\laravel\\framework\\src\\Illuminate\\Database\\Connection.php(405): Illuminate\\Database\\Connection->run('select top 1 * ...', Array, Object(Closure))
#2 C:\\wamp64\\www\\klaes\\vendor\\laravel\\framework\\src\\Illuminate\\Database\\Query\\Builder.php(2705): Illuminate\\Database\\Connection->select('select top 1 * ...', Array, true)
#3 C:\\wamp64\\www\\klaes\\vendor\\laravel\\framework\\src\\Illuminate\\Database\\Query\\Builder.php(2694): Illuminate\\Database\\Query\\Builder->runSelect()
#4 C:\\wamp64\\www\\klaes\\vendor\\laravel\\framework\\src\\Illuminate\\Database\\Query\\Builder.php(3230): Illuminate\\Database\\Query\\Builder->Illuminate\\Database\\Query\\{closure}()
#5 C:\\wamp64\\www\\klaes\\vendor\\laravel\\framework\\src\\Illuminate\\Database\\Query\\Builder.php(2693): Illuminate\\Database\\Query\\Builder->onceWithColumns(Array, Object(Closure))
#6 C:\\wamp64\\www\\klaes\\vendor\\laravel\\framework\\src\\Illuminate\\Database\\Concerns\\BuildsQueries.php(296): Illuminate\\Database\\Query\\Builder->get(Array)
#7 C:\\wamp64\\www\\klaes\\vendor\\laravel\\framework\\src\\Illuminate\\Database\\Query\\Builder.php(2616): Illuminate\\Database\\Query\\Builder->first(Array)
#8 C:\\wamp64\\www\\klaes\\vendor\\laravel\\framework\\src\\Illuminate\\Session\\DatabaseSessionHandler.php(97): Illuminate\\Database\\Query\\Builder->find('foSTijZs8lj2Tkm...')
#9 C:\\wamp64\\www\\klaes\\vendor\\laravel\\framework\\src\\Illuminate\\Session\\Store.php(113): Illuminate\\Session\\DatabaseSessionHandler->read('foSTijZs8lj2Tkm...')
#10 C:\\wamp64\\www\\klaes\\vendor\\laravel\\framework\\src\\Illuminate\\Session\\Store.php(101): Illuminate\\Session\\Store->readFromHandler()
#11 C:\\wamp64\\www\\klaes\\vendor\\laravel\\framework\\src\\Illuminate\\Session\\Store.php(85): Illuminate\\Session\\Store->loadSession()
#12 C:\\wamp64\\www\\klaes\\vendor\\laravel\\framework\\src\\Illuminate\\Session\\Middleware\\StartSession.php(147): Illuminate\\Session\\Store->start()
#13 C:\\wamp64\\www\\klaes\\vendor\\laravel\\framework\\src\\Illuminate\\Support\\helpers.php(306): Illuminate\\Session\\Middleware\\StartSession->Illuminate\\Session\\Middleware\\{closure}(Object(Illuminate\\Session\\Store))
#14 C:\\wamp64\\www\\klaes\\vendor\\laravel\\framework\\src\\Illuminate\\Session\\Middleware\\StartSession.php(144): tap(Object(Illuminate\\Session\\Store), Object(Closure))
#15 C:\\wamp64\\www\\klaes\\vendor\\laravel\\framework\\src\\Illuminate\\Session\\Middleware\\StartSession.php(116): Illuminate\\Session\\Middleware\\StartSession->startSession(Object(Illuminate\\Http\\Request), Object(Illuminate\\Session\\Store))
#16 C:\\wamp64\\www\\klaes\\vendor\\laravel\\framework\\src\\Illuminate\\Session\\Middleware\\StartSession.php(64): Illuminate\\Session\\Middleware\\StartSession->handleStatefulRequest(Object(Illuminate\\Http\\Request), Object(Illuminate\\Session\\Store), Object(Closure))
#17 C:\\wamp64\\www\\klaes\\vendor\\laravel\\framework\\src\\Illuminate\\Pipeline\\Pipeline.php(180): Illuminate\\Session\\Middleware\\StartSession->handle(Object(Illuminate\\Http\\Request), Object(Closure))
#18 C:\\wamp64\\www\\klaes\\vendor\\laravel\\framework\\src\\Illuminate\\Cookie\\Middleware\\AddQueuedCookiesToResponse.php(37): Illuminate\\Pipeline\\Pipeline->Illuminate\\Pipeline\\{closure}(Object(Illuminate\\Http\\Request))
#19 C:\\wamp64\\www\\klaes\\vendor\\laravel\\framework\\src\\Illuminate\\Pipeline\\Pipeline.php(180): Illuminate\\Cookie\\Middleware\\AddQueuedCookiesToResponse->handle(Object(Illuminate\\Http\\Request), Object(Closure))
#20 C:\\wamp64\\www\\klaes\\vendor\\laravel\\framework\\src\\Illuminate\\Cookie\\Middleware\\EncryptCookies.php(67): Illuminate\\Pipeline\\Pipeline->Illuminate\\Pipeline\\{closure}(Object(Illuminate\\Http\\Request))
#21 C:\\wamp64\\www\\klaes\\vendor\\laravel\\framework\\src\\Illuminate\\Pipeline\\Pipeline.php(180): Illuminate\\Cookie\\Middleware\\EncryptCookies->handle(Object(Illuminate\\Http\\Request), Object(Closure))
#22 C:\\wamp64\\www\\klaes\\vendor\\laravel\\framework\\src\\Illuminate\\Pipeline\\Pipeline.php(116): Illuminate\\Pipeline\\Pipeline->Illuminate\\Pipeline\\{closure}(Object(Illuminate\\Http\\Request))
#23 C:\\wamp64\\www\\klaes\\vendor\\laravel\\framework\\src\\Illuminate\\Routing\\Router.php(797): Illuminate\\Pipeline\\Pipeline->then(Object(Closure))
#24 C:\\wamp64\\www\\klaes\\vendor\\laravel\\framework\\src\\Illuminate\\Routing\\Router.php(776): Illuminate\\Routing\\Router->runRouteWithinStack(Object(Illuminate\\Routing\\Route), Object(Illuminate\\Http\\Request))
#25 C:\\wamp64\\www\\klaes\\vendor\\laravel\\framework\\src\\Illuminate\\Routing\\Router.php(740): Illuminate\\Routing\\Router->runRoute(Object(Illuminate\\Http\\Request), Object(Illuminate\\Routing\\Route))
#26 C:\\wamp64\\www\\klaes\\vendor\\laravel\\framework\\src\\Illuminate\\Routing\\Router.php(729): Illuminate\\Routing\\Router->dispatchToRoute(Object(Illuminate\\Http\\Request))
#27 C:\\wamp64\\www\\klaes\\vendor\\laravel\\framework\\src\\Illuminate\\Foundation\\Http\\Kernel.php(190): Illuminate\\Routing\\Router->dispatch(Object(Illuminate\\Http\\Request))
#28 C:\\wamp64\\www\\klaes\\vendor\\laravel\\framework\\src\\Illuminate\\Pipeline\\Pipeline.php(141): Illuminate\\Foundation\\Http\\Kernel->Illuminate\\Foundation\\Http\\{closure}(Object(Illuminate\\Http\\Request))
#29 C:\\wamp64\\www\\klaes\\vendor\\livewire\\livewire\\src\\DisableBrowserCache.php(19): Illuminate\\Pipeline\\Pipeline->Illuminate\\Pipeline\\{closure}(Object(Illuminate\\Http\\Request))
#30 C:\\wamp64\\www\\klaes\\vendor\\laravel\\framework\\src\\Illuminate\\Pipeline\\Pipeline.php(180): Livewire\\DisableBrowserCache->handle(Object(Illuminate\\Http\\Request), Object(Closure))
#31 C:\\wamp64\\www\\klaes\\app\\Http\\Middleware\\Cors.php(23): Illuminate\\Pipeline\\Pipeline->Illuminate\\Pipeline\\{closure}(Object(Illuminate\\Http\\Request))
#32 C:\\wamp64\\www\\klaes\\vendor\\laravel\\framework\\src\\Illuminate\\Pipeline\\Pipeline.php(180): App\\Http\\Middleware\\Cors->handle(Object(Illuminate\\Http\\Request), Object(Closure))
#33 C:\\wamp64\\www\\klaes\\vendor\\laravel\\framework\\src\\Illuminate\\Foundation\\Http\\Middleware\\TransformsRequest.php(21): Illuminate\\Pipeline\\Pipeline->Illuminate\\Pipeline\\{closure}(Object(Illuminate\\Http\\Request))
#34 C:\\wamp64\\www\\klaes\\vendor\\laravel\\framework\\src\\Illuminate\\Foundation\\Http\\Middleware\\ConvertEmptyStringsToNull.php(31): Illuminate\\Foundation\\Http\\Middleware\\TransformsRequest->handle(Object(Illuminate\\Http\\Request), Object(Closure))
#35 C:\\wamp64\\www\\klaes\\vendor\\laravel\\framework\\src\\Illuminate\\Pipeline\\Pipeline.php(180): Illuminate\\Foundation\\Http\\Middleware\\ConvertEmptyStringsToNull->handle(Object(Illuminate\\Http\\Request), Object(Closure))
#36 C:\\wamp64\\www\\klaes\\vendor\\laravel\\framework\\src\\Illuminate\\Foundation\\Http\\Middleware\\TransformsRequest.php(21): Illuminate\\Pipeline\\Pipeline->Illuminate\\Pipeline\\{closure}(Object(Illuminate\\Http\\Request))
#37 C:\\wamp64\\www\\klaes\\vendor\\laravel\\framework\\src\\Illuminate\\Foundation\\Http\\Middleware\\TrimStrings.php(40): Illuminate\\Foundation\\Http\\Middleware\\TransformsRequest->handle(Object(Illuminate\\Http\\Request), Object(Closure))
#38 C:\\wamp64\\www\\klaes\\vendor\\laravel\\framework\\src\\Illuminate\\Pipeline\\Pipeline.php(180): Illuminate\\Foundation\\Http\\Middleware\\TrimStrings->handle(Object(Illuminate\\Http\\Request), Object(Closure))
#39 C:\\wamp64\\www\\klaes\\vendor\\laravel\\framework\\src\\Illuminate\\Foundation\\Http\\Middleware\\ValidatePostSize.php(27): Illuminate\\Pipeline\\Pipeline->Illuminate\\Pipeline\\{closure}(Object(Illuminate\\Http\\Request))
#40 C:\\wamp64\\www\\klaes\\vendor\\laravel\\framework\\src\\Illuminate\\Pipeline\\Pipeline.php(180): Illuminate\\Foundation\\Http\\Middleware\\ValidatePostSize->handle(Object(Illuminate\\Http\\Request), Object(Closure))
#41 C:\\wamp64\\www\\klaes\\vendor\\laravel\\framework\\src\\Illuminate\\Foundation\\Http\\Middleware\\PreventRequestsDuringMaintenance.php(86): Illuminate\\Pipeline\\Pipeline->Illuminate\\Pipeline\\{closure}(Object(Illuminate\\Http\\Request))
#42 C:\\wamp64\\www\\klaes\\vendor\\laravel\\framework\\src\\Illuminate\\Pipeline\\Pipeline.php(180): Illuminate\\Foundation\\Http\\Middleware\\PreventRequestsDuringMaintenance->handle(Object(Illuminate\\Http\\Request), Object(Closure))
#43 C:\\wamp64\\www\\klaes\\vendor\\laravel\\framework\\src\\Illuminate\\Http\\Middleware\\HandleCors.php(49): Illuminate\\Pipeline\\Pipeline->Illuminate\\Pipeline\\{closure}(Object(Illuminate\\Http\\Request))
#44 C:\\wamp64\\www\\klaes\\vendor\\laravel\\framework\\src\\Illuminate\\Pipeline\\Pipeline.php(180): Illuminate\\Http\\Middleware\\HandleCors->handle(Object(Illuminate\\Http\\Request), Object(Closure))
#45 C:\\wamp64\\www\\klaes\\vendor\\laravel\\framework\\src\\Illuminate\\Http\\Middleware\\TrustProxies.php(39): Illuminate\\Pipeline\\Pipeline->Illuminate\\Pipeline\\{closure}(Object(Illuminate\\Http\\Request))
#46 C:\\wamp64\\www\\klaes\\vendor\\laravel\\framework\\src\\Illuminate\\Pipeline\\Pipeline.php(180): Illuminate\\Http\\Middleware\\TrustProxies->handle(Object(Illuminate\\Http\\Request), Object(Closure))
#47 C:\\wamp64\\www\\klaes\\vendor\\laravel\\framework\\src\\Illuminate\\Pipeline\\Pipeline.php(116): Illuminate\\Pipeline\\Pipeline->Illuminate\\Pipeline\\{closure}(Object(Illuminate\\Http\\Request))
#48 C:\\wamp64\\www\\klaes\\vendor\\laravel\\framework\\src\\Illuminate\\Foundation\\Http\\Kernel.php(165): Illuminate\\Pipeline\\Pipeline->then(Object(Closure))
#49 C:\\wamp64\\www\\klaes\\vendor\\laravel\\framework\\src\\Illuminate\\Foundation\\Http\\Kernel.php(134): Illuminate\\Foundation\\Http\\Kernel->sendRequestThroughRouter(Object(Illuminate\\Http\\Request))
#50 C:\\wamp64\\www\\klaes\\public\\index.php(54): Illuminate\\Foundation\\Http\\Kernel->handle(Object(Illuminate\\Http\\Request))
#51 C:\\wamp64\\www\\klaes\\vendor\\laravel\\framework\\src\\Illuminate\\Foundation\\resources\\server.php(16): require_once('C:\\\\wamp64\\\\www\\\\k...')
#52 {main}

[previous exception] [object] (PDOException(code: 08001): SQLSTATE[08001]: [Microsoft][ODBC Driver 17 for SQL Server]TCP Provider: The wait operation timed out.

 at C:\\wamp64\\www\\klaes\\vendor\\laravel\\framework\\src\\Illuminate\\Database\\Connectors\\Connector.php:70)
[stacktrace]
#0 C:\\wamp64\\www\\klaes\\vendor\\laravel\\framework\\src\\Illuminate\\Database\\Connectors\\Connector.php(70): PDO->__construct('sqlsrv:Server=1...', 'klaesDb', Object(SensitiveParameterValue), Array)
#1 C:\\wamp64\\www\\klaes\\vendor\\laravel\\framework\\src\\Illuminate\\Database\\Connectors\\Connector.php(45): Illuminate\\Database\\Connectors\\Connector->createPdoConnection('sqlsrv:Server=1...', 'klaesDb', 'KlasdbStrongPas...', Array)
#2 C:\\wamp64\\www\\klaes\\vendor\\laravel\\framework\\src\\Illuminate\\Database\\Connectors\\SqlServerConnector.php(32): Illuminate\\Database\\Connectors\\Connector->createConnection('sqlsrv:Server=1...', Array, Array)
#3 C:\\wamp64\\www\\klaes\\vendor\\laravel\\framework\\src\\Illuminate\\Database\\Connectors\\ConnectionFactory.php(184): Illuminate\\Database\\Connectors\\SqlServerConnector->connect(Array)
#4 [internal function]: Illuminate\\Database\\Connectors\\ConnectionFactory->Illuminate\\Database\\Connectors\\{closure}()
#5 C:\\wamp64\\www\\klaes\\vendor\\laravel\\framework\\src\\Illuminate\\Database\\Connection.php(1181): call_user_func(Object(Closure))
#6 C:\\wamp64\\www\\klaes\\vendor\\laravel\\framework\\src\\Illuminate\\Database\\Connection.php(1217): Illuminate\\Database\\Connection->getPdo()
#7 C:\\wamp64\\www\\klaes\\vendor\\laravel\\framework\\src\\Illuminate\\Database\\Connection.php(486): Illuminate\\Database\\Connection->getReadPdo()
#8 C:\\wamp64\\www\\klaes\\vendor\\laravel\\framework\\src\\Illuminate\\Database\\Connection.php(414): Illuminate\\Database\\Connection->getPdoForSelect(true)
#9 C:\\wamp64\\www\\klaes\\vendor\\laravel\\framework\\src\\Illuminate\\Database\\Connection.php(753): Illuminate\\Database\\Connection->Illuminate\\Database\\{closure}('select top 1 * ...', Array)
#10 C:\\wamp64\\www\\klaes\\vendor\\laravel\\framework\\src\\Illuminate\\Database\\Connection.php(720): Illuminate\\Database\\Connection->runQueryCallback('select top 1 * ...', Array, Object(Closure))
#11 C:\\wamp64\\www\\klaes\\vendor\\laravel\\framework\\src\\Illuminate\\Database\\Connection.php(405): Illuminate\\Database\\Connection->run('select top 1 * ...', Array, Object(Closure))
#12 C:\\wamp64\\www\\klaes\\vendor\\laravel\\framework\\src\\Illuminate\\Database\\Query\\Builder.php(2705): Illuminate\\Database\\Connection->select('select top 1 * ...', Array, true)
#13 C:\\wamp64\\www\\klaes\\vendor\\laravel\\framework\\src\\Illuminate\\Database\\Query\\Builder.php(2694): Illuminate\\Database\\Query\\Builder->runSelect()
#14 C:\\wamp64\\www\\klaes\\vendor\\laravel\\framework\\src\\Illuminate\\Database\\Query\\Builder.php(3230): Illuminate\\Database\\Query\\Builder->Illuminate\\Database\\Query\\{closure}()
#15 C:\\wamp64\\www\\klaes\\vendor\\laravel\\framework\\src\\Illuminate\\Database\\Query\\Builder.php(2693): Illuminate\\Database\\Query\\Builder->onceWithColumns(Array, Object(Closure))
#16 C:\\wamp64\\www\\klaes\\vendor\\laravel\\framework\\src\\Illuminate\\Database\\Concerns\\BuildsQueries.php(296): Illuminate\\Database\\Query\\Builder->get(Array)
#17 C:\\wamp64\\www\\klaes\\vendor\\laravel\\framework\\src\\Illuminate\\Database\\Query\\Builder.php(2616): Illuminate\\Database\\Query\\Builder->first(Array)
#18 C:\\wamp64\\www\\klaes\\vendor\\laravel\\framework\\src\\Illuminate\\Session\\DatabaseSessionHandler.php(97): Illuminate\\Database\\Query\\Builder->find('foSTijZs8lj2Tkm...')
#19 C:\\wamp64\\www\\klaes\\vendor\\laravel\\framework\\src\\Illuminate\\Session\\Store.php(113): Illuminate\\Session\\DatabaseSessionHandler->read('foSTijZs8lj2Tkm...')
#20 C:\\wamp64\\www\\klaes\\vendor\\laravel\\framework\\src\\Illuminate\\Session\\Store.php(101): Illuminate\\Session\\Store->readFromHandler()
#21 C:\\wamp64\\www\\klaes\\vendor\\laravel\\framework\\src\\Illuminate\\Session\\Store.php(85): Illuminate\\Session\\Store->loadSession()
#22 C:\\wamp64\\www\\klaes\\vendor\\laravel\\framework\\src\\Illuminate\\Session\\Middleware\\StartSession.php(147): Illuminate\\Session\\Store->start()
#23 C:\\wamp64\\www\\klaes\\vendor\\laravel\\framework\\src\\Illuminate\\Support\\helpers.php(306): Illuminate\\Session\\Middleware\\StartSession->Illuminate\\Session\\Middleware\\{closure}(Object(Illuminate\\Session\\Store))
#24 C:\\wamp64\\www\\klaes\\vendor\\laravel\\framework\\src\\Illuminate\\Session\\Middleware\\StartSession.php(144): tap(Object(Illuminate\\Session\\Store), Object(Closure))
#25 C:\\wamp64\\www\\klaes\\vendor\\laravel\\framework\\src\\Illuminate\\Session\\Middleware\\StartSession.php(116): Illuminate\\Session\\Middleware\\StartSession->startSession(Object(Illuminate\\Http\\Request), Object(Illuminate\\Session\\Store))
#26 C:\\wamp64\\www\\klaes\\vendor\\laravel\\framework\\src\\Illuminate\\Session\\Middleware\\StartSession.php(64): Illuminate\\Session\\Middleware\\StartSession->handleStatefulRequest(Object(Illuminate\\Http\\Request), Object(Illuminate\\Session\\Store), Object(Closure))
#27 C:\\wamp64\\www\\klaes\\vendor\\laravel\\framework\\src\\Illuminate\\Pipeline\\Pipeline.php(180): Illuminate\\Session\\Middleware\\StartSession->handle(Object(Illuminate\\Http\\Request), Object(Closure))
#28 C:\\wamp64\\www\\klaes\\vendor\\laravel\\framework\\src\\Illuminate\\Cookie\\Middleware\\AddQueuedCookiesToResponse.php(37): Illuminate\\Pipeline\\Pipeline->Illuminate\\Pipeline\\{closure}(Object(Illuminate\\Http\\Request))
#29 C:\\wamp64\\www\\klaes\\vendor\\laravel\\framework\\src\\Illuminate\\Pipeline\\Pipeline.php(180): Illuminate\\Cookie\\Middleware\\AddQueuedCookiesToResponse->handle(Object(Illuminate\\Http\\Request), Object(Closure))
#30 C:\\wamp64\\www\\klaes\\vendor\\laravel\\framework\\src\\Illuminate\\Cookie\\Middleware\\EncryptCookies.php(67): Illuminate\\Pipeline\\Pipeline->Illuminate\\Pipeline\\{closure}(Object(Illuminate\\Http\\Request))
#31 C:\\wamp64\\www\\klaes\\vendor\\laravel\\framework\\src\\Illuminate\\Pipeline\\Pipeline.php(180): Illuminate\\Cookie\\Middleware\\EncryptCookies->handle(Object(Illuminate\\Http\\Request), Object(Closure))
#32 C:\\wamp64\\www\\klaes\\vendor\\laravel\\framework\\src\\Illuminate\\Pipeline\\Pipeline.php(116): Illuminate\\Pipeline\\Pipeline->Illuminate\\Pipeline\\{closure}(Object(Illuminate\\Http\\Request))
#33 C:\\wamp64\\www\\klaes\\vendor\\laravel\\framework\\src\\Illuminate\\Routing\\Router.php(797): Illuminate\\Pipeline\\Pipeline->then(Object(Closure))
#34 C:\\wamp64\\www\\klaes\\vendor\\laravel\\framework\\src\\Illuminate\\Routing\\Router.php(776): Illuminate\\Routing\\Router->runRouteWithinStack(Object(Illuminate\\Routing\\Route), Object(Illuminate\\Http\\Request))
#35 C:\\wamp64\\www\\klaes\\vendor\\laravel\\framework\\src\\Illuminate\\Routing\\Router.php(740): Illuminate\\Routing\\Router->runRoute(Object(Illuminate\\Http\\Request), Object(Illuminate\\Routing\\Route))
#36 C:\\wamp64\\www\\klaes\\vendor\\laravel\\framework\\src\\Illuminate\\Routing\\Router.php(729): Illuminate\\Routing\\Router->dispatchToRoute(Object(Illuminate\\Http\\Request))
#37 C:\\wamp64\\www\\klaes\\vendor\\laravel\\framework\\src\\Illuminate\\Foundation\\Http\\Kernel.php(190): Illuminate\\Routing\\Router->dispatch(Object(Illuminate\\Http\\Request))
#38 C:\\wamp64\\www\\klaes\\vendor\\laravel\\framework\\src\\Illuminate\\Pipeline\\Pipeline.php(141): Illuminate\\Foundation\\Http\\Kernel->Illuminate\\Foundation\\Http\\{closure}(Object(Illuminate\\Http\\Request))
#39 C:\\wamp64\\www\\klaes\\vendor\\livewire\\livewire\\src\\DisableBrowserCache.php(19): Illuminate\\Pipeline\\Pipeline->Illuminate\\Pipeline\\{closure}(Object(Illuminate\\Http\\Request))
#40 C:\\wamp64\\www\\klaes\\vendor\\laravel\\framework\\src\\Illuminate\\Pipeline\\Pipeline.php(180): Livewire\\DisableBrowserCache->handle(Object(Illuminate\\Http\\Request), Object(Closure))
#41 C:\\wamp64\\www\\klaes\\app\\Http\\Middleware\\Cors.php(23): Illuminate\\Pipeline\\Pipeline->Illuminate\\Pipeline\\{closure}(Object(Illuminate\\Http\\Request))
#42 C:\\wamp64\\www\\klaes\\vendor\\laravel\\framework\\src\\Illuminate\\Pipeline\\Pipeline.php(180): App\\Http\\Middleware\\Cors->handle(Object(Illuminate\\Http\\Request), Object(Closure))
#43 C:\\wamp64\\www\\klaes\\vendor\\laravel\\framework\\src\\Illuminate\\Foundation\\Http\\Middleware\\TransformsRequest.php(21): Illuminate\\Pipeline\\Pipeline->Illuminate\\Pipeline\\{closure}(Object(Illuminate\\Http\\Request))
#44 C:\\wamp64\\www\\klaes\\vendor\\laravel\\framework\\src\\Illuminate\\Foundation\\Http\\Middleware\\ConvertEmptyStringsToNull.php(31): Illuminate\\Foundation\\Http\\Middleware\\TransformsRequest->handle(Object(Illuminate\\Http\\Request), Object(Closure))
#45 C:\\wamp64\\www\\klaes\\vendor\\laravel\\framework\\src\\Illuminate\\Pipeline\\Pipeline.php(180): Illuminate\\Foundation\\Http\\Middleware\\ConvertEmptyStringsToNull->handle(Object(Illuminate\\Http\\Request), Object(Closure))
#46 C:\\wamp64\\www\\klaes\\vendor\\laravel\\framework\\src\\Illuminate\\Foundation\\Http\\Middleware\\TransformsRequest.php(21): Illuminate\\Pipeline\\Pipeline->Illuminate\\Pipeline\\{closure}(Object(Illuminate\\Http\\Request))
#47 C:\\wamp64\\www\\klaes\\vendor\\laravel\\framework\\src\\Illuminate\\Foundation\\Http\\Middleware\\TrimStrings.php(40): Illuminate\\Foundation\\Http\\Middleware\\TransformsRequest->handle(Object(Illuminate\\Http\\Request), Object(Closure))
#48 C:\\wamp64\\www\\klaes\\vendor\\laravel\\framework\\src\\Illuminate\\Pipeline\\Pipeline.php(180): Illuminate\\Foundation\\Http\\Middleware\\TrimStrings->handle(Object(Illuminate\\Http\\Request), Object(Closure))
#49 C:\\wamp64\\www\\klaes\\vendor\\laravel\\framework\\src\\Illuminate\\Foundation\\Http\\Middleware\\ValidatePostSize.php(27): Illuminate\\Pipeline\\Pipeline->Illuminate\\Pipeline\\{closure}(Object(Illuminate\\Http\\Request))
#50 C:\\wamp64\\www\\klaes\\vendor\\laravel\\framework\\src\\Illuminate\\Pipeline\\Pipeline.php(180): Illuminate\\Foundation\\Http\\Middleware\\ValidatePostSize->handle(Object(Illuminate\\Http\\Request), Object(Closure))
#51 C:\\wamp64\\www\\klaes\\vendor\\laravel\\framework\\src\\Illuminate\\Foundation\\Http\\Middleware\\PreventRequestsDuringMaintenance.php(86): Illuminate\\Pipeline\\Pipeline->Illuminate\\Pipeline\\{closure}(Object(Illuminate\\Http\\Request))
#52 C:\\wamp64\\www\\klaes\\vendor\\laravel\\framework\\src\\Illuminate\\Pipeline\\Pipeline.php(180): Illuminate\\Foundation\\Http\\Middleware\\PreventRequestsDuringMaintenance->handle(Object(Illuminate\\Http\\Request), Object(Closure))
#53 C:\\wamp64\\www\\klaes\\vendor\\laravel\\framework\\src\\Illuminate\\Http\\Middleware\\HandleCors.php(49): Illuminate\\Pipeline\\Pipeline->Illuminate\\Pipeline\\{closure}(Object(Illuminate\\Http\\Request))
#54 C:\\wamp64\\www\\klaes\\vendor\\laravel\\framework\\src\\Illuminate\\Pipeline\\Pipeline.php(180): Illuminate\\Http\\Middleware\\HandleCors->handle(Object(Illuminate\\Http\\Request), Object(Closure))
#55 C:\\wamp64\\www\\klaes\\vendor\\laravel\\framework\\src\\Illuminate\\Http\\Middleware\\TrustProxies.php(39): Illuminate\\Pipeline\\Pipeline->Illuminate\\Pipeline\\{closure}(Object(Illuminate\\Http\\Request))
#56 C:\\wamp64\\www\\klaes\\vendor\\laravel\\framework\\src\\Illuminate\\Pipeline\\Pipeline.php(180): Illuminate\\Http\\Middleware\\TrustProxies->handle(Object(Illuminate\\Http\\Request), Object(Closure))
#57 C:\\wamp64\\www\\klaes\\vendor\\laravel\\framework\\src\\Illuminate\\Pipeline\\Pipeline.php(116): Illuminate\\Pipeline\\Pipeline->Illuminate\\Pipeline\\{closure}(Object(Illuminate\\Http\\Request))
#58 C:\\wamp64\\www\\klaes\\vendor\\laravel\\framework\\src\\Illuminate\\Foundation\\Http\\Kernel.php(165): Illuminate\\Pipeline\\Pipeline->then(Object(Closure))
#59 C:\\wamp64\\www\\klaes\\vendor\\laravel\\framework\\src\\Illuminate\\Foundation\\Http\\Kernel.php(134): Illuminate\\Foundation\\Http\\Kernel->sendRequestThroughRouter(Object(Illuminate\\Http\\Request))
#60 C:\\wamp64\\www\\klaes\\public\\index.php(54): Illuminate\\Foundation\\Http\\Kernel->handle(Object(Illuminate\\Http\\Request))
#61 C:\\wamp64\\www\\klaes\\vendor\\laravel\\framework\\src\\Illuminate\\Foundation\\resources\\server.php(16): require_once('C:\\\\wamp64\\\\www\\\\k...')
#62 {main}
"} 
[2026-05-19 22:13:23] local.ERROR: SQLSTATE[08001]: [Microsoft][ODBC Driver 17 for SQL Server]TCP Provider: The wait operation timed out.
 (SQL: select top 1 * from [sessions] where [id] = foSTijZs8lj2TkmDW0dNBMXaTLtSsEpSEwMppuC6) {"exception":"[object] (Illuminate\\Database\\QueryException(code: 08001): SQLSTATE[08001]: [Microsoft][ODBC Driver 17 for SQL Server]TCP Provider: The wait operation timed out.

 (SQL: select top 1 * from [sessions] where [id] = foSTijZs8lj2TkmDW0dNBMXaTLtSsEpSEwMppuC6) at C:\\wamp64\\www\\klaes\\vendor\\laravel\\framework\\src\\Illuminate\\Database\\Connection.php:760)
[stacktrace]
#0 C:\\wamp64\\www\\klaes\\vendor\\laravel\\framework\\src\\Illuminate\\Database\\Connection.php(720): Illuminate\\Database\\Connection->runQueryCallback('select top 1 * ...', Array, Object(Closure))
#1 C:\\wamp64\\www\\klaes\\vendor\\laravel\\framework\\src\\Illuminate\\Database\\Connection.php(405): Illuminate\\Database\\Connection->run('select top 1 * ...', Array, Object(Closure))
#2 C:\\wamp64\\www\\klaes\\vendor\\laravel\\framework\\src\\Illuminate\\Database\\Query\\Builder.php(2705): Illuminate\\Database\\Connection->select('select top 1 * ...', Array, true)
#3 C:\\wamp64\\www\\klaes\\vendor\\laravel\\framework\\src\\Illuminate\\Database\\Query\\Builder.php(2694): Illuminate\\Database\\Query\\Builder->runSelect()
#4 C:\\wamp64\\www\\klaes\\vendor\\laravel\\framework\\src\\Illuminate\\Database\\Query\\Builder.php(3230): Illuminate\\Database\\Query\\Builder->Illuminate\\Database\\Query\\{closure}()
#5 C:\\wamp64\\www\\klaes\\vendor\\laravel\\framework\\src\\Illuminate\\Database\\Query\\Builder.php(2693): Illuminate\\Database\\Query\\Builder->onceWithColumns(Array, Object(Closure))
#6 C:\\wamp64\\www\\klaes\\vendor\\laravel\\framework\\src\\Illuminate\\Database\\Concerns\\BuildsQueries.php(296): Illuminate\\Database\\Query\\Builder->get(Array)
#7 C:\\wamp64\\www\\klaes\\vendor\\laravel\\framework\\src\\Illuminate\\Database\\Query\\Builder.php(2616): Illuminate\\Database\\Query\\Builder->first(Array)
#8 C:\\wamp64\\www\\klaes\\vendor\\laravel\\framework\\src\\Illuminate\\Session\\DatabaseSessionHandler.php(97): Illuminate\\Database\\Query\\Builder->find('foSTijZs8lj2Tkm...')
#9 C:\\wamp64\\www\\klaes\\vendor\\laravel\\framework\\src\\Illuminate\\Session\\Store.php(113): Illuminate\\Session\\DatabaseSessionHandler->read('foSTijZs8lj2Tkm...')
#10 C:\\wamp64\\www\\klaes\\vendor\\laravel\\framework\\src\\Illuminate\\Session\\Store.php(101): Illuminate\\Session\\Store->readFromHandler()
#11 C:\\wamp64\\www\\klaes\\vendor\\laravel\\framework\\src\\Illuminate\\Session\\Store.php(85): Illuminate\\Session\\Store->loadSession()
#12 C:\\wamp64\\www\\klaes\\vendor\\laravel\\framework\\src\\Illuminate\\Session\\Middleware\\StartSession.php(147): Illuminate\\Session\\Store->start()
#13 C:\\wamp64\\www\\klaes\\vendor\\laravel\\framework\\src\\Illuminate\\Support\\helpers.php(306): Illuminate\\Session\\Middleware\\StartSession->Illuminate\\Session\\Middleware\\{closure}(Object(Illuminate\\Session\\Store))
#14 C:\\wamp64\\www\\klaes\\vendor\\laravel\\framework\\src\\Illuminate\\Session\\Middleware\\StartSession.php(144): tap(Object(Illuminate\\Session\\Store), Object(Closure))
#15 C:\\wamp64\\www\\klaes\\vendor\\laravel\\framework\\src\\Illuminate\\Session\\Middleware\\StartSession.php(116): Illuminate\\Session\\Middleware\\StartSession->startSession(Object(Illuminate\\Http\\Request), Object(Illuminate\\Session\\Store))
#16 C:\\wamp64\\www\\klaes\\vendor\\laravel\\framework\\src\\Illuminate\\Session\\Middleware\\StartSession.php(64): Illuminate\\Session\\Middleware\\StartSession->handleStatefulRequest(Object(Illuminate\\Http\\Request), Object(Illuminate\\Session\\Store), Object(Closure))
#17 C:\\wamp64\\www\\klaes\\vendor\\laravel\\framework\\src\\Illuminate\\Pipeline\\Pipeline.php(180): Illuminate\\Session\\Middleware\\StartSession->handle(Object(Illuminate\\Http\\Request), Object(Closure))
#18 C:\\wamp64\\www\\klaes\\vendor\\laravel\\framework\\src\\Illuminate\\Cookie\\Middleware\\AddQueuedCookiesToResponse.php(37): Illuminate\\Pipeline\\Pipeline->Illuminate\\Pipeline\\{closure}(Object(Illuminate\\Http\\Request))
#19 C:\\wamp64\\www\\klaes\\vendor\\laravel\\framework\\src\\Illuminate\\Pipeline\\Pipeline.php(180): Illuminate\\Cookie\\Middleware\\AddQueuedCookiesToResponse->handle(Object(Illuminate\\Http\\Request), Object(Closure))
#20 C:\\wamp64\\www\\klaes\\vendor\\laravel\\framework\\src\\Illuminate\\Cookie\\Middleware\\EncryptCookies.php(67): Illuminate\\Pipeline\\Pipeline->Illuminate\\Pipeline\\{closure}(Object(Illuminate\\Http\\Request))
#21 C:\\wamp64\\www\\klaes\\vendor\\laravel\\framework\\src\\Illuminate\\Pipeline\\Pipeline.php(180): Illuminate\\Cookie\\Middleware\\EncryptCookies->handle(Object(Illuminate\\Http\\Request), Object(Closure))
#22 C:\\wamp64\\www\\klaes\\vendor\\laravel\\framework\\src\\Illuminate\\Pipeline\\Pipeline.php(116): Illuminate\\Pipeline\\Pipeline->Illuminate\\Pipeline\\{closure}(Object(Illuminate\\Http\\Request))
#23 C:\\wamp64\\www\\klaes\\vendor\\laravel\\framework\\src\\Illuminate\\Routing\\Router.php(797): Illuminate\\Pipeline\\Pipeline->then(Object(Closure))
#24 C:\\wamp64\\www\\klaes\\vendor\\laravel\\framework\\src\\Illuminate\\Routing\\Router.php(776): Illuminate\\Routing\\Router->runRouteWithinStack(Object(Illuminate\\Routing\\Route), Object(Illuminate\\Http\\Request))
#25 C:\\wamp64\\www\\klaes\\vendor\\laravel\\framework\\src\\Illuminate\\Routing\\Router.php(740): Illuminate\\Routing\\Router->runRoute(Object(Illuminate\\Http\\Request), Object(Illuminate\\Routing\\Route))
#26 C:\\wamp64\\www\\klaes\\vendor\\laravel\\framework\\src\\Illuminate\\Routing\\Router.php(729): Illuminate\\Routing\\Router->dispatchToRoute(Object(Illuminate\\Http\\Request))
#27 C:\\wamp64\\www\\klaes\\vendor\\laravel\\framework\\src\\Illuminate\\Foundation\\Http\\Kernel.php(190): Illuminate\\Routing\\Router->dispatch(Object(Illuminate\\Http\\Request))
#28 C:\\wamp64\\www\\klaes\\vendor\\laravel\\framework\\src\\Illuminate\\Pipeline\\Pipeline.php(141): Illuminate\\Foundation\\Http\\Kernel->Illuminate\\Foundation\\Http\\{closure}(Object(Illuminate\\Http\\Request))
#29 C:\\wamp64\\www\\klaes\\vendor\\livewire\\livewire\\src\\DisableBrowserCache.php(19): Illuminate\\Pipeline\\Pipeline->Illuminate\\Pipeline\\{closure}(Object(Illuminate\\Http\\Request))
#30 C:\\wamp64\\www\\klaes\\vendor\\laravel\\framework\\src\\Illuminate\\Pipeline\\Pipeline.php(180): Livewire\\DisableBrowserCache->handle(Object(Illuminate\\Http\\Request), Object(Closure))
#31 C:\\wamp64\\www\\klaes\\app\\Http\\Middleware\\Cors.php(23): Illuminate\\Pipeline\\Pipeline->Illuminate\\Pipeline\\{closure}(Object(Illuminate\\Http\\Request))
#32 C:\\wamp64\\www\\klaes\\vendor\\laravel\\framework\\src\\Illuminate\\Pipeline\\Pipeline.php(180): App\\Http\\Middleware\\Cors->handle(Object(Illuminate\\Http\\Request), Object(Closure))
#33 C:\\wamp64\\www\\klaes\\vendor\\laravel\\framework\\src\\Illuminate\\Foundation\\Http\\Middleware\\TransformsRequest.php(21): Illuminate\\Pipeline\\Pipeline->Illuminate\\Pipeline\\{closure}(Object(Illuminate\\Http\\Request))
#34 C:\\wamp64\\www\\klaes\\vendor\\laravel\\framework\\src\\Illuminate\\Foundation\\Http\\Middleware\\ConvertEmptyStringsToNull.php(31): Illuminate\\Foundation\\Http\\Middleware\\TransformsRequest->handle(Object(Illuminate\\Http\\Request), Object(Closure))
#35 C:\\wamp64\\www\\klaes\\vendor\\laravel\\framework\\src\\Illuminate\\Pipeline\\Pipeline.php(180): Illuminate\\Foundation\\Http\\Middleware\\ConvertEmptyStringsToNull->handle(Object(Illuminate\\Http\\Request), Object(Closure))
#36 C:\\wamp64\\www\\klaes\\vendor\\laravel\\framework\\src\\Illuminate\\Foundation\\Http\\Middleware\\TransformsRequest.php(21): Illuminate\\Pipeline\\Pipeline->Illuminate\\Pipeline\\{closure}(Object(Illuminate\\Http\\Request))
#37 C:\\wamp64\\www\\klaes\\vendor\\laravel\\framework\\src\\Illuminate\\Foundation\\Http\\Middleware\\TrimStrings.php(40): Illuminate\\Foundation\\Http\\Middleware\\TransformsRequest->handle(Object(Illuminate\\Http\\Request), Object(Closure))
#38 C:\\wamp64\\www\\klaes\\vendor\\laravel\\framework\\src\\Illuminate\\Pipeline\\Pipeline.php(180): Illuminate\\Foundation\\Http\\Middleware\\TrimStrings->handle(Object(Illuminate\\Http\\Request), Object(Closure))
#39 C:\\wamp64\\www\\klaes\\vendor\\laravel\\framework\\src\\Illuminate\\Foundation\\Http\\Middleware\\ValidatePostSize.php(27): Illuminate\\Pipeline\\Pipeline->Illuminate\\Pipeline\\{closure}(Object(Illuminate\\Http\\Request))
#40 C:\\wamp64\\www\\klaes\\vendor\\laravel\\framework\\src\\Illuminate\\Pipeline\\Pipeline.php(180): Illuminate\\Foundation\\Http\\Middleware\\ValidatePostSize->handle(Object(Illuminate\\Http\\Request), Object(Closure))
#41 C:\\wamp64\\www\\klaes\\vendor\\laravel\\framework\\src\\Illuminate\\Foundation\\Http\\Middleware\\PreventRequestsDuringMaintenance.php(86): Illuminate\\Pipeline\\Pipeline->Illuminate\\Pipeline\\{closure}(Object(Illuminate\\Http\\Request))
#42 C:\\wamp64\\www\\klaes\\vendor\\laravel\\framework\\src\\Illuminate\\Pipeline\\Pipeline.php(180): Illuminate\\Foundation\\Http\\Middleware\\PreventRequestsDuringMaintenance->handle(Object(Illuminate\\Http\\Request), Object(Closure))
#43 C:\\wamp64\\www\\klaes\\vendor\\laravel\\framework\\src\\Illuminate\\Http\\Middleware\\HandleCors.php(49): Illuminate\\Pipeline\\Pipeline->Illuminate\\Pipeline\\{closure}(Object(Illuminate\\Http\\Request))
#44 C:\\wamp64\\www\\klaes\\vendor\\laravel\\framework\\src\\Illuminate\\Pipeline\\Pipeline.php(180): Illuminate\\Http\\Middleware\\HandleCors->handle(Object(Illuminate\\Http\\Request), Object(Closure))
#45 C:\\wamp64\\www\\klaes\\vendor\\laravel\\framework\\src\\Illuminate\\Http\\Middleware\\TrustProxies.php(39): Illuminate\\Pipeline\\Pipeline->Illuminate\\Pipeline\\{closure}(Object(Illuminate\\Http\\Request))
#46 C:\\wamp64\\www\\klaes\\vendor\\laravel\\framework\\src\\Illuminate\\Pipeline\\Pipeline.php(180): Illuminate\\Http\\Middleware\\TrustProxies->handle(Object(Illuminate\\Http\\Request), Object(Closure))
#47 C:\\wamp64\\www\\klaes\\vendor\\laravel\\framework\\src\\Illuminate\\Pipeline\\Pipeline.php(116): Illuminate\\Pipeline\\Pipeline->Illuminate\\Pipeline\\{closure}(Object(Illuminate\\Http\\Request))
#48 C:\\wamp64\\www\\klaes\\vendor\\laravel\\framework\\src\\Illuminate\\Foundation\\Http\\Kernel.php(165): Illuminate\\Pipeline\\Pipeline->then(Object(Closure))
#49 C:\\wamp64\\www\\klaes\\vendor\\laravel\\framework\\src\\Illuminate\\Foundation\\Http\\Kernel.php(134): Illuminate\\Foundation\\Http\\Kernel->sendRequestThroughRouter(Object(Illuminate\\Http\\Request))
#50 C:\\wamp64\\www\\klaes\\public\\index.php(54): Illuminate\\Foundation\\Http\\Kernel->handle(Object(Illuminate\\Http\\Request))
#51 C:\\wamp64\\www\\klaes\\vendor\\laravel\\framework\\src\\Illuminate\\Foundation\\resources\\server.php(16): require_once('C:\\\\wamp64\\\\www\\\\k...')
#52 {main}

[previous exception] [object] (PDOException(code: 08001): SQLSTATE[08001]: [Microsoft][ODBC Driver 17 for SQL Server]TCP Provider: The wait operation timed out.

 at C:\\wamp64\\www\\klaes\\vendor\\laravel\\framework\\src\\Illuminate\\Database\\Connectors\\Connector.php:70)
[stacktrace]
#0 C:\\wamp64\\www\\klaes\\vendor\\laravel\\framework\\src\\Illuminate\\Database\\Connectors\\Connector.php(70): PDO->__construct('sqlsrv:Server=1...', 'klaesDb', Object(SensitiveParameterValue), Array)
#1 C:\\wamp64\\www\\klaes\\vendor\\laravel\\framework\\src\\Illuminate\\Database\\Connectors\\Connector.php(45): Illuminate\\Database\\Connectors\\Connector->createPdoConnection('sqlsrv:Server=1...', 'klaesDb', 'KlasdbStrongPas...', Array)
#2 C:\\wamp64\\www\\klaes\\vendor\\laravel\\framework\\src\\Illuminate\\Database\\Connectors\\SqlServerConnector.php(32): Illuminate\\Database\\Connectors\\Connector->createConnection('sqlsrv:Server=1...', Array, Array)
#3 C:\\wamp64\\www\\klaes\\vendor\\laravel\\framework\\src\\Illuminate\\Database\\Connectors\\ConnectionFactory.php(184): Illuminate\\Database\\Connectors\\SqlServerConnector->connect(Array)
#4 [internal function]: Illuminate\\Database\\Connectors\\ConnectionFactory->Illuminate\\Database\\Connectors\\{closure}()
#5 C:\\wamp64\\www\\klaes\\vendor\\laravel\\framework\\src\\Illuminate\\Database\\Connection.php(1181): call_user_func(Object(Closure))
#6 C:\\wamp64\\www\\klaes\\vendor\\laravel\\framework\\src\\Illuminate\\Database\\Connection.php(1217): Illuminate\\Database\\Connection->getPdo()
#7 C:\\wamp64\\www\\klaes\\vendor\\laravel\\framework\\src\\Illuminate\\Database\\Connection.php(486): Illuminate\\Database\\Connection->getReadPdo()
#8 C:\\wamp64\\www\\klaes\\vendor\\laravel\\framework\\src\\Illuminate\\Database\\Connection.php(414): Illuminate\\Database\\Connection->getPdoForSelect(true)
#9 C:\\wamp64\\www\\klaes\\vendor\\laravel\\framework\\src\\Illuminate\\Database\\Connection.php(753): Illuminate\\Database\\Connection->Illuminate\\Database\\{closure}('select top 1 * ...', Array)
#10 C:\\wamp64\\www\\klaes\\vendor\\laravel\\framework\\src\\Illuminate\\Database\\Connection.php(720): Illuminate\\Database\\Connection->runQueryCallback('select top 1 * ...', Array, Object(Closure))
#11 C:\\wamp64\\www\\klaes\\vendor\\laravel\\framework\\src\\Illuminate\\Database\\Connection.php(405): Illuminate\\Database\\Connection->run('select top 1 * ...', Array, Object(Closure))
#12 C:\\wamp64\\www\\klaes\\vendor\\laravel\\framework\\src\\Illuminate\\Database\\Query\\Builder.php(2705): Illuminate\\Database\\Connection->select('select top 1 * ...', Array, true)
#13 C:\\wamp64\\www\\klaes\\vendor\\laravel\\framework\\src\\Illuminate\\Database\\Query\\Builder.php(2694): Illuminate\\Database\\Query\\Builder->runSelect()
#14 C:\\wamp64\\www\\klaes\\vendor\\laravel\\framework\\src\\Illuminate\\Database\\Query\\Builder.php(3230): Illuminate\\Database\\Query\\Builder->Illuminate\\Database\\Query\\{closure}()
#15 C:\\wamp64\\www\\klaes\\vendor\\laravel\\framework\\src\\Illuminate\\Database\\Query\\Builder.php(2693): Illuminate\\Database\\Query\\Builder->onceWithColumns(Array, Object(Closure))
#16 C:\\wamp64\\www\\klaes\\vendor\\laravel\\framework\\src\\Illuminate\\Database\\Concerns\\BuildsQueries.php(296): Illuminate\\Database\\Query\\Builder->get(Array)
#17 C:\\wamp64\\www\\klaes\\vendor\\laravel\\framework\\src\\Illuminate\\Database\\Query\\Builder.php(2616): Illuminate\\Database\\Query\\Builder->first(Array)
#18 C:\\wamp64\\www\\klaes\\vendor\\laravel\\framework\\src\\Illuminate\\Session\\DatabaseSessionHandler.php(97): Illuminate\\Database\\Query\\Builder->find('foSTijZs8lj2Tkm...')
#19 C:\\wamp64\\www\\klaes\\vendor\\laravel\\framework\\src\\Illuminate\\Session\\Store.php(113): Illuminate\\Session\\DatabaseSessionHandler->read('foSTijZs8lj2Tkm...')
#20 C:\\wamp64\\www\\klaes\\vendor\\laravel\\framework\\src\\Illuminate\\Session\\Store.php(101): Illuminate\\Session\\Store->readFromHandler()
#21 C:\\wamp64\\www\\klaes\\vendor\\laravel\\framework\\src\\Illuminate\\Session\\Store.php(85): Illuminate\\Session\\Store->loadSession()
#22 C:\\wamp64\\www\\klaes\\vendor\\laravel\\framework\\src\\Illuminate\\Session\\Middleware\\StartSession.php(147): Illuminate\\Session\\Store->start()
#23 C:\\wamp64\\www\\klaes\\vendor\\laravel\\framework\\src\\Illuminate\\Support\\helpers.php(306): Illuminate\\Session\\Middleware\\StartSession->Illuminate\\Session\\Middleware\\{closure}(Object(Illuminate\\Session\\Store))
#24 C:\\wamp64\\www\\klaes\\vendor\\laravel\\framework\\src\\Illuminate\\Session\\Middleware\\StartSession.php(144): tap(Object(Illuminate\\Session\\Store), Object(Closure))
#25 C:\\wamp64\\www\\klaes\\vendor\\laravel\\framework\\src\\Illuminate\\Session\\Middleware\\StartSession.php(116): Illuminate\\Session\\Middleware\\StartSession->startSession(Object(Illuminate\\Http\\Request), Object(Illuminate\\Session\\Store))
#26 C:\\wamp64\\www\\klaes\\vendor\\laravel\\framework\\src\\Illuminate\\Session\\Middleware\\StartSession.php(64): Illuminate\\Session\\Middleware\\StartSession->handleStatefulRequest(Object(Illuminate\\Http\\Request), Object(Illuminate\\Session\\Store), Object(Closure))
#27 C:\\wamp64\\www\\klaes\\vendor\\laravel\\framework\\src\\Illuminate\\Pipeline\\Pipeline.php(180): Illuminate\\Session\\Middleware\\StartSession->handle(Object(Illuminate\\Http\\Request), Object(Closure))
#28 C:\\wamp64\\www\\klaes\\vendor\\laravel\\framework\\src\\Illuminate\\Cookie\\Middleware\\AddQueuedCookiesToResponse.php(37): Illuminate\\Pipeline\\Pipeline->Illuminate\\Pipeline\\{closure}(Object(Illuminate\\Http\\Request))
#29 C:\\wamp64\\www\\klaes\\vendor\\laravel\\framework\\src\\Illuminate\\Pipeline\\Pipeline.php(180): Illuminate\\Cookie\\Middleware\\AddQueuedCookiesToResponse->handle(Object(Illuminate\\Http\\Request), Object(Closure))
#30 C:\\wamp64\\www\\klaes\\vendor\\laravel\\framework\\src\\Illuminate\\Cookie\\Middleware\\EncryptCookies.php(67): Illuminate\\Pipeline\\Pipeline->Illuminate\\Pipeline\\{closure}(Object(Illuminate\\Http\\Request))
#31 C:\\wamp64\\www\\klaes\\vendor\\laravel\\framework\\src\\Illuminate\\Pipeline\\Pipeline.php(180): Illuminate\\Cookie\\Middleware\\EncryptCookies->handle(Object(Illuminate\\Http\\Request), Object(Closure))
#32 C:\\wamp64\\www\\klaes\\vendor\\laravel\\framework\\src\\Illuminate\\Pipeline\\Pipeline.php(116): Illuminate\\Pipeline\\Pipeline->Illuminate\\Pipeline\\{closure}(Object(Illuminate\\Http\\Request))
#33 C:\\wamp64\\www\\klaes\\vendor\\laravel\\framework\\src\\Illuminate\\Routing\\Router.php(797): Illuminate\\Pipeline\\Pipeline->then(Object(Closure))
#34 C:\\wamp64\\www\\klaes\\vendor\\laravel\\framework\\src\\Illuminate\\Routing\\Router.php(776): Illuminate\\Routing\\Router->runRouteWithinStack(Object(Illuminate\\Routing\\Route), Object(Illuminate\\Http\\Request))
#35 C:\\wamp64\\www\\klaes\\vendor\\laravel\\framework\\src\\Illuminate\\Routing\\Router.php(740): Illuminate\\Routing\\Router->runRoute(Object(Illuminate\\Http\\Request), Object(Illuminate\\Routing\\Route))
#36 C:\\wamp64\\www\\klaes\\vendor\\laravel\\framework\\src\\Illuminate\\Routing\\Router.php(729): Illuminate\\Routing\\Router->dispatchToRoute(Object(Illuminate\\Http\\Request))
#37 C:\\wamp64\\www\\klaes\\vendor\\laravel\\framework\\src\\Illuminate\\Foundation\\Http\\Kernel.php(190): Illuminate\\Routing\\Router->dispatch(Object(Illuminate\\Http\\Request))
#38 C:\\wamp64\\www\\klaes\\vendor\\laravel\\framework\\src\\Illuminate\\Pipeline\\Pipeline.php(141): Illuminate\\Foundation\\Http\\Kernel->Illuminate\\Foundation\\Http\\{closure}(Object(Illuminate\\Http\\Request))
#39 C:\\wamp64\\www\\klaes\\vendor\\livewire\\livewire\\src\\DisableBrowserCache.php(19): Illuminate\\Pipeline\\Pipeline->Illuminate\\Pipeline\\{closure}(Object(Illuminate\\Http\\Request))
#40 C:\\wamp64\\www\\klaes\\vendor\\laravel\\framework\\src\\Illuminate\\Pipeline\\Pipeline.php(180): Livewire\\DisableBrowserCache->handle(Object(Illuminate\\Http\\Request), Object(Closure))
#41 C:\\wamp64\\www\\klaes\\app\\Http\\Middleware\\Cors.php(23): Illuminate\\Pipeline\\Pipeline->Illuminate\\Pipeline\\{closure}(Object(Illuminate\\Http\\Request))
#42 C:\\wamp64\\www\\klaes\\vendor\\laravel\\framework\\src\\Illuminate\\Pipeline\\Pipeline.php(180): App\\Http\\Middleware\\Cors->handle(Object(Illuminate\\Http\\Request), Object(Closure))
#43 C:\\wamp64\\www\\klaes\\vendor\\laravel\\framework\\src\\Illuminate\\Foundation\\Http\\Middleware\\TransformsRequest.php(21): Illuminate\\Pipeline\\Pipeline->Illuminate\\Pipeline\\{closure}(Object(Illuminate\\Http\\Request))
#44 C:\\wamp64\\www\\klaes\\vendor\\laravel\\framework\\src\\Illuminate\\Foundation\\Http\\Middleware\\ConvertEmptyStringsToNull.php(31): Illuminate\\Foundation\\Http\\Middleware\\TransformsRequest->handle(Object(Illuminate\\Http\\Request), Object(Closure))
#45 C:\\wamp64\\www\\klaes\\vendor\\laravel\\framework\\src\\Illuminate\\Pipeline\\Pipeline.php(180): Illuminate\\Foundation\\Http\\Middleware\\ConvertEmptyStringsToNull->handle(Object(Illuminate\\Http\\Request), Object(Closure))
#46 C:\\wamp64\\www\\klaes\\vendor\\laravel\\framework\\src\\Illuminate\\Foundation\\Http\\Middleware\\TransformsRequest.php(21): Illuminate\\Pipeline\\Pipeline->Illuminate\\Pipeline\\{closure}(Object(Illuminate\\Http\\Request))
#47 C:\\wamp64\\www\\klaes\\vendor\\laravel\\framework\\src\\Illuminate\\Foundation\\Http\\Middleware\\TrimStrings.php(40): Illuminate\\Foundation\\Http\\Middleware\\TransformsRequest->handle(Object(Illuminate\\Http\\Request), Object(Closure))
#48 C:\\wamp64\\www\\klaes\\vendor\\laravel\\framework\\src\\Illuminate\\Pipeline\\Pipeline.php(180): Illuminate\\Foundation\\Http\\Middleware\\TrimStrings->handle(Object(Illuminate\\Http\\Request), Object(Closure))
#49 C:\\wamp64\\www\\klaes\\vendor\\laravel\\framework\\src\\Illuminate\\Foundation\\Http\\Middleware\\ValidatePostSize.php(27): Illuminate\\Pipeline\\Pipeline->Illuminate\\Pipeline\\{closure}(Object(Illuminate\\Http\\Request))
#50 C:\\wamp64\\www\\klaes\\vendor\\laravel\\framework\\src\\Illuminate\\Pipeline\\Pipeline.php(180): Illuminate\\Foundation\\Http\\Middleware\\ValidatePostSize->handle(Object(Illuminate\\Http\\Request), Object(Closure))
#51 C:\\wamp64\\www\\klaes\\vendor\\laravel\\framework\\src\\Illuminate\\Foundation\\Http\\Middleware\\PreventRequestsDuringMaintenance.php(86): Illuminate\\Pipeline\\Pipeline->Illuminate\\Pipeline\\{closure}(Object(Illuminate\\Http\\Request))
#52 C:\\wamp64\\www\\klaes\\vendor\\laravel\\framework\\src\\Illuminate\\Pipeline\\Pipeline.php(180): Illuminate\\Foundation\\Http\\Middleware\\PreventRequestsDuringMaintenance->handle(Object(Illuminate\\Http\\Request), Object(Closure))
#53 C:\\wamp64\\www\\klaes\\vendor\\laravel\\framework\\src\\Illuminate\\Http\\Middleware\\HandleCors.php(49): Illuminate\\Pipeline\\Pipeline->Illuminate\\Pipeline\\{closure}(Object(Illuminate\\Http\\Request))
#54 C:\\wamp64\\www\\klaes\\vendor\\laravel\\framework\\src\\Illuminate\\Pipeline\\Pipeline.php(180): Illuminate\\Http\\Middleware\\HandleCors->handle(Object(Illuminate\\Http\\Request), Object(Closure))
#55 C:\\wamp64\\www\\klaes\\vendor\\laravel\\framework\\src\\Illuminate\\Http\\Middleware\\TrustProxies.php(39): Illuminate\\Pipeline\\Pipeline->Illuminate\\Pipeline\\{closure}(Object(Illuminate\\Http\\Request))
#56 C:\\wamp64\\www\\klaes\\vendor\\laravel\\framework\\src\\Illuminate\\Pipeline\\Pipeline.php(180): Illuminate\\Http\\Middleware\\TrustProxies->handle(Object(Illuminate\\Http\\Request), Object(Closure))
#57 C:\\wamp64\\www\\klaes\\vendor\\laravel\\framework\\src\\Illuminate\\Pipeline\\Pipeline.php(116): Illuminate\\Pipeline\\Pipeline->Illuminate\\Pipeline\\{closure}(Object(Illuminate\\Http\\Request))
#58 C:\\wamp64\\www\\klaes\\vendor\\laravel\\framework\\src\\Illuminate\\Foundation\\Http\\Kernel.php(165): Illuminate\\Pipeline\\Pipeline->then(Object(Closure))
#59 C:\\wamp64\\www\\klaes\\vendor\\laravel\\framework\\src\\Illuminate\\Foundation\\Http\\Kernel.php(134): Illuminate\\Foundation\\Http\\Kernel->sendRequestThroughRouter(Object(Illuminate\\Http\\Request))
#60 C:\\wamp64\\www\\klaes\\public\\index.php(54): Illuminate\\Foundation\\Http\\Kernel->handle(Object(Illuminate\\Http\\Request))
#61 C:\\wamp64\\www\\klaes\\vendor\\laravel\\framework\\src\\Illuminate\\Foundation\\resources\\server.php(16): require_once('C:\\\\wamp64\\\\www\\\\k...')
#62 {main}
"} 
